Session,Condition,Participant,PartnerType,CoopBehavior,RecognitionHits,RecognitionFalseAlarms,CoopEvaluation,Categorization,AccuracyRate,ChanceLevel
1,DefectorsRare,1,defector,45.0,100.0,0.0,48.3,50.0,50.0,25.0
1,DefectorsRare,4,defector,40.0,75.0,0.0,50.0,0.0,0.0,0.0
1,DefectorsRare,9,defector,10.0,100.0,0.0,n/a,100.0,100.0,95.0
1,DefectorsRare,12,defector,52.5,50.0,0.0,36.3,50.0,0.0,29.4
1,DefectorsRare,18,defector,37.5,100.0,0.0,21.5,100.0,100.0,60.0
1,DefectorsRare,19,defector,25.0,100.0,0.0,6.3,100.0,100.0,75.0
1,DefectorsRare,24,defector,25.0,100.0,0.0,0.0,100.0,100.0,20.0
1,DefectorsRare,27,defector,35.0,100.0,0.0,0.0,100.0,100.0,20.0
1,DefectorsRare,30,defector,27.5,100.0,0.0,2.5,100.0,100.0,65.0
1,DefectorsRare,33,defector,35.0,100.0,0.0,0.0,100.0,100.0,20.0
1,DefectorsRare,36,defector,15.0,100.0,0.0,2.5,100.0,100.0,66.7
1,DefectorsRare,40,defector,40.0,100.0,0.0,42.5,100.0,100.0,26.3
1,DefectorsRare,44,defector,20.0,100.0,0.0,0.0,100.0,100.0,20.0
1,DefectorsRare,46,defector,12.5,100.0,0.0,0.0,100.0,100.0,85.0
1,DefectorsRare,50,defector,27.5,100.0,0.0,2.5,100.0,100.0,55.0
1,DefectorsRare,52,defector,32.5,100.0,0.0,25.0,100.0,100.0,100.0
1,DefectorsRare,57,defector,25.0,100.0,0.0,0.0,100.0,100.0,30.0
1,DefectorsRare,58,defector,22.5,100.0,0.0,32.5,100.0,100.0,65.0
1,DefectorsRare,61,defector,27.5,100.0,0.0,0.0,100.0,100.0,70.0
1,DefectorsRare,65,defector,5.0,100.0,0.0,1.3,100.0,100.0,65.0
1,DefectorsRare,67,defector,37.5,100.0,0.0,8.5,100.0,100.0,25.0
1,DefectorsRare,71,defector,10.0,100.0,0.0,37.5,50.0,50.0,55.0
1,DefectorsRare,73,defector,27.5,100.0,0.0,25.0,75.0,75.0,25.0
1,DefectorsRare,78,defector,37.5,100.0,0.0,45.0,50.0,50.0,15.0
1,DefectorsRare,79,defector,45.0,100.0,0.0,16.3,100.0,100.0,20.0
1,DefectorsRare,84,defector,15.0,100.0,0.0,0.0,100.0,100.0,30.0
1,DefectorsRare,91,defector,37.5,100.0,0.0,31.3,100.0,100.0,30.0
1,DefectorsRare,96,defector,80.0,100.0,25.0,50.5,25.0,25.0,9.1
1,DefectorsRare,98,defector,35.0,100.0,0.0,0.8,75.0,75.0,15.0
1,DefectorsRare,101,defector,37.5,100.0,0.0,0.0,100.0,100.0,20.0
1,DefectorsRare,103,defector,10.0,100.0,0.0,0.0,100.0,100.0,19.0
1,DefectorsRare,106,defector,17.5,100.0,0.0,42.5,75.0,75.0,50.0
1,DefectorsRare,111,defector,60.0,100.0,0.0,0.0,100.0,100.0,20.0
1,DefectorsRare,114,defector,40.0,100.0,0.0,15.0,100.0,100.0,21.1
1,DefectorsRare,115,defector,32.5,100.0,0.0,0.0,100.0,100.0,19.0
1,DefectorsRare,120,defector,37.5,100.0,0.0,2.5,100.0,100.0,75.0
1,DefectorsRare,123,defector,50.0,100.0,25.0,12.5,100.0,100.0,55.0
1,DefectorsRare,126,defector,10.0,75.0,0.0,20.0,100.0,75.0,73.7
1,DefectorsRare,1,cooperator,70.0,100.0,0.0,76.3,81.3,81.3,75.0
1,DefectorsRare,4,cooperator,34.4,93.8,0.0,50.0,100.0,93.8,100.0
1,DefectorsRare,9,cooperator,18.1,100.0,0.0,n/a,6.3,6.3,5.0
1,DefectorsRare,12,cooperator,50.6,100.0,0.0,64.4,68.8,68.8,70.6
1,DefectorsRare,18,cooperator,51.9,100.0,0.0,52.4,50.0,50.0,40.0
1,DefectorsRare,19,cooperator,28.8,100.0,0.0,35.0,31.3,31.3,25.0
1,DefectorsRare,24,cooperator,72.5,100.0,0.0,100.0,100.0,100.0,80.0
1,DefectorsRare,27,cooperator,65.0,100.0,0.0,100.0,100.0,100.0,80.0
1,DefectorsRare,30,cooperator,43.8,100.0,0.0,40.9,43.8,43.8,35.0
1,DefectorsRare,33,cooperator,83.8,100.0,0.0,99.3,100.0,100.0,80.0
1,DefectorsRare,36,cooperator,46.9,93.8,0.0,47.5,43.8,37.5,33.3
1,DefectorsRare,40,cooperator,45.6,93.8,0.0,65.6,87.5,87.5,73.7
1,DefectorsRare,44,cooperator,70.6,100.0,0.0,99.4,100.0,100.0,80.0
1,DefectorsRare,46,cooperator,29.4,100.0,0.0,23.8,18.8,18.8,15.0
1,DefectorsRare,50,cooperator,26.9,100.0,0.0,55.0,56.3,56.3,45.0
1,DefectorsRare,52,cooperator,31.9,93.8,0.0,25.0,0.0,0.0,0.0
1,DefectorsRare,57,cooperator,82.5,100.0,0.0,82.5,87.5,87.5,70.0
1,DefectorsRare,58,cooperator,51.3,100.0,0.0,50.0,43.8,43.8,35.0
1,DefectorsRare,61,cooperator,35.6,100.0,0.0,35.6,37.5,37.5,30.0
1,DefectorsRare,65,cooperator,29.4,100.0,0.0,29.7,43.8,43.8,35.0
1,DefectorsRare,67,cooperator,91.9,100.0,0.0,94.0,93.8,93.8,75.0
1,DefectorsRare,71,cooperator,43.1,100.0,0.0,50.0,43.8,43.8,45.0
1,DefectorsRare,73,cooperator,53.8,100.0,0.0,87.5,87.5,87.5,75.0
1,DefectorsRare,78,cooperator,43.8,100.0,0.0,64.9,93.8,93.8,85.0
1,DefectorsRare,79,cooperator,81.9,100.0,0.0,91.3,100.0,100.0,80.0
1,DefectorsRare,84,cooperator,80.6,100.0,0.0,87.5,87.5,87.5,70.0
1,DefectorsRare,91,cooperator,71.3,100.0,0.0,73.8,87.5,87.5,70.0
1,DefectorsRare,96,cooperator,88.8,100.0,6.3,72.5,93.8,93.8,90.9
1,DefectorsRare,98,cooperator,98.1,100.0,0.0,98.6,100.0,100.0,85.0
1,DefectorsRare,101,cooperator,81.9,100.0,0.0,87.5,100.0,100.0,80.0
1,DefectorsRare,103,cooperator,100.0,100.0,6.3,100.0,100.0,100.0,81.0
1,DefectorsRare,106,cooperator,33.8,93.3,0.0,50.6,60.0,53.3,50.0
1,DefectorsRare,111,cooperator,86.9,100.0,0.0,98.1,100.0,100.0,80.0
1,DefectorsRare,114,cooperator,71.3,100.0,0.0,93.1,100.0,100.0,78.9
1,DefectorsRare,115,cooperator,94.4,100.0,6.3,100.0,100.0,100.0,81.0
1,DefectorsRare,120,cooperator,37.5,100.0,0.0,26.8,31.3,31.3,25.0
1,DefectorsRare,123,cooperator,55.0,93.8,0.0,62.2,62.5,56.3,45.0
1,DefectorsRare,126,cooperator,23.1,100.0,0.0,33.8,31.3,31.3,26.3
1,EqualProportion,2,defector,36.0,100.0,0.0,1.0,100.0,100.0,60.0
1,EqualProportion,7,defector,40.0,100.0,0.0,8.0,100.0,100.0,60.0
1,EqualProportion,11,defector,46.0,100.0,0.0,26.4,80.0,80.0,50.0
1,EqualProportion,15,defector,51.0,100.0,0.0,0.2,90.0,90.0,50.0
1,EqualProportion,16,defector,25.0,100.0,0.0,0.0,100.0,100.0,55.0
1,EqualProportion,29,defector,12.0,100.0,0.0,8.1,100.0,100.0,90.0
1,EqualProportion,31,defector,30.0,100.0,0.0,35.8,90.0,90.0,65.0
1,EqualProportion,35,defector,32.0,100.0,0.0,33.5,60.0,60.0,50.0
1,EqualProportion,38,defector,21.0,90.0,0.0,1.0,100.0,90.0,78.9
1,EqualProportion,42,defector,36.0,100.0,0.0,32.0,100.0,100.0,50.0
1,EqualProportion,43,defector,5.0,100.0,0.0,5.0,100.0,100.0,90.0
1,EqualProportion,49,defector,31.0,100.0,0.0,14.5,100.0,100.0,65.0
1,EqualProportion,54,defector,47.0,100.0,0.0,55.5,30.0,30.0,21.1
1,EqualProportion,55,defector,36.0,100.0,0.0,23.0,70.0,70.0,60.0
1,EqualProportion,59,defector,39.0,100.0,0.0,5.5,100.0,100.0,55.0
1,EqualProportion,68,defector,33.0,100.0,0.0,39.0,70.0,70.0,45.0
1,EqualProportion,72,defector,24.0,100.0,0.0,8.0,100.0,100.0,75.0
1,EqualProportion,80,defector,17.0,100.0,0.0,0.0,100.0,100.0,85.0
1,EqualProportion,85,defector,10.0,100.0,0.0,28.0,100.0,100.0,75.0
1,EqualProportion,88,defector,30.0,100.0,0.0,21.0,90.0,90.0,47.6
1,EqualProportion,92,defector,47.0,100.0,0.0,20.9,90.0,90.0,55.0
1,EqualProportion,95,defector,43.0,100.0,0.0,9.0,88.9,88.9,47.4
1,EqualProportion,97,defector,38.0,100.0,0.0,0.0,100.0,100.0,50.0
1,EqualProportion,100,defector,38.0,100.0,0.0,17.5,90.0,90.0,65.0
1,EqualProportion,104,defector,13.0,100.0,0.0,14.1,100.0,100.0,75.0
1,EqualProportion,107,defector,29.0,100.0,0.0,0.0,100.0,100.0,50.0
1,EqualProportion,110,defector,52.0,100.0,0.0,24.0,70.0,70.0,35.0
1,EqualProportion,112,defector,50.0,100.0,0.0,10.0,90.0,90.0,45.0
1,EqualProportion,116,defector,37.0,100.0,0.0,0.0,100.0,100.0,50.0
1,EqualProportion,121,defector,59.0,100.0,0.0,30.0,90.0,90.0,47.4
1,EqualProportion,124,defector,19.0,100.0,0.0,0.0,100.0,100.0,80.0
1,EqualProportion,2,cooperator,78.0,100.0,0.0,81.4,80.0,80.0,40.0
1,EqualProportion,7,cooperator,58.0,100.0,0.0,77.5,80.0,80.0,40.0
1,EqualProportion,11,cooperator,66.0,100.0,0.0,70.0,80.0,80.0,50.0
1,EqualProportion,15,cooperator,66.0,100.0,0.0,88.0,90.0,90.0,50.0
1,EqualProportion,16,cooperator,59.0,100.0,0.0,74.0,90.0,90.0,45.0
1,EqualProportion,29,cooperator,29.0,100.0,0.0,19.8,20.0,20.0,10.0
1,EqualProportion,31,cooperator,37.0,100.0,0.0,51.8,60.0,60.0,35.0
1,EqualProportion,35,cooperator,42.0,100.0,0.0,53.3,60.0,60.0,50.0
1,EqualProportion,38,cooperator,32.0,100.0,0.0,44.0,40.0,40.0,21.1
1,EqualProportion,42,cooperator,63.0,100.0,0.0,82.0,100.0,100.0,50.0
1,EqualProportion,43,cooperator,27.0,100.0,0.0,18.0,20.0,20.0,10.0
1,EqualProportion,49,cooperator,60.0,100.0,0.0,59.8,70.0,70.0,35.0
1,EqualProportion,54,cooperator,58.0,100.0,0.0,75.5,88.9,88.9,78.9
1,EqualProportion,55,cooperator,37.0,100.0,0.0,28.5,50.0,50.0,40.0
1,EqualProportion,59,cooperator,84.0,100.0,0.0,89.5,90.0,90.0,45.0
1,EqualProportion,68,cooperator,41.0,100.0,0.0,55.5,80.0,80.0,55.0
1,EqualProportion,72,cooperator,39.0,100.0,0.0,31.1,50.0,50.0,25.0
1,EqualProportion,80,cooperator,27.0,100.0,0.0,30.0,30.0,30.0,15.0
1,EqualProportion,85,cooperator,32.0,100.0,0.0,50.0,50.0,50.0,25.0
1,EqualProportion,88,cooperator,39.0,100.0,10.0,87.9,90.0,90.0,52.4
1,EqualProportion,92,cooperator,64.0,100.0,0.0,83.7,80.0,80.0,45.0
1,EqualProportion,95,cooperator,82.0,100.0,0.0,90.0,90.0,90.0,52.6
1,EqualProportion,97,cooperator,90.0,100.0,0.0,100.0,100.0,100.0,50.0
1,EqualProportion,100,cooperator,57.0,100.0,0.0,56.7,60.0,60.0,35.0
1,EqualProportion,104,cooperator,47.0,100.0,0.0,48.5,50.0,50.0,25.0
1,EqualProportion,107,cooperator,86.0,100.0,0.0,100.0,100.0,100.0,50.0
1,EqualProportion,110,cooperator,50.0,100.0,0.0,78.0,100.0,100.0,65.0
1,EqualProportion,112,cooperator,65.0,100.0,0.0,98.0,100.0,100.0,55.0
1,EqualProportion,116,cooperator,72.0,100.0,0.0,95.5,100.0,100.0,50.0
1,EqualProportion,121,cooperator,95.0,100.0,0.0,98.0,100.0,100.0,52.6
1,EqualProportion,124,cooperator,29.0,100.0,0.0,40.0,40.0,40.0,20.0
1,CooperatorsRare,3,defector,18.8,100.0,0.0,8.9,100.0,100.0,95.0
1,CooperatorsRare,5,defector,30.6,100.0,0.0,21.9,81.3,81.3,68.4
1,CooperatorsRare,8,defector,3.1,100.0,0.0,0.0,100.0,100.0,100.0
1,CooperatorsRare,13,defector,20.0,100.0,0.0,17.2,100.0,100.0,80.0
1,CooperatorsRare,17,defector,11.3,100.0,0.0,1.5,100.0,100.0,90.0
1,CooperatorsRare,21,defector,6.3,100.0,0.0,29.1,100.0,100.0,95.0
1,CooperatorsRare,23,defector,3.1,100.0,6.3,24.3,50.0,50.0,42.9
1,CooperatorsRare,25,defector,13.8,93.8,0.0,6.7,87.5,87.5,84.2
1,CooperatorsRare,34,defector,18.1,100.0,0.0,0.0,100.0,100.0,80.0
1,CooperatorsRare,39,defector,60.0,100.0,0.0,26.3,75.0,75.0,65.0
1,CooperatorsRare,41,defector,13.8,100.0,0.0,8.6,100.0,100.0,85.0
1,CooperatorsRare,48,defector,35.0,100.0,0.0,0.9,100.0,100.0,80.0
1,CooperatorsRare,51,defector,6.9,100.0,0.0,0.0,100.0,100.0,85.0
1,CooperatorsRare,60,defector,30.0,100.0,0.0,62.2,33.3,33.3,31.6
1,CooperatorsRare,66,defector,30.6,100.0,0.0,0.0,100.0,100.0,85.0
1,CooperatorsRare,69,defector,13.8,87.5,0.0,0.0,100.0,87.5,94.4
1,CooperatorsRare,70,defector,26.9,100.0,6.3,0.0,100.0,100.0,81.0
1,CooperatorsRare,77,defector,30.6,100.0,0.0,15.9,93.8,93.8,85.0
1,CooperatorsRare,81,defector,40.6,100.0,0.0,9.5,93.8,93.8,76.2
1,CooperatorsRare,82,defector,23.8,100.0,0.0,0.3,100.0,100.0,80.0
1,CooperatorsRare,86,defector,15.0,100.0,0.0,0.0,100.0,100.0,90.0
1,CooperatorsRare,90,defector,100.0,87.5,6.3,6.3,87.5,87.5,77.8
1,CooperatorsRare,93,defector,44.4,100.0,0.0,21.5,87.5,87.5,85.0
1,CooperatorsRare,94,defector,34.4,100.0,0.0,0.0,100.0,100.0,80.0
1,CooperatorsRare,102,defector,20.6,100.0,0.0,4.2,100.0,100.0,100.0
1,CooperatorsRare,105,defector,61.9,100.0,0.0,17.7,86.7,86.7,73.7
1,CooperatorsRare,108,defector,45.6,100.0,0.0,0.0,100.0,100.0,85.0
1,CooperatorsRare,109,defector,35.6,93.8,0.0,23.2,75.0,68.8,63.2
1,CooperatorsRare,117,defector,18.1,100.0,0.0,12.5,93.8,93.8,80.0
1,CooperatorsRare,118,defector,39.4,100.0,6.3,0.0,100.0,100.0,85.7
1,CooperatorsRare,3,cooperator,27.5,100.0,0.0,31.3,25.0,25.0,5.0
1,CooperatorsRare,5,cooperator,27.5,75.0,0.0,59.8,75.0,75.0,31.6
1,CooperatorsRare,8,cooperator,22.5,100.0,0.0,7.5,0.0,0.0,0.0
1,CooperatorsRare,13,cooperator,60.0,100.0,0.0,87.5,100.0,100.0,20.0
1,CooperatorsRare,17,cooperator,27.5,100.0,0.0,45.0,50.0,50.0,10.0
1,CooperatorsRare,21,cooperator,30.0,100.0,0.0,39.5,25.0,25.0,5.0
1,CooperatorsRare,23,cooperator,22.5,100.0,0.0,26.3,75.0,75.0,57.1
1,CooperatorsRare,25,cooperator,25.0,100.0,0.0,35.0,50.0,50.0,15.8
1,CooperatorsRare,34,cooperator,50.0,100.0,0.0,100.0,100.0,100.0,20.0
1,CooperatorsRare,39,cooperator,45.0,100.0,0.0,75.0,75.0,75.0,35.0
1,CooperatorsRare,41,cooperator,40.0,100.0,0.0,59.8,75.0,75.0,15.0
1,CooperatorsRare,48,cooperator,67.5,100.0,0.0,85.0,100.0,100.0,20.0
1,CooperatorsRare,51,cooperator,60.0,100.0,0.0,73.8,75.0,75.0,15.0
1,CooperatorsRare,60,cooperator,42.5,100.0,0.0,58.8,75.0,75.0,68.4
1,CooperatorsRare,66,cooperator,60.0,100.0,0.0,74.0,75.0,75.0,15.0
1,CooperatorsRare,69,cooperator,32.5,100.0,0.0,23.8,25.0,25.0,5.6
1,CooperatorsRare,70,cooperator,30.0,100.0,0.0,23.8,100.0,100.0,19.0
1,CooperatorsRare,77,cooperator,47.5,100.0,0.0,52.5,50.0,50.0,15.0
1,CooperatorsRare,81,cooperator,62.5,100.0,25.0,76.8,75.0,75.0,23.8
1,CooperatorsRare,82,cooperator,62.5,100.0,0.0,86.3,100.0,100.0,20.0
1,CooperatorsRare,86,cooperator,37.5,100.0,0.0,50.0,50.0,50.0,10.0
1,CooperatorsRare,90,cooperator,100.0,75.0,0.0,75.0,100.0,75.0,22.2
1,CooperatorsRare,93,cooperator,47.5,100.0,0.0,50.0,25.0,25.0,15.0
1,CooperatorsRare,94,cooperator,60.0,100.0,0.0,100.0,100.0,100.0,20.0
1,CooperatorsRare,102,cooperator,17.5,100.0,0.0,22.8,0.0,0.0,0.0
1,CooperatorsRare,105,cooperator,70.0,100.0,0.0,75.0,75.0,75.0,26.3
1,CooperatorsRare,108,cooperator,87.5,100.0,0.0,75.0,75.0,75.0,15.0
1,CooperatorsRare,109,cooperator,52.5,100.0,0.0,45.0,75.0,75.0,36.8
1,CooperatorsRare,117,cooperator,72.5,100.0,0.0,63.8,75.0,75.0,20.0
1,CooperatorsRare,118,cooperator,67.5,100.0,0.0,75.0,75.0,75.0,14.3
2,DefectorsRare,1,defector,66.7,100.0,0.0,62.5,25.0,25.0,15.0
2,DefectorsRare,4,defector,100.0,100.0,0.0,50.0,0.0,0.0,0.0
2,DefectorsRare,9,defector,0.0,100.0,0.0,n/a,100.0,100.0,95.0
2,DefectorsRare,12,defector,50.0,75.0,0.0,46.3,50.0,25.0,27.8
2,DefectorsRare,18,defector,0.0,100.0,0.0,22.8,75.0,75.0,45.0
2,DefectorsRare,19,defector,50.0,100.0,0.0,32.5,100.0,100.0,68.4
2,DefectorsRare,24,defector,0.0,100.0,0.0,0.0,100.0,100.0,20.0
2,DefectorsRare,27,defector,0.0,100.0,0.0,0.0,100.0,100.0,20.0
2,DefectorsRare,30,defector,16.7,100.0,0.0,27.5,75.0,75.0,55.0
2,DefectorsRare,33,defector,0.0,100.0,0.0,0.0,100.0,100.0,35.0
2,DefectorsRare,36,defector,0.0,100.0,0.0,7.5,100.0,100.0,65.0
2,DefectorsRare,40,defector,66.7,100.0,0.0,50.0,25.0,25.0,15.8
2,DefectorsRare,44,defector,16.7,100.0,0.0,22.5,75.0,75.0,15.0
2,DefectorsRare,46,defector,50.0,100.0,0.0,0.0,100.0,100.0,85.0
2,DefectorsRare,50,defector,33.3,100.0,0.0,12.5,75.0,75.0,70.0
2,DefectorsRare,52,defector,16.7,100.0,0.0,25.0,100.0,100.0,100.0
2,DefectorsRare,57,defector,33.3,100.0,0.0,12.5,75.0,75.0,23.8
2,DefectorsRare,58,defector,66.7,100.0,0.0,35.0,75.0,75.0,30.0
2,DefectorsRare,61,defector,33.3,100.0,0.0,17.5,100.0,100.0,75.0
2,DefectorsRare,65,defector,0.0,100.0,0.0,17.5,50.0,50.0,35.0
2,DefectorsRare,67,defector,100.0,100.0,0.0,19.5,100.0,100.0,25.0
2,DefectorsRare,71,defector,0.0,100.0,0.0,40.0,75.0,75.0,55.0
2,DefectorsRare,73,defector,0.0,100.0,0.0,47.5,50.0,50.0,21.1
2,DefectorsRare,78,defector,66.7,100.0,0.0,40.0,25.0,25.0,10.5
2,DefectorsRare,79,defector,33.3,100.0,0.0,16.3,100.0,100.0,20.0
2,DefectorsRare,84,defector,0.0,100.0,0.0,0.0,100.0,100.0,30.0
2,DefectorsRare,91,defector,100.0,100.0,0.0,32.5,100.0,100.0,20.0
2,DefectorsRare,96,defector,33.3,100.0,0.0,47.5,50.0,50.0,10.5
2,DefectorsRare,98,defector,0.0,100.0,0.0,1.5,100.0,100.0,20.0
2,DefectorsRare,101,defector,0.0,100.0,0.0,0.0,100.0,100.0,30.0
2,DefectorsRare,103,defector,0.0,100.0,0.0,0.0,100.0,100.0,20.0
2,DefectorsRare,106,defector,33.3,100.0,0.0,33.8,50.0,50.0,31.6
2,DefectorsRare,111,defector,33.3,100.0,0.0,25.0,75.0,75.0,15.0
2,DefectorsRare,114,defector,16.7,100.0,25.0,27.5,75.0,75.0,14.3
2,DefectorsRare,115,defector,33.3,100.0,0.0,32.0,75.0,75.0,21.1
2,DefectorsRare,120,defector,33.3,75.0,25.0,16.3,50.0,50.0,45.0
2,DefectorsRare,123,defector,33.3,100.0,0.0,25.0,100.0,100.0,47.6
2,DefectorsRare,126,defector,16.7,100.0,0.0,22.5,50.0,50.0,65.0
2,DefectorsRare,1,cooperator,100.0,100.0,0.0,81.5,87.5,87.5,85.0
2,DefectorsRare,4,cooperator,100.0,100.0,6.3,50.0,100.0,100.0,100.0
2,DefectorsRare,9,cooperator,12.5,100.0,0.0,n/a,6.3,6.3,5.0
2,DefectorsRare,12,cooperator,66.7,93.8,0.0,68.1,75.0,68.8,72.2
2,DefectorsRare,18,cooperator,62.5,100.0,0.0,44.4,62.5,62.5,55.0
2,DefectorsRare,19,cooperator,91.7,93.8,0.0,45.9,37.5,37.5,31.6
2,DefectorsRare,24,cooperator,100.0,100.0,0.0,100.0,100.0,100.0,80.0
2,DefectorsRare,27,cooperator,100.0,100.0,0.0,100.0,100.0,100.0,80.0
2,DefectorsRare,30,cooperator,79.2,100.0,0.0,47.8,50.0,50.0,45.0
2,DefectorsRare,33,cooperator,100.0,100.0,0.0,80.4,81.3,81.3,65.0
2,DefectorsRare,36,cooperator,66.7,100.0,0.0,41.9,43.8,43.8,35.0
2,DefectorsRare,40,cooperator,78.3,87.5,6.3,63.8,75.0,75.0,84.2
2,DefectorsRare,44,cooperator,100.0,100.0,0.0,88.4,100.0,100.0,85.0
2,DefectorsRare,46,cooperator,95.8,100.0,0.0,22.2,18.8,18.8,15.0
2,DefectorsRare,50,cooperator,83.3,100.0,0.0,37.2,31.3,31.3,30.0
2,DefectorsRare,52,cooperator,29.2,93.8,0.0,23.5,0.0,0.0,0.0
2,DefectorsRare,57,cooperator,100.0,100.0,6.3,85.0,87.5,87.5,76.2
2,DefectorsRare,58,cooperator,37.5,100.0,0.0,61.9,81.3,81.3,70.0
2,DefectorsRare,61,cooperator,16.7,100.0,0.0,42.5,31.3,31.3,25.0
2,DefectorsRare,65,cooperator,66.7,100.0,0.0,46.9,68.8,68.8,65.0
2,DefectorsRare,67,cooperator,100.0,100.0,0.0,90.5,93.8,93.8,75.0
2,DefectorsRare,71,cooperator,79.2,100.0,0.0,51.9,50.0,50.0,45.0
2,DefectorsRare,73,cooperator,79.2,93.8,0.0,84.7,87.5,81.3,78.9
2,DefectorsRare,78,cooperator,100.0,93.8,0.0,72.4,93.8,87.5,89.5
2,DefectorsRare,79,cooperator,100.0,100.0,0.0,80.9,100.0,100.0,80.0
2,DefectorsRare,84,cooperator,100.0,100.0,0.0,81.3,87.5,87.5,70.0
2,DefectorsRare,91,cooperator,100.0,100.0,0.0,71.4,100.0,100.0,80.0
2,DefectorsRare,96,cooperator,100.0,93.8,0.0,70.9,100.0,93.8,89.5
2,DefectorsRare,98,cooperator,100.0,100.0,0.0,98.8,100.0,100.0,80.0
2,DefectorsRare,101,cooperator,100.0,100.0,0.0,86.3,87.5,87.5,70.0
2,DefectorsRare,103,cooperator,100.0,100.0,0.0,100.0,100.0,100.0,80.0
2,DefectorsRare,106,cooperator,45.8,93.8,0.0,36.6,75.0,68.8,68.4
2,DefectorsRare,111,cooperator,100.0,100.0,0.0,100.0,100.0,100.0,85.0
2,DefectorsRare,114,cooperator,100.0,100.0,0.0,82.5,100.0,100.0,85.7
2,DefectorsRare,115,cooperator,100.0,93.8,0.0,93.8,93.8,87.5,78.9
2,DefectorsRare,120,cooperator,95.8,100.0,0.0,26.6,56.3,56.3,55.0
2,DefectorsRare,123,cooperator,75.0,100.0,6.3,63.1,62.5,62.5,52.4
2,DefectorsRare,126,cooperator,41.7,100.0,0.0,31.9,31.3,31.3,35.0
2,EqualProportion,2,defector,26.7,100.0,0.0,35.0,70.0,70.0,45.0
2,EqualProportion,7,defector,0.0,100.0,0.0,9.0,100.0,100.0,65.0
2,EqualProportion,11,defector,86.7,100.0,0.0,43.6,50.0,50.0,35.0
2,EqualProportion,15,defector,0.0,90.0,0.0,0.0,100.0,90.0,57.9
2,EqualProportion,16,defector,0.0,100.0,0.0,0.0,100.0,100.0,60.0
2,EqualProportion,29,defector,0.0,100.0,0.0,2.4,100.0,100.0,90.0
2,EqualProportion,31,defector,46.7,100.0,0.0,48.5,60.0,60.0,40.0
2,EqualProportion,35,defector,66.7,100.0,0.0,59.9,30.0,30.0,20.0
2,EqualProportion,38,defector,40.0,100.0,0.0,23.0,90.0,90.0,68.4
2,EqualProportion,42,defector,26.7,100.0,0.0,44.0,70.0,70.0,40.0
2,EqualProportion,43,defector,0.0,100.0,0.0,15.0,100.0,100.0,95.0
2,EqualProportion,49,defector,46.7,100.0,0.0,51.9,40.0,40.0,35.0
2,EqualProportion,54,defector,53.3,100.0,0.0,48.5,40.0,40.0,30.0
2,EqualProportion,55,defector,33.3,100.0,0.0,37.9,10.0,10.0,19.0
2,EqualProportion,59,defector,13.3,100.0,0.0,15.5,90.0,90.0,50.0
2,EqualProportion,68,defector,26.7,100.0,0.0,50.0,40.0,40.0,30.0
2,EqualProportion,72,defector,6.7,100.0,0.0,15.5,60.0,60.0,42.9
2,EqualProportion,80,defector,0.0,100.0,0.0,6.0,90.0,90.0,85.0
2,EqualProportion,85,defector,20.0,100.0,10.0,35.5,90.0,90.0,75.0
2,EqualProportion,88,defector,46.7,90.0,0.0,65.5,40.0,30.0,26.3
2,EqualProportion,92,defector,26.7,100.0,0.0,57.8,50.0,50.0,45.0
2,EqualProportion,95,defector,40.0,100.0,0.0,36.0,70.0,70.0,45.0
2,EqualProportion,97,defector,40.0,100.0,0.0,20.0,80.0,80.0,50.0
2,EqualProportion,100,defector,86.7,100.0,10.0,73.7,0.0,0.0,9.5
2,EqualProportion,104,defector,0.0,100.0,0.0,25.0,100.0,100.0,80.0
2,EqualProportion,107,defector,6.7,100.0,0.0,30.0,70.0,70.0,40.0
2,EqualProportion,110,defector,66.7,100.0,0.0,40.0,50.0,50.0,35.0
2,EqualProportion,112,defector,26.7,100.0,0.0,16.0,90.0,90.0,50.0
2,EqualProportion,116,defector,33.3,100.0,0.0,18.0,90.0,90.0,70.0
2,EqualProportion,121,defector,100.0,100.0,0.0,30.0,100.0,100.0,55.0
2,EqualProportion,124,defector,0.0,90.0,0.0,0.0,100.0,90.0,83.3
2,EqualProportion,2,cooperator,80.0,100.0,0.0,79.8,80.0,80.0,55.0
2,EqualProportion,7,cooperator,100.0,100.0,0.0,66.0,70.0,70.0,35.0
2,EqualProportion,11,cooperator,100.0,100.0,0.0,62.0,80.0,80.0,65.0
2,EqualProportion,15,cooperator,86.7,100.0,0.0,80.0,80.0,80.0,42.1
2,EqualProportion,16,cooperator,100.0,100.0,0.0,68.0,80.0,80.0,40.0
2,EqualProportion,29,cooperator,0.0,100.0,0.0,17.3,20.0,20.0,10.0
2,EqualProportion,31,cooperator,60.0,100.0,0.0,59.0,80.0,80.0,60.0
2,EqualProportion,35,cooperator,66.7,100.0,0.0,63.0,90.0,90.0,80.0
2,EqualProportion,38,cooperator,100.0,90.0,0.0,55.0,60.0,50.0,31.6
2,EqualProportion,42,cooperator,73.3,100.0,0.0,67.0,90.0,90.0,60.0
2,EqualProportion,43,cooperator,20.0,100.0,0.0,20.0,10.0,10.0,5.0
2,EqualProportion,49,cooperator,73.3,100.0,0.0,63.0,70.0,70.0,65.0
2,EqualProportion,54,cooperator,60.0,100.0,0.0,74.5,80.0,80.0,70.0
2,EqualProportion,55,cooperator,73.3,100.0,10.0,36.5,70.0,70.0,81.0
2,EqualProportion,59,cooperator,100.0,100.0,0.0,89.9,90.0,90.0,50.0
2,EqualProportion,68,cooperator,40.0,100.0,0.0,57.5,80.0,80.0,70.0
2,EqualProportion,72,cooperator,33.3,100.0,10.0,38.0,80.0,80.0,57.1
2,EqualProportion,80,cooperator,20.0,100.0,0.0,17.0,20.0,20.0,15.0
2,EqualProportion,85,cooperator,60.0,90.0,0.0,55.5,50.0,40.0,25.0
2,EqualProportion,88,cooperator,100.0,100.0,0.0,73.5,80.0,80.0,73.7
2,EqualProportion,92,cooperator,80.0,100.0,0.0,65.7,60.0,60.0,55.0
2,EqualProportion,95,cooperator,100.0,100.0,0.0,87.7,80.0,80.0,55.0
2,EqualProportion,97,cooperator,93.3,100.0,0.0,80.0,80.0,80.0,50.0
2,EqualProportion,100,cooperator,86.7,100.0,0.0,71.5,80.0,80.0,90.5
2,EqualProportion,104,cooperator,73.3,100.0,0.0,44.0,40.0,40.0,20.0
2,EqualProportion,107,cooperator,100.0,100.0,0.0,90.0,90.0,90.0,60.0
2,EqualProportion,110,cooperator,80.0,100.0,0.0,81.0,80.0,80.0,65.0
2,EqualProportion,112,cooperator,93.3,100.0,0.0,79.0,90.0,90.0,50.0
2,EqualProportion,116,cooperator,100.0,100.0,0.0,52.0,50.0,50.0,30.0
2,EqualProportion,121,cooperator,100.0,100.0,0.0,78.0,90.0,90.0,45.0
2,EqualProportion,124,cooperator,80.0,90.0,0.0,30.0,30.0,30.0,16.7
2,CooperatorsRare,3,defector,8.3,86.6666666667,0.0,14.4,100.0,86.7,94.1
2,CooperatorsRare,5,defector,41.7,100,6.3,38.8,56.3,56.3,52.4
2,CooperatorsRare,8,defector,0.0,100,0.0,0.0,100.0,100.0,100.0
2,CooperatorsRare,13,defector,0.0,93.75,0.0,26.9,93.8,87.5,73.7
2,CooperatorsRare,17,defector,0.0,100,0.0,0.0,100.0,100.0,90.0
2,CooperatorsRare,21,defector,4.2,100,0.0,20.9,100.0,100.0,95.0
2,CooperatorsRare,23,defector,0.0,75,0.0,24.4,50.0,31.3,37.5
2,CooperatorsRare,25,defector,4.2,100,0.0,12.4,93.8,93.8,90.0
2,CooperatorsRare,34,defector,0.0,100,0.0,0.0,100.0,100.0,80.0
2,CooperatorsRare,39,defector,87.5,100,0.0,60.6,56.3,56.3,50.0
2,CooperatorsRare,41,defector,12.5,100,0.0,28.8,75.0,75.0,65.0
2,CooperatorsRare,48,defector,0.0,100,0.0,8.1,100.0,100.0,85.0
2,CooperatorsRare,51,defector,0.0,100,0.0,0.0,100.0,100.0,85.0
2,CooperatorsRare,60,defector,4.2,93.75,0.0,70.3,0.0,0.0,0.0
2,CooperatorsRare,66,defector,4.2,100,0.0,9.4,87.5,87.5,75.0
2,CooperatorsRare,69,defector,0.0,93.75,0.0,0.0,100.0,93.8,94.7
2,CooperatorsRare,70,defector,0.0,100,18.8,0.4,100.0,100.0,85.0
2,CooperatorsRare,77,defector,33.3,93.75,20.0,28.1,81.3,81.3,78.9
2,CooperatorsRare,81,defector,37.5,100,0.0,11.3,100.0,100.0,82.6
2,CooperatorsRare,82,defector,29.2,93.75,0.0,0.0,100.0,93.8,78.9
2,CooperatorsRare,86,defector,0.0,93.75,0.0,6.3,93.8,87.5,84.2
2,CooperatorsRare,90,defector,100.0,87.5,0.0,40.6,43.8,43.8,47.1
2,CooperatorsRare,93,defector,54.2,93.75,0.0,29.4,93.8,87.5,78.9
2,CooperatorsRare,94,defector,33.3,100,0.0,0.0,100.0,100.0,85.0
2,CooperatorsRare,102,defector,4.2,93.75,0.0,5.3,100.0,93.8,100.0
2,CooperatorsRare,105,defector,20.8,100,0.0,38.1,75.0,75.0,65.0
2,CooperatorsRare,108,defector,8.3,100,0.0,0.0,100.0,100.0,85.0
2,CooperatorsRare,109,defector,20.8,62.5,6.3,41.8,62.5,56.3,71.4
2,CooperatorsRare,117,defector,0.0,100,0.0,22.2,93.8,93.8,80.0
2,CooperatorsRare,118,defector,4.2,100,0.0,3.1,93.8,93.8,80.0
2,CooperatorsRare,3,cooperator,66.7,100,0.0,35.0,25.0,25.0,5.9
2,CooperatorsRare,5,cooperator,100.0,100,0.0,60.0,75.0,75.0,47.6
2,CooperatorsRare,8,cooperator,0.0,100,0.0,9.8,0.0,0.0,0.0
2,CooperatorsRare,13,cooperator,0.0,100,0.0,77.5,100.0,100.0,26.3
2,CooperatorsRare,17,cooperator,83.3,100,0.0,59.5,50.0,50.0,10.0
2,CooperatorsRare,21,cooperator,0.0,100,0.0,40.8,25.0,25.0,5.0
2,CooperatorsRare,23,cooperator,33.3,100,0.0,26.0,75.0,75.0,62.5
2,CooperatorsRare,25,cooperator,16.7,100,0.0,32.5,25.0,25.0,10.0
2,CooperatorsRare,34,cooperator,100.0,100,0.0,100.0,100.0,100.0,20.0
2,CooperatorsRare,39,cooperator,100.0,100,0.0,75.0,75.0,75.0,50.0
2,CooperatorsRare,41,cooperator,66.7,100,0.0,46.3,75.0,75.0,35.0
2,CooperatorsRare,48,cooperator,83.3,100,0.0,67.5,75.0,75.0,15.0
2,CooperatorsRare,51,cooperator,83.3,100,0.0,67.5,75.0,75.0,15.0
2,CooperatorsRare,60,cooperator,0.0,100,0.0,75.0,100.0,100.0,100.0
2,CooperatorsRare,66,cooperator,100.0,100,0.0,75.0,75.0,75.0,25.0
2,CooperatorsRare,69,cooperator,0.0,100,0.0,22.5,25.0,25.0,5.3
2,CooperatorsRare,70,cooperator,16.7,100,0.0,10.3,75.0,75.0,15.0
2,CooperatorsRare,77,cooperator,83.3,100,0.0,51.3,50.0,50.0,21.1
2,CooperatorsRare,81,cooperator,66.7,100,0.0,80.0,75.0,75.0,17.4
2,CooperatorsRare,82,cooperator,100.0,100,0.0,80.0,100.0,100.0,21.1
2,CooperatorsRare,86,cooperator,100.0,100,0.0,62.5,50.0,50.0,15.8
2,CooperatorsRare,90,cooperator,100.0,75,0.0,50.0,75.0,50.0,52.9
2,CooperatorsRare,93,cooperator,100.0,100,0.0,67.5,75.0,75.0,21.1
2,CooperatorsRare,94,cooperator,100.0,100,0.0,75.0,75.0,75.0,15.0
2,CooperatorsRare,102,cooperator,0.0,100,0.0,6.3,0.0,0.0,0.0
2,CooperatorsRare,105,cooperator,100.0,100,0.0,66.3,75.0,75.0,35.0
2,CooperatorsRare,108,cooperator,66.7,100,0.0,75.0,75.0,75.0,15.0
2,CooperatorsRare,109,cooperator,100.0,100,0.0,57.0,75.0,75.0,28.6
2,CooperatorsRare,117,cooperator,83.3,100,0.0,52.5,75.0,75.0,20.0
2,CooperatorsRare,118,cooperator,100.0,100,0.0,75.0,75.0,75.0,20.0
