subject,species,session,trial_type,trial,safe_choice,side
Fro,chimpanzee,1,N,1,,L
Fro,chimpanzee,1,F,2,,R
Fro,chimpanzee,1,C,3,1,L
Fro,chimpanzee,1,C,4,0,L
Fro,chimpanzee,1,C,5,0,R
Fro,chimpanzee,1,N,6,,R
Fro,chimpanzee,1,N,7,,R
Fro,chimpanzee,1,C,8,1,L
Fro,chimpanzee,1,F,9,,L
Fro,chimpanzee,1,C,10,1,R
Fro,chimpanzee,1,N,11,,R
Fro,chimpanzee,1,N,12,,L
Fro,chimpanzee,1,N,13,,R
Fro,chimpanzee,1,C,14,0,L
Fro,chimpanzee,1,C,15,0,R
Fro,chimpanzee,1,N,16,,L
Fro,chimpanzee,1,F,17,,L
Fro,chimpanzee,1,C,18,1,L
Fro,chimpanzee,1,C,19,0,L
Fro,chimpanzee,1,F,20,,R
Fro,chimpanzee,1,N,21,,R
Fro,chimpanzee,1,C,22,0,L
Fro,chimpanzee,2,N,1,,R
Fro,chimpanzee,2,C,2,0,L
Fro,chimpanzee,2,C,3,1,L
Fro,chimpanzee,2,N,4,,R
Fro,chimpanzee,2,C,5,0,L
Fro,chimpanzee,2,C,6,0,R
Fro,chimpanzee,2,F,7,,L
Fro,chimpanzee,2,N,8,,L
Fro,chimpanzee,2,F,9,,R
Fro,chimpanzee,2,C,10,0,L
Fro,chimpanzee,2,N,11,,L
Fro,chimpanzee,2,N,12,,L
Fro,chimpanzee,2,C,13,0,R
Fro,chimpanzee,2,C,14,0,R
Fro,chimpanzee,2,N,15,,R
Fro,chimpanzee,2,C,16,0,L
Fro,chimpanzee,2,C,17,0,L
Fro,chimpanzee,2,N,18,,L
Fro,chimpanzee,2,F,19,,L
Fro,chimpanzee,2,F,20,,R
Fro,chimpanzee,2,N,21,,R
Fro,chimpanzee,2,C,22,0,R
Fro,chimpanzee,3,F,1,,R
Fro,chimpanzee,3,C,2,0,L
Fro,chimpanzee,3,C,3,0,R
Fro,chimpanzee,3,C,4,1,L
Fro,chimpanzee,3,N,5,,L
Fro,chimpanzee,3,N,6,,L
Fro,chimpanzee,3,C,7,0,L
Fro,chimpanzee,3,N,8,,R
Fro,chimpanzee,3,N,9,,R
Fro,chimpanzee,3,N,10,,L
Fro,chimpanzee,3,C,11,1,L
Fro,chimpanzee,3,C,12,1,L
Fro,chimpanzee,3,N,13,,R
Fro,chimpanzee,3,F,14,,R
Fro,chimpanzee,3,F,15,,L
Fro,chimpanzee,3,C,16,0,L
Fro,chimpanzee,3,N,17,,R
Fro,chimpanzee,3,C,18,0,L
Fro,chimpanzee,3,N,19,,L
Fro,chimpanzee,3,C,20,0,L
Fro,chimpanzee,3,F,21,,L
Fro,chimpanzee,3,C,22,0,R
Fro,chimpanzee,4,C,1,0,L
Fro,chimpanzee,4,C,2,1,L
Fro,chimpanzee,4,N,3,,L
Fro,chimpanzee,4,N,4,,R
Fro,chimpanzee,4,C,5,1,L
Fro,chimpanzee,4,C,6,1,L
Fro,chimpanzee,4,N,7,,R
Fro,chimpanzee,4,C,8,0,L
Fro,chimpanzee,4,N,9,,R
Fro,chimpanzee,4,N,10,,R
Fro,chimpanzee,4,N,11,,L
Fro,chimpanzee,4,C,12,0,R
Fro,chimpanzee,4,F,13,,R
Fro,chimpanzee,4,F,14,,L
Fro,chimpanzee,4,C,15,1,R
Fro,chimpanzee,4,N,16,,L
Fro,chimpanzee,4,F,17,,L
Fro,chimpanzee,4,C,18,0,L
Fro,chimpanzee,4,C,19,1,L
Fro,chimpanzee,4,C,20,1,R
Fro,chimpanzee,4,F,21,,R
Fro,chimpanzee,4,N,22,,L
Fro,chimpanzee,5,C,1,1,L
Fro,chimpanzee,5,F,2,,L
Fro,chimpanzee,5,F,3,,L
Fro,chimpanzee,5,N,4,,L
Fro,chimpanzee,5,N,5,,R
Fro,chimpanzee,5,N,6,,R
Fro,chimpanzee,5,C,7,1,L
Fro,chimpanzee,5,C,8,1,L
Fro,chimpanzee,5,N,9,,R
Fro,chimpanzee,5,C,10,0,L
Fro,chimpanzee,5,N,11,,L
Fro,chimpanzee,5,C,12,0,L
Fro,chimpanzee,5,C,13,0,R
Fro,chimpanzee,5,C,14,0,L
Fro,chimpanzee,5,C,15,0,R
Fro,chimpanzee,5,F,16,,R
Fro,chimpanzee,5,N,17,,R
Fro,chimpanzee,5,C,18,0,L
Fro,chimpanzee,5,F,19,,R
Fro,chimpanzee,5,N,20,,L
Fro,chimpanzee,5,C,21,0,R
Fro,chimpanzee,5,N,22,,L
Fro,chimpanzee,6,N,1,,L
Fro,chimpanzee,6,F,2,,L
Fro,chimpanzee,6,N,3,,L
Fro,chimpanzee,6,C,4,0,L
Fro,chimpanzee,6,C,5,0,R
Fro,chimpanzee,6,N,6,,R
Fro,chimpanzee,6,N,7,,L
Fro,chimpanzee,6,C,8,0,R
Fro,chimpanzee,6,C,9,0,L
Fro,chimpanzee,6,C,10,1,L
Fro,chimpanzee,6,N,11,,R
Fro,chimpanzee,6,C,12,0,L
Fro,chimpanzee,6,N,13,,R
Fro,chimpanzee,6,F,14,,R
Fro,chimpanzee,6,F,15,,R
Fro,chimpanzee,6,N,16,,L
Fro,chimpanzee,6,N,17,,L
Fro,chimpanzee,6,C,18,0,L
Fro,chimpanzee,6,C,19,0,R
Fro,chimpanzee,6,C,20,0,L
Fro,chimpanzee,6,F,21,,L
Fro,chimpanzee,6,C,22,0,R
Fro,chimpanzee,1,C,1,0,
Fro,chimpanzee,1,C,2,1,
Fro,chimpanzee,1,C,3,1,
Fro,chimpanzee,1,C,4,0,
Fro,chimpanzee,1,C,5,1,
Fro,chimpanzee,1,C,6,1,
Fro,chimpanzee,1,C,7,1,
Fro,chimpanzee,1,C,8,0,
Fro,chimpanzee,1,C,9,1,
Fro,chimpanzee,1,C,10,0,
Fro,chimpanzee,1,C,11,1,
Fro,chimpanzee,1,C,12,1,
Fro,chimpanzee,1,C,13,0,
Fro,chimpanzee,1,C,14,0,
Fro,chimpanzee,1,C,15,0,
Fro,chimpanzee,1,C,16,1,
Fro,chimpanzee,1,C,17,1,
Fro,chimpanzee,1,C,18,0,
Fro,chimpanzee,1,C,19,1,
Fro,chimpanzee,1,C,20,0,
Fro,chimpanzee,2,C,1,0,
Fro,chimpanzee,2,C,2,0,
Fro,chimpanzee,2,C,3,1,
Fro,chimpanzee,2,C,4,0,
Fro,chimpanzee,2,C,5,0,
Fro,chimpanzee,2,C,6,0,
Fro,chimpanzee,2,C,7,0,
Fro,chimpanzee,2,C,8,0,
Fro,chimpanzee,2,C,9,1,
Fro,chimpanzee,2,C,10,0,
Fro,chimpanzee,2,C,11,0,
Fro,chimpanzee,2,C,12,0,
Fro,chimpanzee,2,C,13,1,
Fro,chimpanzee,2,C,14,0,
Fro,chimpanzee,2,C,15,0,
Fro,chimpanzee,2,C,16,0,
Fro,chimpanzee,2,C,17,0,
Fro,chimpanzee,2,C,18,0,
Fro,chimpanzee,2,C,19,0,
Fro,chimpanzee,2,C,20,0,
Fro,chimpanzee,3,C,1,0,
Fro,chimpanzee,3,C,2,0,
Fro,chimpanzee,3,C,3,0,
Fro,chimpanzee,3,C,4,0,
Fro,chimpanzee,3,C,5,0,
Fro,chimpanzee,3,C,6,0,
Fro,chimpanzee,3,C,7,0,
Fro,chimpanzee,3,C,8,0,
Fro,chimpanzee,3,C,9,0,
Fro,chimpanzee,3,C,10,0,
Fro,chimpanzee,3,C,11,0,
Fro,chimpanzee,3,C,12,0,
Fro,chimpanzee,3,C,13,0,
Fro,chimpanzee,3,C,14,0,
Fro,chimpanzee,3,C,15,0,
Fro,chimpanzee,3,C,16,0,
Fro,chimpanzee,3,C,17,0,
Fro,chimpanzee,3,C,18,0,
Fro,chimpanzee,3,C,19,0,
Fro,chimpanzee,3,C,20,0,
Joe,bonobo,1,N,1,,R
Joe,bonobo,1,C,2,1,L
Joe,bonobo,1,N,3,,L
Joe,bonobo,1,F,4,,R
Joe,bonobo,1,C,5,1,R
Joe,bonobo,1,C,6,1,R
Joe,bonobo,1,N,7,,R
Joe,bonobo,1,F,8,,R
Joe,bonobo,1,C,9,1,L
Joe,bonobo,1,F,10,,L
Joe,bonobo,1,N,11,,L
Joe,bonobo,1,C,12,1,L
Joe,bonobo,1,N,13,,R
Joe,bonobo,1,C,14,1,R
Joe,bonobo,1,C,15,1,L
Joe,bonobo,1,N,16,,R
Joe,bonobo,1,N,17,,L
Joe,bonobo,1,F,18,,L
Joe,bonobo,1,C,19,1,R
Joe,bonobo,1,N,20,,L
Joe,bonobo,1,C,21,1,L
Joe,bonobo,1,C,22,0,L
Joe,bonobo,2,N,1,,L
Joe,bonobo,2,C,2,1,L
Joe,bonobo,2,N,3,,L
Joe,bonobo,2,C,4,1,L
Joe,bonobo,2,F,5,,L
Joe,bonobo,2,C,6,1,R
Joe,bonobo,2,N,7,,R
Joe,bonobo,2,C,8,1,L
Joe,bonobo,2,N,9,,L
Joe,bonobo,2,F,10,,R
Joe,bonobo,2,C,11,1,R
Joe,bonobo,2,N,12,,R
Joe,bonobo,2,C,13,1,L
Joe,bonobo,2,C,14,1,R
Joe,bonobo,2,C,15,0,L
Joe,bonobo,2,N,16,,R
Joe,bonobo,2,N,17,,R
Joe,bonobo,2,C,18,1,L
Joe,bonobo,2,C,19,0,L
Joe,bonobo,2,N,20,,R
Joe,bonobo,2,F,21,,R
Joe,bonobo,2,F,22,,L
Joe,bonobo,3,F,1,,L
Joe,bonobo,3,C,2,0,R
Joe,bonobo,3,C,3,0,L
Joe,bonobo,3,N,4,,L
Joe,bonobo,3,C,5,1,L
Joe,bonobo,3,F,6,,L
Joe,bonobo,3,N,7,,L
Joe,bonobo,3,C,8,0,R
Joe,bonobo,3,N,9,,R
Joe,bonobo,3,C,10,0,R
Joe,bonobo,3,N,11,,R
Joe,bonobo,3,F,12,,R
Joe,bonobo,3,C,13,1,L
Joe,bonobo,3,N,14,,R
Joe,bonobo,3,C,15,1,L
Joe,bonobo,3,C,16,1,R
Joe,bonobo,3,N,17,,L
Joe,bonobo,3,F,18,,R
Joe,bonobo,3,C,19,0,L
Joe,bonobo,3,N,20,,R
Joe,bonobo,3,C,21,0,L
Joe,bonobo,3,N,22,,L
Joe,bonobo,4,N,1,,L
Joe,bonobo,4,C,2,1,R
Joe,bonobo,4,C,3,1,L
Joe,bonobo,4,F,4,,L
Joe,bonobo,4,N,5,,R
Joe,bonobo,4,C,6,1,L
Joe,bonobo,4,N,7,,L
Joe,bonobo,4,C,8,1,L
Joe,bonobo,4,F,9,,R
Joe,bonobo,4,C,10,0,L
Joe,bonobo,4,N,11,,R
Joe,bonobo,4,F,12,,L
Joe,bonobo,4,C,13,1,R
Joe,bonobo,4,C,14,1,L
Joe,bonobo,4,N,15,,L
Joe,bonobo,4,C,16,0,L
Joe,bonobo,4,N,17,,R
Joe,bonobo,4,C,18,1,L
Joe,bonobo,4,C,19,1,R
Joe,bonobo,4,F,20,,R
Joe,bonobo,4,N,21,,L
Joe,bonobo,4,N,22,,R
Joe,bonobo,5,C,1,0,R
Joe,bonobo,5,F,2,,L
Joe,bonobo,5,F,3,,R
Joe,bonobo,5,C,4,0,L
Joe,bonobo,5,N,5,,L
Joe,bonobo,5,C,6,1,R
Joe,bonobo,5,N,7,,L
Joe,bonobo,5,N,8,,L
Joe,bonobo,5,N,9,,L
Joe,bonobo,5,C,10,1,L
Joe,bonobo,5,N,11,,L
Joe,bonobo,5,C,12,0,L
Joe,bonobo,5,F,13,,L
Joe,bonobo,5,C,14,0,L
Joe,bonobo,5,C,15,1,L
Joe,bonobo,5,N,16,,R
Joe,bonobo,5,C,17,1,R
Joe,bonobo,5,F,18,,L
Joe,bonobo,5,C,19,1,L
Joe,bonobo,5,C,20,0,R
Joe,bonobo,5,N,21,,R
Joe,bonobo,5,N,22,,R
Joe,bonobo,6,C,1,0,L
Joe,bonobo,6,N,2,,L
Joe,bonobo,6,C,3,0,R
Joe,bonobo,6,N,4,,L
Joe,bonobo,6,C,5,0,R
Joe,bonobo,6,F,6,,R
Joe,bonobo,6,C,7,1,L
Joe,bonobo,6,C,8,0,L
Joe,bonobo,6,N,9,,R
Joe,bonobo,6,F,10,,R
Joe,bonobo,6,C,11,1,L
Joe,bonobo,6,N,12,,R
Joe,bonobo,6,C,13,1,L
Joe,bonobo,6,N,14,,R
Joe,bonobo,6,N,15,,R
Joe,bonobo,6,C,16,0,L
Joe,bonobo,6,N,17,,L
Joe,bonobo,6,C,18,1,L
Joe,bonobo,6,F,19,,L
Joe,bonobo,6,F,20,,L
Joe,bonobo,6,C,21,0,L
Joe,bonobo,6,N,22,,R
Joe,bonobo,1,C,1,1,
Joe,bonobo,1,C,2,1,
Joe,bonobo,1,C,3,0,
Joe,bonobo,1,C,4,1,
Joe,bonobo,1,C,5,0,
Joe,bonobo,1,C,6,0,
Joe,bonobo,1,C,7,1,
Joe,bonobo,1,C,8,0,
Joe,bonobo,1,C,9,1,
Joe,bonobo,1,C,10,1,
Joe,bonobo,1,C,11,0,
Joe,bonobo,1,C,12,1,
Joe,bonobo,1,C,13,0,
Joe,bonobo,1,C,14,1,
Joe,bonobo,1,C,15,1,
Joe,bonobo,1,C,16,0,
Joe,bonobo,1,C,17,1,
Joe,bonobo,1,C,18,1,
Joe,bonobo,1,C,19,1,
Joe,bonobo,1,C,20,1,
Joe,bonobo,2,C,1,1,
Joe,bonobo,2,C,2,1,
Joe,bonobo,2,C,3,0,
Joe,bonobo,2,C,4,1,
Joe,bonobo,2,C,5,1,
Joe,bonobo,2,C,6,0,
Joe,bonobo,2,C,7,0,
Joe,bonobo,2,C,8,1,
Joe,bonobo,2,C,9,0,
Joe,bonobo,2,C,10,0,
Joe,bonobo,2,C,11,1,
Joe,bonobo,2,C,12,1,
Joe,bonobo,2,C,13,1,
Joe,bonobo,2,C,14,1,
Joe,bonobo,2,C,15,0,
Joe,bonobo,2,C,16,1,
Joe,bonobo,2,C,17,1,
Joe,bonobo,2,C,18,1,
Joe,bonobo,2,C,19,1,
Joe,bonobo,2,C,20,1,
Joe,bonobo,3,C,1,1,
Joe,bonobo,3,C,2,1,
Joe,bonobo,3,C,3,1,
Joe,bonobo,3,C,4,1,
Joe,bonobo,3,C,5,1,
Joe,bonobo,3,C,6,1,
Joe,bonobo,3,C,7,1,
Joe,bonobo,3,C,8,1,
Joe,bonobo,3,C,9,1,
Joe,bonobo,3,C,10,0,
Joe,bonobo,3,C,11,0,
Joe,bonobo,3,C,12,1,
Joe,bonobo,3,C,13,1,
Joe,bonobo,3,C,14,1,
Joe,bonobo,3,C,15,1,
Joe,bonobo,3,C,16,1,
Joe,bonobo,3,C,17,1,
Joe,bonobo,3,C,18,1,
Joe,bonobo,3,C,19,1,
Joe,bonobo,3,C,20,1,
Kun,bonobo,1,F,1,,R
Kun,bonobo,1,N,2,,L
Kun,bonobo,1,C,3,0,R
Kun,bonobo,1,N,4,,L
Kun,bonobo,1,F,5,,R
Kun,bonobo,1,C,6,0,R
Kun,bonobo,1,N,7,,R
Kun,bonobo,1,C,8,0,L
Kun,bonobo,1,N,9,,L
Kun,bonobo,1,C,10,1,R
Kun,bonobo,1,N,11,,L
Kun,bonobo,1,C,12,0,L
Kun,bonobo,1,F,13,,L
Kun,bonobo,1,C,14,1,L
Kun,bonobo,1,N,15,,R
Kun,bonobo,1,C,16,0,R
Kun,bonobo,1,F,17,,L
Kun,bonobo,1,C,18,1,L
Kun,bonobo,1,N,19,,L
Kun,bonobo,1,N,20,,L
Kun,bonobo,1,C,21,1,R
Kun,bonobo,1,C,22,0,R
Kun,bonobo,2,N,1,,R
Kun,bonobo,2,C,2,1,L
Kun,bonobo,2,N,3,,R
Kun,bonobo,2,N,4,,R
Kun,bonobo,2,F,5,,R
Kun,bonobo,2,C,6,1,L
Kun,bonobo,2,N,7,,R
Kun,bonobo,2,C,8,1,R
Kun,bonobo,2,N,9,,L
Kun,bonobo,2,F,10,,L
Kun,bonobo,2,C,11,0,R
Kun,bonobo,2,N,12,,L
Kun,bonobo,2,C,13,1,R
Kun,bonobo,2,C,14,1,L
Kun,bonobo,2,N,15,,L
Kun,bonobo,2,F,16,,L
Kun,bonobo,2,C,17,0,L
Kun,bonobo,2,C,18,0,L
Kun,bonobo,2,N,19,,L
Kun,bonobo,2,C,20,1,L
Kun,bonobo,2,F,21,,R
Kun,bonobo,2,C,22,0,L
Kun,bonobo,3,N,1,,R
Kun,bonobo,3,F,2,,L
Kun,bonobo,3,C,3,1,R
Kun,bonobo,3,N,4,,R
Kun,bonobo,3,C,5,0,L
Kun,bonobo,3,C,6,0,R
Kun,bonobo,3,N,7,,L
Kun,bonobo,3,F,8,,R
Kun,bonobo,3,C,9,1,L
Kun,bonobo,3,C,10,1,R
Kun,bonobo,3,F,11,,L
Kun,bonobo,3,F,12,,R
Kun,bonobo,3,C,13,1,L
Kun,bonobo,3,N,14,,L
Kun,bonobo,3,C,15,0,R
Kun,bonobo,3,N,16,,R
Kun,bonobo,3,C,17,0,L
Kun,bonobo,3,C,18,1,R
Kun,bonobo,3,N,19,,L
Kun,bonobo,3,C,20,0,R
Kun,bonobo,3,N,21,,R
Kun,bonobo,3,N,22,,L
Kun,bonobo,4,F,1,,L
Kun,bonobo,4,N,2,,L
Kun,bonobo,4,C,3,1,R
Kun,bonobo,4,C,4,1,L
Kun,bonobo,4,C,5,0,R
Kun,bonobo,4,F,6,,L
Kun,bonobo,4,N,7,,L
Kun,bonobo,4,C,8,1,R
Kun,bonobo,4,C,9,1,L
Kun,bonobo,4,N,10,,R
Kun,bonobo,4,F,11,,R
Kun,bonobo,4,C,12,1,R
Kun,bonobo,4,C,13,1,R
Kun,bonobo,4,C,14,1,L
Kun,bonobo,4,C,15,1,L
Kun,bonobo,4,N,16,,L
Kun,bonobo,4,N,17,,R
Kun,bonobo,4,C,18,1,R
Kun,bonobo,4,F,19,,R
Kun,bonobo,4,N,20,,R
Kun,bonobo,4,N,21,,R
Kun,bonobo,4,N,22,,R
Kun,bonobo,5,C,1,1,R
Kun,bonobo,5,F,2,,R
Kun,bonobo,5,C,3,0,L
Kun,bonobo,5,C,4,1,L
Kun,bonobo,5,N,5,,R
Kun,bonobo,5,C,6,1,L
Kun,bonobo,5,N,7,,L
Kun,bonobo,5,C,8,1,R
Kun,bonobo,5,F,9,,L
Kun,bonobo,5,C,10,1,R
Kun,bonobo,5,C,11,1,L
Kun,bonobo,5,N,12,,L
Kun,bonobo,5,F,13,,R
Kun,bonobo,5,C,14,1,L
Kun,bonobo,5,N,15,,R
Kun,bonobo,5,C,16,0,L
Kun,bonobo,5,N,17,,L
Kun,bonobo,5,N,18,,L
Kun,bonobo,5,C,19,1,L
Kun,bonobo,5,N,20,,L
Kun,bonobo,5,N,21,,L
Kun,bonobo,5,F,22,,L
Kun,bonobo,6,N,1,,R
Kun,bonobo,6,C,2,1,R
Kun,bonobo,6,N,3,,R
Kun,bonobo,6,C,4,1,L
Kun,bonobo,6,N,5,,L
Kun,bonobo,6,C,6,0,R
Kun,bonobo,6,F,7,,R
Kun,bonobo,6,C,8,1,L
Kun,bonobo,6,N,9,,L
Kun,bonobo,6,C,10,0,R
Kun,bonobo,6,C,11,1,R
Kun,bonobo,6,F,12,,L
Kun,bonobo,6,N,13,,L
Kun,bonobo,6,C,14,1,R
Kun,bonobo,6,C,15,1,L
Kun,bonobo,6,N,16,,R
Kun,bonobo,6,F,17,,R
Kun,bonobo,6,N,18,,R
Kun,bonobo,6,C,19,0,R
Kun,bonobo,6,C,20,1,R
Kun,bonobo,6,N,21,,L
Kun,bonobo,6,F,22,,L
Kun,bonobo,1,C,1,1,
Kun,bonobo,1,C,2,1,
Kun,bonobo,1,C,3,1,
Kun,bonobo,1,C,4,1,
Kun,bonobo,1,C,5,1,
Kun,bonobo,1,C,6,1,
Kun,bonobo,1,C,7,0,
Kun,bonobo,1,C,8,1,
Kun,bonobo,1,C,9,0,
Kun,bonobo,1,C,10,1,
Kun,bonobo,1,C,11,1,
Kun,bonobo,1,C,12,1,
Kun,bonobo,1,C,13,1,
Kun,bonobo,1,C,14,1,
Kun,bonobo,1,C,15,1,
Kun,bonobo,1,C,16,1,
Kun,bonobo,1,C,17,1,
Kun,bonobo,1,C,18,1,
Kun,bonobo,1,C,19,1,
Kun,bonobo,1,C,20,1,
Kun,bonobo,2,C,1,1,
Kun,bonobo,2,C,2,1,
Kun,bonobo,2,C,3,1,
Kun,bonobo,2,C,4,1,
Kun,bonobo,2,C,5,0,
Kun,bonobo,2,C,6,1,
Kun,bonobo,2,C,7,1,
Kun,bonobo,2,C,8,1,
Kun,bonobo,2,C,9,1,
Kun,bonobo,2,C,10,1,
Kun,bonobo,2,C,11,1,
Kun,bonobo,2,C,12,1,
Kun,bonobo,2,C,13,0,
Kun,bonobo,2,C,14,1,
Kun,bonobo,2,C,15,1,
Kun,bonobo,2,C,16,1,
Kun,bonobo,2,C,17,0,
Kun,bonobo,2,C,18,1,
Kun,bonobo,2,C,19,1,
Kun,bonobo,2,C,20,1,
Kun,bonobo,3,C,1,1,
Kun,bonobo,3,C,2,1,
Kun,bonobo,3,C,3,1,
Kun,bonobo,3,C,4,1,
Kun,bonobo,3,C,5,1,
Kun,bonobo,3,C,6,1,
Kun,bonobo,3,C,7,1,
Kun,bonobo,3,C,8,1,
Kun,bonobo,3,C,9,1,
Kun,bonobo,3,C,10,1,
Kun,bonobo,3,C,11,1,
Kun,bonobo,3,C,12,0,
Kun,bonobo,3,C,13,0,
Kun,bonobo,3,C,14,0,
Kun,bonobo,3,C,15,0,
Kun,bonobo,3,C,16,0,
Kun,bonobo,3,C,17,0,
Kun,bonobo,3,C,18,0,
Kun,bonobo,3,C,19,0,
Kun,bonobo,3,C,20,0,
Lim,bonobo,1,N,1,,R
Lim,bonobo,1,C,2,0,L
Lim,bonobo,1,F,3,,L
Lim,bonobo,1,N,4,,L
Lim,bonobo,1,N,5,,L
Lim,bonobo,1,C,6,1,L
Lim,bonobo,1,C,7,1,L
Lim,bonobo,1,F,8,,R
Lim,bonobo,1,N,9,,L
Lim,bonobo,1,C,10,1,R
Lim,bonobo,1,N,11,,R
Lim,bonobo,1,F,12,,R
Lim,bonobo,1,C,13,1,L
Lim,bonobo,1,N,14,,L
Lim,bonobo,1,C,15,1,R
Lim,bonobo,1,N,16,,R
Lim,bonobo,1,C,17,1,L
Lim,bonobo,1,C,18,1,R
Lim,bonobo,1,C,19,1,L
Lim,bonobo,1,F,20,,L
Lim,bonobo,1,N,21,,L
Lim,bonobo,1,C,22,1,R
Lim,bonobo,2,N,1,,L
Lim,bonobo,2,N,2,,R
Lim,bonobo,2,C,3,0,L
Lim,bonobo,2,F,4,,L
Lim,bonobo,2,C,5,1,L
Lim,bonobo,2,N,6,,R
Lim,bonobo,2,C,7,1,R
Lim,bonobo,2,C,8,1,R
Lim,bonobo,2,N,9,,R
Lim,bonobo,2,C,10,1,L
Lim,bonobo,2,F,11,,L
Lim,bonobo,2,N,12,,L
Lim,bonobo,2,C,13,1,R
Lim,bonobo,2,N,14,,L
Lim,bonobo,2,F,15,,R
Lim,bonobo,2,C,16,1,L
Lim,bonobo,2,N,17,,L
Lim,bonobo,2,N,18,,L
Lim,bonobo,2,C,19,1,L
Lim,bonobo,2,F,20,,R
Lim,bonobo,2,C,21,0,R
Lim,bonobo,2,C,22,0,L
Lim,bonobo,3,N,1,,L
Lim,bonobo,3,F,2,,L
Lim,bonobo,3,C,3,1,R
Lim,bonobo,3,N,4,,L
Lim,bonobo,3,F,5,,R
Lim,bonobo,3,C,6,0,L
Lim,bonobo,3,C,7,1,R
Lim,bonobo,3,N,8,,R
Lim,bonobo,3,C,9,0,R
Lim,bonobo,3,N,10,,L
Lim,bonobo,3,C,11,0,L
Lim,bonobo,3,F,12,,R
Lim,bonobo,3,C,13,1,L
Lim,bonobo,3,N,14,,R
Lim,bonobo,3,C,15,1,L
Lim,bonobo,3,N,16,,R
Lim,bonobo,3,F,17,,L
Lim,bonobo,3,C,18,0,R
Lim,bonobo,3,N,19,,L
Lim,bonobo,3,C,20,0,R
Lim,bonobo,3,N,21,,R
Lim,bonobo,3,C,22,1,L
Lim,bonobo,4,N,1,,R
Lim,bonobo,4,C,2,0,L
Lim,bonobo,4,N,3,,L
Lim,bonobo,4,C,4,1,R
Lim,bonobo,4,C,5,0,R
Lim,bonobo,4,N,6,,L
Lim,bonobo,4,F,7,,L
Lim,bonobo,4,C,8,0,R
Lim,bonobo,4,N,9,,L
Lim,bonobo,4,C,10,1,R
Lim,bonobo,4,C,11,1,L
Lim,bonobo,4,N,12,,L
Lim,bonobo,4,F,13,,L
Lim,bonobo,4,C,14,1,L
Lim,bonobo,4,N,15,,R
Lim,bonobo,4,N,16,,R
Lim,bonobo,4,F,17,,R
Lim,bonobo,4,C,18,1,R
Lim,bonobo,4,C,19,0,L
Lim,bonobo,4,N,20,,R
Lim,bonobo,4,C,21,0,R
Lim,bonobo,4,F,22,,R
Lim,bonobo,5,C,1,0,L
Lim,bonobo,5,C,2,1,R
Lim,bonobo,5,N,3,,L
Lim,bonobo,5,F,4,,R
Lim,bonobo,5,C,5,0,R
Lim,bonobo,5,C,6,0,L
Lim,bonobo,5,N,7,,L
Lim,bonobo,5,N,8,,L
Lim,bonobo,5,C,9,1,L
Lim,bonobo,5,F,10,,L
Lim,bonobo,5,C,11,0,L
Lim,bonobo,5,N,12,,R
Lim,bonobo,5,C,13,1,L
Lim,bonobo,5,C,14,0,R
Lim,bonobo,5,N,15,,R
Lim,bonobo,5,F,16,,R
Lim,bonobo,5,N,17,,L
Lim,bonobo,5,F,18,,L
Lim,bonobo,5,N,19,,L
Lim,bonobo,5,C,20,0,R
Lim,bonobo,5,C,21,1,R
Lim,bonobo,5,N,22,,R
Lim,bonobo,6,C,1,1,R
Lim,bonobo,6,N,2,,R
Lim,bonobo,6,F,3,,L
Lim,bonobo,6,C,4,1,L
Lim,bonobo,6,N,5,,L
Lim,bonobo,6,C,6,1,R
Lim,bonobo,6,C,7,1,R
Lim,bonobo,6,C,8,0,L
Lim,bonobo,6,N,9,,R
Lim,bonobo,6,N,10,,L
Lim,bonobo,6,C,11,0,R
Lim,bonobo,6,C,12,0,L
Lim,bonobo,6,N,13,,R
Lim,bonobo,6,F,14,,R
Lim,bonobo,6,C,15,1,L
Lim,bonobo,6,F,16,,R
Lim,bonobo,6,N,17,,R
Lim,bonobo,6,F,18,,L
Lim,bonobo,6,C,19,1,L
Lim,bonobo,6,N,20,,L
Lim,bonobo,6,C,21,0,R
Lim,bonobo,6,N,22,,L
Lim,bonobo,1,C,1,0,
Lim,bonobo,1,C,2,1,
Lim,bonobo,1,C,3,0,
Lim,bonobo,1,C,4,0,
Lim,bonobo,1,C,5,1,
Lim,bonobo,1,C,6,1,
Lim,bonobo,1,C,7,1,
Lim,bonobo,1,C,8,0,
Lim,bonobo,1,C,9,1,
Lim,bonobo,1,C,10,1,
Lim,bonobo,1,C,11,1,
Lim,bonobo,1,C,12,1,
Lim,bonobo,1,C,13,0,
Lim,bonobo,1,C,14,1,
Lim,bonobo,1,C,15,1,
Lim,bonobo,1,C,16,0,
Lim,bonobo,1,C,17,1,
Lim,bonobo,1,C,18,1,
Lim,bonobo,1,C,19,0,
Lim,bonobo,1,C,20,0,
Lim,bonobo,2,C,1,0,
Lim,bonobo,2,C,2,1,
Lim,bonobo,2,C,3,1,
Lim,bonobo,2,C,4,0,
Lim,bonobo,2,C,5,0,
Lim,bonobo,2,C,6,1,
Lim,bonobo,2,C,7,0,
Lim,bonobo,2,C,8,0,
Lim,bonobo,2,C,9,1,
Lim,bonobo,2,C,10,1,
Lim,bonobo,2,C,11,0,
Lim,bonobo,2,C,12,1,
Lim,bonobo,2,C,13,0,
Lim,bonobo,2,C,14,0,
Lim,bonobo,2,C,15,1,
Lim,bonobo,2,C,16,1,
Lim,bonobo,2,C,17,1,
Lim,bonobo,2,C,18,0,
Lim,bonobo,2,C,19,1,
Lim,bonobo,2,C,20,1,
Lim,bonobo,3,C,1,0,
Lim,bonobo,3,C,2,1,
Lim,bonobo,3,C,3,0,
Lim,bonobo,3,C,4,1,
Lim,bonobo,3,C,5,1,
Lim,bonobo,3,C,6,1,
Lim,bonobo,3,C,7,1,
Lim,bonobo,3,C,8,1,
Lim,bonobo,3,C,9,0,
Lim,bonobo,3,C,10,1,
Lim,bonobo,3,C,11,1,
Lim,bonobo,3,C,12,1,
Lim,bonobo,3,C,13,1,
Lim,bonobo,3,C,14,1,
Lim,bonobo,3,C,15,0,
Lim,bonobo,3,C,16,1,
Lim,bonobo,3,C,17,1,
Lim,bonobo,3,C,18,1,
Lim,bonobo,3,C,19,1,
Lim,bonobo,3,C,20,1,
Pat,chimpanzee,1,F,1,,L
Pat,chimpanzee,1,N,2,,R
Pat,chimpanzee,1,C,3,1,L
Pat,chimpanzee,1,N,4,,L
Pat,chimpanzee,1,F,5,,R
Pat,chimpanzee,1,C,6,0,L
Pat,chimpanzee,1,C,7,1,L
Pat,chimpanzee,1,N,8,,R
Pat,chimpanzee,1,N,9,,L
Pat,chimpanzee,1,N,10,,L
Pat,chimpanzee,1,F,11,,L
Pat,chimpanzee,1,N,12,,R
Pat,chimpanzee,1,C,13,0,R
Pat,chimpanzee,1,C,14,1,R
Pat,chimpanzee,1,N,15,,L
Pat,chimpanzee,1,C,16,1,L
Pat,chimpanzee,1,F,17,,R
Pat,chimpanzee,1,C,18,0,L
Pat,chimpanzee,1,N,19,,R
Pat,chimpanzee,1,C,20,0,L
Pat,chimpanzee,1,C,21,1,R
Pat,chimpanzee,1,C,22,1,L
Pat,chimpanzee,2,N,1,,R
Pat,chimpanzee,2,N,2,,L
Pat,chimpanzee,2,F,3,,R
Pat,chimpanzee,2,C,4,0,L
Pat,chimpanzee,2,C,5,1,L
Pat,chimpanzee,2,N,6,,L
Pat,chimpanzee,2,C,7,0,R
Pat,chimpanzee,2,C,8,1,R
Pat,chimpanzee,2,C,9,1,L
Pat,chimpanzee,2,F,10,,L
Pat,chimpanzee,2,C,11,1,L
Pat,chimpanzee,2,F,12,,R
Pat,chimpanzee,2,C,13,0,L
Pat,chimpanzee,2,C,14,1,R
Pat,chimpanzee,2,F,15,,L
Pat,chimpanzee,2,N,16,,L
Pat,chimpanzee,2,N,17,,R
Pat,chimpanzee,2,N,18,,L
Pat,chimpanzee,2,C,19,1,L
Pat,chimpanzee,2,C,20,0,L
Pat,chimpanzee,2,N,21,,R
Pat,chimpanzee,2,N,22,,L
Pat,chimpanzee,3,N,1,,R
Pat,chimpanzee,3,C,2,0,L
Pat,chimpanzee,3,N,3,,L
Pat,chimpanzee,3,C,4,0,R
Pat,chimpanzee,3,C,5,0,R
Pat,chimpanzee,3,C,6,1,R
Pat,chimpanzee,3,C,7,1,L
Pat,chimpanzee,3,C,8,1,L
Pat,chimpanzee,3,C,9,0,R
Pat,chimpanzee,3,N,10,,L
Pat,chimpanzee,3,F,11,,L
Pat,chimpanzee,3,N,12,,L
Pat,chimpanzee,3,F,13,,R
Pat,chimpanzee,3,F,14,,L
Pat,chimpanzee,3,N,15,,L
Pat,chimpanzee,3,C,16,1,R
Pat,chimpanzee,3,N,17,,R
Pat,chimpanzee,3,N,18,,R
Pat,chimpanzee,3,F,19,,R
Pat,chimpanzee,3,C,20,1,L
Pat,chimpanzee,3,N,21,,R
Pat,chimpanzee,3,C,22,0,L
Pat,chimpanzee,4,N,1,,R
Pat,chimpanzee,4,N,2,,L
Pat,chimpanzee,4,C,3,0,L
Pat,chimpanzee,4,C,4,0,L
Pat,chimpanzee,4,F,5,,L
Pat,chimpanzee,4,N,6,,L
Pat,chimpanzee,4,F,7,,L
Pat,chimpanzee,4,C,8,0,R
Pat,chimpanzee,4,N,9,,R
Pat,chimpanzee,4,C,10,1,R
Pat,chimpanzee,4,N,11,,R
Pat,chimpanzee,4,N,12,,L
Pat,chimpanzee,4,N,13,,L
Pat,chimpanzee,4,C,14,0,R
Pat,chimpanzee,4,F,15,,R
Pat,chimpanzee,4,C,16,0,R
Pat,chimpanzee,4,C,17,1,R
Pat,chimpanzee,4,N,18,,L
Pat,chimpanzee,4,F,19,,R
Pat,chimpanzee,4,C,20,1,L
Pat,chimpanzee,4,C,21,0,R
Pat,chimpanzee,4,C,22,0,L
Pat,chimpanzee,5,C,1,1,R
Pat,chimpanzee,5,N,2,,R
Pat,chimpanzee,5,C,3,0,R
Pat,chimpanzee,5,C,4,1,L
Pat,chimpanzee,5,N,5,,L
Pat,chimpanzee,5,N,6,,L
Pat,chimpanzee,5,C,7,1,R
Pat,chimpanzee,5,N,8,,R
Pat,chimpanzee,5,F,9,,R
Pat,chimpanzee,5,F,10,,R
Pat,chimpanzee,5,C,11,0,L
Pat,chimpanzee,5,C,12,0,R
Pat,chimpanzee,5,C,13,1,L
Pat,chimpanzee,5,F,14,,R
Pat,chimpanzee,5,F,15,,L
Pat,chimpanzee,5,N,16,,L
Pat,chimpanzee,5,N,17,,L
Pat,chimpanzee,5,C,18,0,L
Pat,chimpanzee,5,N,19,,R
Pat,chimpanzee,5,C,20,0,L
Pat,chimpanzee,5,N,21,,L
Pat,chimpanzee,5,C,22,0,L
Pat,chimpanzee,6,N,1,,L
Pat,chimpanzee,6,C,2,0,L
Pat,chimpanzee,6,N,3,,R
Pat,chimpanzee,6,N,4,,L
Pat,chimpanzee,6,F,5,,L
Pat,chimpanzee,6,C,6,1,R
Pat,chimpanzee,6,N,7,,L
Pat,chimpanzee,6,C,8,1,L
Pat,chimpanzee,6,F,9,,L
Pat,chimpanzee,6,C,10,0,R
Pat,chimpanzee,6,F,11,,R
Pat,chimpanzee,6,N,12,,R
Pat,chimpanzee,6,N,13,,R
Pat,chimpanzee,6,C,14,0,L
Pat,chimpanzee,6,C,15,1,R
Pat,chimpanzee,6,N,16,,R
Pat,chimpanzee,6,F,17,,R
Pat,chimpanzee,6,N,18,,L
Pat,chimpanzee,6,C,19,0,R
Pat,chimpanzee,6,C,20,1,L
Pat,chimpanzee,6,C,21,1,R
Pat,chimpanzee,6,C,22,1,L
Pat,chimpanzee,1,C,1,1,
Pat,chimpanzee,1,C,2,0,
Pat,chimpanzee,1,C,3,0,
Pat,chimpanzee,1,C,4,0,
Pat,chimpanzee,1,C,5,0,
Pat,chimpanzee,1,C,6,0,
Pat,chimpanzee,1,C,7,0,
Pat,chimpanzee,1,C,8,0,
Pat,chimpanzee,1,C,9,1,
Pat,chimpanzee,1,C,10,0,
Pat,chimpanzee,1,C,11,0,
Pat,chimpanzee,1,C,12,0,
Pat,chimpanzee,1,C,13,0,
Pat,chimpanzee,1,C,14,0,
Pat,chimpanzee,1,C,15,0,
Pat,chimpanzee,1,C,16,0,
Pat,chimpanzee,1,C,17,0,
Pat,chimpanzee,1,C,18,1,
Pat,chimpanzee,1,C,19,0,
Pat,chimpanzee,1,C,20,1,
Pat,chimpanzee,2,C,1,0,
Pat,chimpanzee,2,C,2,1,
Pat,chimpanzee,2,C,3,0,
Pat,chimpanzee,2,C,4,0,
Pat,chimpanzee,2,C,5,0,
Pat,chimpanzee,2,C,6,0,
Pat,chimpanzee,2,C,7,0,
Pat,chimpanzee,2,C,8,0,
Pat,chimpanzee,2,C,9,0,
Pat,chimpanzee,2,C,10,0,
Pat,chimpanzee,2,C,11,0,
Pat,chimpanzee,2,C,12,0,
Pat,chimpanzee,2,C,13,0,
Pat,chimpanzee,2,C,14,0,
Pat,chimpanzee,2,C,15,0,
Pat,chimpanzee,2,C,16,0,
Pat,chimpanzee,2,C,17,0,
Pat,chimpanzee,2,C,18,0,
Pat,chimpanzee,2,C,19,0,
Pat,chimpanzee,2,C,20,0,
Pat ,chimpanzee,3,C,1,0,
Pat ,chimpanzee,3,C,2,0,
Pat ,chimpanzee,3,C,3,0,
Pat ,chimpanzee,3,C,4,0,
Pat ,chimpanzee,3,C,5,0,
Pat ,chimpanzee,3,C,6,0,
Pat ,chimpanzee,3,C,7,0,
Pat ,chimpanzee,3,C,8,0,
Pat ,chimpanzee,3,C,9,0,
Pat ,chimpanzee,3,C,10,0,
Pat ,chimpanzee,3,C,11,0,
Pat ,chimpanzee,3,C,12,0,
Pat ,chimpanzee,3,C,13,0,
Pat ,chimpanzee,3,C,14,0,
Pat ,chimpanzee,3,C,15,0,
Pat ,chimpanzee,3,C,16,0,
Pat ,chimpanzee,3,C,17,0,
Pat ,chimpanzee,3,C,18,0,
Pat ,chimpanzee,3,C,19,0,
Pat ,chimpanzee,3,C,20,0,
Pia,chimpanzee,1,N,1,,R
Pia,chimpanzee,1,F,2,,L
Pia,chimpanzee,1,F,3,,L
Pia,chimpanzee,1,C,4,0,R
Pia,chimpanzee,1,C,5,0,L
Pia,chimpanzee,1,N,6,,L
Pia,chimpanzee,1,C,7,1,L
Pia,chimpanzee,1,N,8,,R
Pia,chimpanzee,1,C,9,1,L
Pia,chimpanzee,1,C,10,1,L
Pia,chimpanzee,1,N,11,,L
Pia,chimpanzee,1,N,12,,L
Pia,chimpanzee,1,C,13,1,R
Pia,chimpanzee,1,C,14,0,L
Pia,chimpanzee,1,F,15,,L
Pia,chimpanzee,1,C,16,1,R
Pia,chimpanzee,1,N,17,,R
Pia,chimpanzee,1,C,18,0,L
Pia,chimpanzee,1,N,19,,L
Pia,chimpanzee,1,N,20,,R
Pia,chimpanzee,1,F,21,,R
Pia,chimpanzee,1,C,22,0,R
Pia,chimpanzee,2,N,1,,R
Pia,chimpanzee,2,C,2,0,L
Pia,chimpanzee,2,N,3,,L
Pia,chimpanzee,2,N,4,,R
Pia,chimpanzee,2,F,5,,L
Pia,chimpanzee,2,N,6,,L
Pia,chimpanzee,2,N,7,,L
Pia,chimpanzee,2,C,8,1,R
Pia,chimpanzee,2,F,9,,R
Pia,chimpanzee,2,C,10,0,R
Pia,chimpanzee,2,C,11,1,R
Pia,chimpanzee,2,C,12,1,L
Pia,chimpanzee,2,N,13,,R
Pia,chimpanzee,2,C,14,1,R
Pia,chimpanzee,2,N,15,,L
Pia,chimpanzee,2,C,16,0,L
Pia,chimpanzee,2,C,17,0,R
Pia,chimpanzee,2,F,18,,L
Pia,chimpanzee,2,C,19,0,R
Pia,chimpanzee,2,F,20,,R
Pia,chimpanzee,2,C,21,0,R
Pia,chimpanzee,2,N,22,,R
Pia,chimpanzee,3,C,1,1,R
Pia,chimpanzee,3,C,2,0,L
Pia,chimpanzee,3,F,3,,R
Pia,chimpanzee,3,C,4,1,L
Pia,chimpanzee,3,F,5,,L
Pia,chimpanzee,3,N,6,,L
Pia,chimpanzee,3,N,7,,L
Pia,chimpanzee,3,N,8,,L
Pia,chimpanzee,3,N,9,,R
Pia,chimpanzee,3,C,10,0,R
Pia,chimpanzee,3,C,11,0,L
Pia,chimpanzee,3,C,12,0,R
Pia,chimpanzee,3,F,13,,R
Pia,chimpanzee,3,N,14,,L
Pia,chimpanzee,3,C,15,0,L
Pia,chimpanzee,3,N,16,,L
Pia,chimpanzee,3,N,17,,R
Pia,chimpanzee,3,F,18,,L
Pia,chimpanzee,3,C,19,0,R
Pia,chimpanzee,3,C,20,1,R
Pia,chimpanzee,3,C,21,1,L
Pia,chimpanzee,3,N,22,,R
Pia,chimpanzee,4,F,1,,L
Pia,chimpanzee,4,C,2,0,R
Pia,chimpanzee,4,C,3,1,R
Pia,chimpanzee,4,N,4,,R
Pia,chimpanzee,4,C,5,1,R
Pia,chimpanzee,4,N,6,,R
Pia,chimpanzee,4,C,7,1,R
Pia,chimpanzee,4,N,8,,L
Pia,chimpanzee,4,F,9,,L
Pia,chimpanzee,4,F,10,,R
Pia,chimpanzee,4,N,11,,R
Pia,chimpanzee,4,C,12,1,L
Pia,chimpanzee,4,C,13,0,L
Pia,chimpanzee,4,N,14,,L
Pia,chimpanzee,4,C,15,0,R
Pia,chimpanzee,4,C,16,0,R
Pia,chimpanzee,4,C,17,0,L
Pia,chimpanzee,4,C,18,0,R
Pia,chimpanzee,4,F,19,,R
Pia,chimpanzee,4,N,20,,R
Pia,chimpanzee,4,N,21,,L
Pia,chimpanzee,4,N,22,,L
Pia,chimpanzee,5,N,1,,L
Pia,chimpanzee,5,C,2,0,L
Pia,chimpanzee,5,C,3,0,L
Pia,chimpanzee,5,C,4,1,L
Pia,chimpanzee,5,C,5,1,L
Pia,chimpanzee,5,N,6,,L
Pia,chimpanzee,5,C,7,0,L
Pia,chimpanzee,5,N,8,,L
Pia,chimpanzee,5,N,9,,L
Pia,chimpanzee,5,F,10,,L
Pia,chimpanzee,5,C,11,1,L
Pia,chimpanzee,5,N,12,,R
Pia,chimpanzee,5,N,13,,R
Pia,chimpanzee,5,F,14,,R
Pia,chimpanzee,5,C,15,1,L
Pia,chimpanzee,5,F,16,,L
Pia,chimpanzee,5,C,17,0,L
Pia,chimpanzee,5,F,18,,R
Pia,chimpanzee,5,C,19,0,R
Pia,chimpanzee,5,C,20,0,L
Pia,chimpanzee,5,N,21,,R
Pia,chimpanzee,5,N,22,,L
Pia,chimpanzee,6,N,1,,R
Pia,chimpanzee,6,C,2,1,L
Pia,chimpanzee,6,C,3,0,R
Pia,chimpanzee,6,C,4,0,R
Pia,chimpanzee,6,C,5,0,L
Pia,chimpanzee,6,C,6,0,R
Pia,chimpanzee,6,C,7,0,L
Pia,chimpanzee,6,N,8,,L
Pia,chimpanzee,6,F,9,,L
Pia,chimpanzee,6,F,10,,R
Pia,chimpanzee,6,F,11,,L
Pia,chimpanzee,6,C,12,1,L
Pia,chimpanzee,6,C,13,0,L
Pia,chimpanzee,6,N,14,,L
Pia,chimpanzee,6,N,15,,L
Pia,chimpanzee,6,C,16,0,L
Pia,chimpanzee,6,N,17,,L
Pia,chimpanzee,6,N,18,,R
Pia,chimpanzee,6,N,19,,L
Pia,chimpanzee,6,C,20,0,L
Pia,chimpanzee,6,N,21,,R
Pia,chimpanzee,6,F,22,,R
Pia,chimpanzee,1,C,1,1,
Pia,chimpanzee,1,C,2,1,
Pia,chimpanzee,1,C,3,0,
Pia,chimpanzee,1,C,4,0,
Pia,chimpanzee,1,C,5,0,
Pia,chimpanzee,1,C,6,1,
Pia,chimpanzee,1,C,7,1,
Pia,chimpanzee,1,C,8,0,
Pia,chimpanzee,1,C,9,1,
Pia,chimpanzee,1,C,10,1,
Pia,chimpanzee,1,C,11,0,
Pia,chimpanzee,1,C,12,0,
Pia,chimpanzee,1,C,13,1,
Pia,chimpanzee,1,C,14,0,
Pia,chimpanzee,1,C,15,0,
Pia,chimpanzee,1,C,16,0,
Pia,chimpanzee,1,C,17,0,
Pia,chimpanzee,1,C,18,0,
Pia,chimpanzee,1,C,19,0,
Pia,chimpanzee,1,C,20,1,
Pia,chimpanzee,2,C,1,0,
Pia,chimpanzee,2,C,2,1,
Pia,chimpanzee,2,C,3,0,
Pia,chimpanzee,2,C,4,0,
Pia,chimpanzee,2,C,5,1,
Pia,chimpanzee,2,C,6,1,
Pia,chimpanzee,2,C,7,0,
Pia,chimpanzee,2,C,8,0,
Pia,chimpanzee,2,C,9,0,
Pia,chimpanzee,2,C,10,1,
Pia,chimpanzee,2,C,11,0,
Pia,chimpanzee,2,C,12,1,
Pia,chimpanzee,2,C,13,0,
Pia,chimpanzee,2,C,14,1,
Pia,chimpanzee,2,C,15,0,
Pia,chimpanzee,2,C,16,1,
Pia,chimpanzee,2,C,17,1,
Pia,chimpanzee,2,C,18,0,
Pia,chimpanzee,2,C,19,0,
Pia,chimpanzee,2,C,20,0,
Pia,chimpanzee,3,C,1,0,
Pia,chimpanzee,3,C,2,0,
Pia,chimpanzee,3,C,3,1,
Pia,chimpanzee,3,C,4,0,
Pia,chimpanzee,3,C,5,1,
Pia,chimpanzee,3,C,6,1,
Pia,chimpanzee,3,C,7,1,
Pia,chimpanzee,3,C,8,0,
Pia,chimpanzee,3,C,9,0,
Pia,chimpanzee,3,C,10,0,
Pia,chimpanzee,3,C,11,1,
Pia,chimpanzee,3,C,12,0,
Pia,chimpanzee,3,C,13,1,
Pia,chimpanzee,3,C,14,0,
Pia,chimpanzee,3,C,15,1,
Pia,chimpanzee,3,C,16,1,
Pia,chimpanzee,3,C,17,0,
Pia,chimpanzee,3,C,18,0,
Pia,chimpanzee,3,C,19,0,
Pia,chimpanzee,3,C,20,1,
Rob,chimpanzee,1,N,1,,R
Rob,chimpanzee,1,F,2,,L
Rob,chimpanzee,1,N,3,,L
Rob,chimpanzee,1,N,4,,L
Rob,chimpanzee,1,C,5,1,L
Rob,chimpanzee,1,C,6,0,L
Rob,chimpanzee,1,N,7,,R
Rob,chimpanzee,1,C,8,1,R
Rob,chimpanzee,1,C,9,0,R
Rob,chimpanzee,1,F,10,,R
Rob,chimpanzee,1,N,11,,L
Rob,chimpanzee,1,F,12,,R
Rob,chimpanzee,1,N,13,,R
Rob,chimpanzee,1,C,14,0,L
Rob,chimpanzee,1,C,15,0,R
Rob,chimpanzee,1,F,16,,R
Rob,chimpanzee,1,N,17,,L
Rob,chimpanzee,1,C,18,0,R
Rob,chimpanzee,1,N,19,,R
Rob,chimpanzee,1,C,20,0,L
Rob,chimpanzee,1,C,21,0,R
Rob,chimpanzee,1,C,22,0,L
Rob,chimpanzee,2,F,1,,L
Rob,chimpanzee,2,N,2,,L
Rob,chimpanzee,2,N,3,,R
Rob,chimpanzee,2,C,4,0,R
Rob,chimpanzee,2,F,5,,L
Rob,chimpanzee,2,C,6,1,L
Rob,chimpanzee,2,C,7,0,R
Rob,chimpanzee,2,C,8,1,R
Rob,chimpanzee,2,C,9,0,L
Rob,chimpanzee,2,N,10,,L
Rob,chimpanzee,2,C,11,0,L
Rob,chimpanzee,2,N,12,,L
Rob,chimpanzee,2,N,13,,R
Rob,chimpanzee,2,C,14,0,L
Rob,chimpanzee,2,F,15,,R
Rob,chimpanzee,2,N,16,,R
Rob,chimpanzee,2,C,17,1,L
Rob,chimpanzee,2,N,18,,L
Rob,chimpanzee,2,F,19,,R
Rob,chimpanzee,2,C,20,0,R
Rob,chimpanzee,2,N,21,,R
Rob,chimpanzee,2,C,22,0,L
Rob,chimpanzee,3,C,1,1,L
Rob,chimpanzee,3,C,2,1,R
Rob,chimpanzee,3,C,3,1,L
Rob,chimpanzee,3,N,4,,L
Rob,chimpanzee,3,N,5,,R
Rob,chimpanzee,3,C,6,1,R
Rob,chimpanzee,3,N,7,,R
Rob,chimpanzee,3,C,8,0,L
Rob,chimpanzee,3,N,9,,L
Rob,chimpanzee,3,N,10,,R
Rob,chimpanzee,3,N,11,,L
Rob,chimpanzee,3,C,12,0,R
Rob,chimpanzee,3,C,13,1,L
Rob,chimpanzee,3,F,14,,L
Rob,chimpanzee,3,N,15,,L
Rob,chimpanzee,3,N,16,,R
Rob,chimpanzee,3,F,17,,R
Rob,chimpanzee,3,C,18,1,L
Rob,chimpanzee,3,N,19,,R
Rob,chimpanzee,3,C,20,1,L
Rob,chimpanzee,3,N,21,,L
Rob,chimpanzee,3,F,22,,R
Rob,chimpanzee,4,N,1,,L
Rob,chimpanzee,4,F,2,,R
Rob,chimpanzee,4,N,3,,L
Rob,chimpanzee,4,N,4,,L
Rob,chimpanzee,4,F,5,,R
Rob,chimpanzee,4,C,6,1,R
Rob,chimpanzee,4,N,7,,R
Rob,chimpanzee,4,F,8,,L
Rob,chimpanzee,4,C,9,,R
Rob,chimpanzee,4,C,10,1,R
Rob,chimpanzee,4,N,11,,R
Rob,chimpanzee,4,C,12,0,R
Rob,chimpanzee,4,N,13,0,L
Rob,chimpanzee,4,C,14,0,L
Rob,chimpanzee,4,C,15,1,R
Rob,chimpanzee,4,N,16,,L
Rob,chimpanzee,4,N,17,,R
Rob,chimpanzee,4,C,18,1,L
Rob,chimpanzee,4,C,19,0,L
Rob,chimpanzee,4,F,20,,L
Rob,chimpanzee,4,C,21,1,L
Rob,chimpanzee,4,C,22,1,R
Rob,chimpanzee,5,C,1,1,L
Rob,chimpanzee,5,C,2,0,R
Rob,chimpanzee,5,N,3,,R
Rob,chimpanzee,5,C,4,0,R
Rob,chimpanzee,5,N,5,,L
Rob,chimpanzee,5,C,6,1,L
Rob,chimpanzee,5,F,7,,L
Rob,chimpanzee,5,C,8,1,R
Rob,chimpanzee,5,N,9,,R
Rob,chimpanzee,5,C,10,0,L
Rob,chimpanzee,5,F,11,,R
Rob,chimpanzee,5,N,12,,R
Rob,chimpanzee,5,C,13,0,R
Rob,chimpanzee,5,C,14,0,R
Rob,chimpanzee,5,N,15,,L
Rob,chimpanzee,5,C,16,0,L
Rob,chimpanzee,5,N,17,,L
Rob,chimpanzee,5,F,18,,L
Rob,chimpanzee,5,N,19,,L
Rob,chimpanzee,5,N,20,,R
Rob,chimpanzee,5,F,21,,R
Rob,chimpanzee,5,C,22,0,L
Rob,chimpanzee,6,C,1,0,L
Rob,chimpanzee,6,C,2,0,R
Rob,chimpanzee,6,N,3,,L
Rob,chimpanzee,6,N,4,,L
Rob,chimpanzee,6,C,5,1,L
Rob,chimpanzee,6,F,6,,L
Rob,chimpanzee,6,C,7,1,L
Rob,chimpanzee,6,N,8,,L
Rob,chimpanzee,6,C,9,0,L
Rob,chimpanzee,6,C,10,1,L
Rob,chimpanzee,6,N,11,,L
Rob,chimpanzee,6,N,12,,R
Rob,chimpanzee,6,F,13,,R
Rob,chimpanzee,6,N,14,,R
Rob,chimpanzee,6,C,15,0,L
Rob,chimpanzee,6,F,16,,L
Rob,chimpanzee,6,F,17,,R
Rob,chimpanzee,6,C,18,0,L
Rob,chimpanzee,6,N,19,,R
Rob,chimpanzee,6,C,20,0,R
Rob,chimpanzee,6,N,21,,L
Rob,chimpanzee,6,C,22,1,R
Rob,chimpanzee,1,C,1,1,
Rob,chimpanzee,1,C,2,0,
Rob,chimpanzee,1,C,3,0,
Rob,chimpanzee,1,C,4,1,
Rob,chimpanzee,1,C,5,0,
Rob,chimpanzee,1,C,6,0,
Rob,chimpanzee,1,C,7,0,
Rob,chimpanzee,1,C,8,1,
Rob,chimpanzee,1,C,9,0,
Rob,chimpanzee,1,C,10,0,
Rob,chimpanzee,1,C,11,1,
Rob,chimpanzee,1,C,12,0,
Rob,chimpanzee,1,C,13,1,
Rob,chimpanzee,1,C,14,0,
Rob,chimpanzee,1,C,15,0,
Rob,chimpanzee,1,C,16,0,
Rob,chimpanzee,1,C,17,1,
Rob,chimpanzee,1,C,18,1,
Rob,chimpanzee,1,C,19,0,
Rob,chimpanzee,1,C,20,0,
Rob,chimpanzee,2,C,1,0,
Rob,chimpanzee,2,C,2,0,
Rob,chimpanzee,2,C,3,0,
Rob,chimpanzee,2,C,4,0,
Rob,chimpanzee,2,C,5,0,
Rob,chimpanzee,2,C,6,1,
Rob,chimpanzee,2,C,7,0,
Rob,chimpanzee,2,C,8,1,
Rob,chimpanzee,2,C,9,0,
Rob,chimpanzee,2,C,10,0,
Rob,chimpanzee,2,C,11,0,
Rob,chimpanzee,2,C,12,1,
Rob,chimpanzee,2,C,13,0,
Rob,chimpanzee,2,C,14,1,
Rob,chimpanzee,2,C,15,0,
Rob,chimpanzee,2,C,16,0,
Rob,chimpanzee,2,C,17,1,
Rob,chimpanzee,2,C,18,1,
Rob,chimpanzee,2,C,19,0,
Rob,chimpanzee,2,C,20,0,
Rob,chimpanzee,3,C,1,0,
Rob,chimpanzee,3,C,2,0,
Rob,chimpanzee,3,C,3,1,
Rob,chimpanzee,3,C,4,1,
Rob,chimpanzee,3,C,5,0,
Rob,chimpanzee,3,C,6,0,
Rob,chimpanzee,3,C,7,0,
Rob,chimpanzee,3,C,8,0,
Rob,chimpanzee,3,C,9,0,
Rob,chimpanzee,3,C,10,0,
Rob,chimpanzee,3,C,11,0,
Rob,chimpanzee,3,C,12,0,
Rob,chimpanzee,3,C,13,0,
Rob,chimpanzee,3,C,14,1,
Rob,chimpanzee,3,C,15,0,
Rob,chimpanzee,3,C,16,0,
Rob,chimpanzee,3,C,17,0,
Rob,chimpanzee,3,C,18,0,
Rob,chimpanzee,3,C,19,1,
Rob,chimpanzee,3,C,20,0,
San,chimpanzee,1,N,1,,L
San,chimpanzee,1,F,2,,L
San,chimpanzee,1,C,3,1,R
San,chimpanzee,1,C,4,1,L
San,chimpanzee,1,F,5,,R
San,chimpanzee,1,C,6,1,L
San,chimpanzee,1,N,7,,R
San,chimpanzee,1,C,8,1,L
San,chimpanzee,1,F,9,,R
San,chimpanzee,1,N,10,,L
San,chimpanzee,1,C,11,1,R
San,chimpanzee,1,C,12,1,R
San,chimpanzee,1,N,13,,L
San,chimpanzee,1,N,14,,R
San,chimpanzee,1,C,15,1,L
San,chimpanzee,1,F,16,,L
San,chimpanzee,1,N,17,,R
San,chimpanzee,1,C,18,0,L
San,chimpanzee,1,N,19,,L
San,chimpanzee,1,N,20,,R
San,chimpanzee,1,C,21,1,L
San,chimpanzee,1,C,22,1,R
San,chimpanzee,2,N,1,,R
San,chimpanzee,2,F,2,,L
San,chimpanzee,2,F,3,,R
San,chimpanzee,2,N,4,,L
San,chimpanzee,2,C,5,1,L
San,chimpanzee,2,N,6,,R
San,chimpanzee,2,N,7,,R
San,chimpanzee,2,C,8,0,L
San,chimpanzee,2,N,9,,L
San,chimpanzee,2,F,10,,L
San,chimpanzee,2,C,11,1,R
San,chimpanzee,2,C,12,0,L
San,chimpanzee,2,F,13,,R
San,chimpanzee,2,C,14,1,L
San,chimpanzee,2,C,15,1,L
San,chimpanzee,2,N,16,,R
San,chimpanzee,2,N,17,,L
San,chimpanzee,2,N,18,,L
San,chimpanzee,2,C,19,1,R
San,chimpanzee,2,C,20,1,L
San,chimpanzee,2,C,21,1,L
San,chimpanzee,2,C,22,1,R
San,chimpanzee,3,N,1,,R
San,chimpanzee,3,F,2,,R
San,chimpanzee,3,C,3,1,L
San,chimpanzee,3,C,4,1,L
San,chimpanzee,3,C,5,1,R
San,chimpanzee,3,N,6,,R
San,chimpanzee,3,C,7,0,L
San,chimpanzee,3,F,8,,L
San,chimpanzee,3,F,9,,R
San,chimpanzee,3,C,10,1,L
San,chimpanzee,3,N,11,,L
San,chimpanzee,3,F,12,,L
San,chimpanzee,3,N,13,,L
San,chimpanzee,3,N,14,,L
San,chimpanzee,3,N,15,,R
San,chimpanzee,3,C,16,1,L
San,chimpanzee,3,C,17,1,R
San,chimpanzee,3,C,18,0,L
San,chimpanzee,3,C,19,1,R
San,chimpanzee,3,N,20,,L
San,chimpanzee,3,C,21,0,R
San,chimpanzee,3,N,22,,R
San,chimpanzee,4,N,1,,R
San,chimpanzee,4,F,2,,L
San,chimpanzee,4,C,3,0,R
San,chimpanzee,4,N,4,,L
San,chimpanzee,4,N,5,,L
San,chimpanzee,4,C,6,1,R
San,chimpanzee,4,F,7,,L
San,chimpanzee,4,N,8,,R
San,chimpanzee,4,N,9,,L
San,chimpanzee,4,C,10,0,R
San,chimpanzee,4,C,11,0,L
San,chimpanzee,4,C,12,1,R
San,chimpanzee,4,C,13,0,L
San,chimpanzee,4,C,14,1,R
San,chimpanzee,4,N,15,,R
San,chimpanzee,4,C,16,1,L
San,chimpanzee,4,N,17,,R
San,chimpanzee,4,C,18,1,L
San,chimpanzee,4,F,19,,R
San,chimpanzee,4,N,20,,L
San,chimpanzee,4,C,21,1,L
San,chimpanzee,4,F,22,,R
San,chimpanzee,5,C,1,0,L
San,chimpanzee,5,F,2,,L
San,chimpanzee,5,N,3,,R
San,chimpanzee,5,N,4,,L
San,chimpanzee,5,F,5,,L
San,chimpanzee,5,C,6,0,R
San,chimpanzee,5,N,7,,L
San,chimpanzee,5,C,8,0,R
San,chimpanzee,5,C,9,0,L
San,chimpanzee,5,F,10,,R
San,chimpanzee,5,F,11,,R
San,chimpanzee,5,N,12,,L
San,chimpanzee,5,C,13,0,R
San,chimpanzee,5,C,14,0,R
San,chimpanzee,5,C,15,0,L
San,chimpanzee,5,N,16,,L
San,chimpanzee,5,N,17,,R
San,chimpanzee,5,C,18,1,L
San,chimpanzee,5,C,19,0,L
San,chimpanzee,5,C,20,0,L
San,chimpanzee,5,N,21,,R
San,chimpanzee,5,N,22,,R
San,chimpanzee,6,N,1,,R
San,chimpanzee,6,N,2,,L
San,chimpanzee,6,F,3,,R
San,chimpanzee,6,C,4,0,L
San,chimpanzee,6,C,5,0,L
San,chimpanzee,6,N,6,,L
San,chimpanzee,6,C,7,0,R
San,chimpanzee,6,C,8,1,L
San,chimpanzee,6,F,9,,L
San,chimpanzee,6,N,10,,R
San,chimpanzee,6,C,11,0,L
San,chimpanzee,6,C,12,1,L
San,chimpanzee,6,N,13,,R
San,chimpanzee,6,F,14,,R
San,chimpanzee,6,C,15,0,L
San,chimpanzee,6,N,16,,L
San,chimpanzee,6,C,17,1,R
San,chimpanzee,6,F,18,,L
San,chimpanzee,6,C,19,0,R
San,chimpanzee,6,C,20,1,L
San,chimpanzee,6,N,21,,L
San,chimpanzee,6,N,22,,L
San,chimpanzee,1,C,1,1,
San,chimpanzee,1,C,2,1,
San,chimpanzee,1,C,3,1,
San,chimpanzee,1,C,4,1,
San,chimpanzee,1,C,5,0,
San,chimpanzee,1,C,6,0,
San,chimpanzee,1,C,7,0,
San,chimpanzee,1,C,8,0,
San,chimpanzee,1,C,9,0,
San,chimpanzee,1,C,10,0,
San,chimpanzee,1,C,11,0,
San,chimpanzee,1,C,12,0,
San,chimpanzee,1,C,13,0,
San,chimpanzee,1,C,14,1,
San,chimpanzee,1,C,15,0,
San,chimpanzee,1,C,16,0,
San,chimpanzee,1,C,17,0,
San,chimpanzee,1,C,18,0,
San,chimpanzee,1,C,19,0,
San,chimpanzee,1,C,20,0,
San,chimpanzee,2,C,1,1,
San,chimpanzee,2,C,2,1,
San,chimpanzee,2,C,3,0,
San,chimpanzee,2,C,4,0,
San,chimpanzee,2,C,5,1,
San,chimpanzee,2,C,6,0,
San,chimpanzee,2,C,7,1,
San,chimpanzee,2,C,8,0,
San,chimpanzee,2,C,9,1,
San,chimpanzee,2,C,10,0,
San,chimpanzee,2,C,11,0,
San,chimpanzee,2,C,12,1,
San,chimpanzee,2,C,13,1,
San,chimpanzee,2,C,14,0,
San,chimpanzee,2,C,15,0,
San,chimpanzee,2,C,16,1,
San,chimpanzee,2,C,17,0,
San,chimpanzee,2,C,18,0,
San,chimpanzee,2,C,19,1,
San,chimpanzee,2,C,20,0,
San,chimpanzee,3,C,1,1,
San,chimpanzee,3,C,2,1,
San,chimpanzee,3,C,3,1,
San,chimpanzee,3,C,4,0,
San,chimpanzee,3,C,5,1,
San,chimpanzee,3,C,6,1,
San,chimpanzee,3,C,7,1,
San,chimpanzee,3,C,8,0,
San,chimpanzee,3,C,9,1,
San,chimpanzee,3,C,10,0,
San,chimpanzee,3,C,11,1,
San,chimpanzee,3,C,12,0,
San,chimpanzee,3,C,13,0,
San,chimpanzee,3,C,14,1,
San,chimpanzee,3,C,15,0,
San,chimpanzee,3,C,16,0,
San,chimpanzee,3,C,17,0,
San,chimpanzee,3,C,18,1,
San,chimpanzee,3,C,19,0,
San,chimpanzee,3,C,20,0,
Uli,bonobo,1,F,1,,L
Uli,bonobo,1,C,2,1,R
Uli,bonobo,1,N,3,,L
Uli,bonobo,1,F,4,,R
Uli,bonobo,1,C,5,1,L
Uli,bonobo,1,C,6,1,R
Uli,bonobo,1,N,7,,R
Uli,bonobo,1,F,8,,R
Uli,bonobo,1,C,9,1,R
Uli,bonobo,1,C,10,1,L
Uli,bonobo,1,N,11,,R
Uli,bonobo,1,N,12,,L
Uli,bonobo,1,C,13,1,L
Uli,bonobo,1,N,14,,R
Uli,bonobo,1,N,15,,R
Uli,bonobo,1,C,16,1,L
Uli,bonobo,1,F,17,,L
Uli,bonobo,1,C,18,1,R
Uli,bonobo,1,N,19,,R
Uli,bonobo,1,C,20,1,R
Uli,bonobo,1,N,21,,L
Uli,bonobo,1,C,22,1,L
Uli,bonobo,2,C,1,1,R
Uli,bonobo,2,N,2,,L
Uli,bonobo,2,C,3,1,L
Uli,bonobo,2,C,4,0,R
Uli,bonobo,2,N,5,,R
Uli,bonobo,2,N,6,,R
Uli,bonobo,2,F,7,,R
Uli,bonobo,2,C,8,0,L
Uli,bonobo,2,N,9,,R
Uli,bonobo,2,C,10,1,R
Uli,bonobo,2,F,11,,L
Uli,bonobo,2,N,12,,L
Uli,bonobo,2,F,13,,R
Uli,bonobo,2,N,14,,R
Uli,bonobo,2,C,15,1,L
Uli,bonobo,2,C,16,1,L
Uli,bonobo,2,C,17,0,R
Uli,bonobo,2,N,18,,L
Uli,bonobo,2,C,19,1,R
Uli,bonobo,2,N,20,,L
Uli,bonobo,2,C,21,1,R
Uli,bonobo,2,F,22,,L
Uli,bonobo,3,C,1,1,R
Uli,bonobo,3,N,2,,R
Uli,bonobo,3,C,3,0,L
Uli,bonobo,3,F,4,,R
Uli,bonobo,3,C,5,0,L
Uli,bonobo,3,N,6,,L
Uli,bonobo,3,N,7,,L
Uli,bonobo,3,C,8,1,L
Uli,bonobo,3,C,9,1,L
Uli,bonobo,3,F,10,,R
Uli,bonobo,3,N,11,,R
Uli,bonobo,3,C,12,0,L
Uli,bonobo,3,C,13,0,R
Uli,bonobo,3,N,14,,L
Uli,bonobo,3,C,15,1,R
Uli,bonobo,3,N,16,,L
Uli,bonobo,3,C,17,1,L
Uli,bonobo,3,C,18,0,L
Uli,bonobo,3,N,19,,L
Uli,bonobo,3,F,20,,L
Uli,bonobo,3,N,21,,R
Uli,bonobo,3,F,22,,L
Uli,bonobo,4,N,1,,R
Uli,bonobo,4,C,2,0,L
Uli,bonobo,4,C,3,1,L
Uli,bonobo,4,N,4,,L
Uli,bonobo,4,C,5,1,L
Uli,bonobo,4,N,6,,L
Uli,bonobo,4,F,7,,L
Uli,bonobo,4,C,8,1,R
Uli,bonobo,4,N,9,,L
Uli,bonobo,4,C,10,0,L
Uli,bonobo,4,N,11,,L
Uli,bonobo,4,F,12,,L
Uli,bonobo,4,C,13,1,L
Uli,bonobo,4,C,14,0,R
Uli,bonobo,4,F,15,,R
Uli,bonobo,4,N,16,,R
Uli,bonobo,4,C,17,0,L
Uli,bonobo,4,N,18,,R
Uli,bonobo,4,C,19,1,L
Uli,bonobo,4,F,20,,R
Uli,bonobo,4,C,21,1,R
Uli,bonobo,4,N,22,,R
Uli,bonobo,5,N,1,,L
Uli,bonobo,5,C,2,0,R
Uli,bonobo,5,C,3,0,L
Uli,bonobo,5,N,4,,R
Uli,bonobo,5,F,5,,L
Uli,bonobo,5,C,6,1,L
Uli,bonobo,5,C,7,1,L
Uli,bonobo,5,N,8,,L
Uli,bonobo,5,F,9,,L
Uli,bonobo,5,N,10,,R
Uli,bonobo,5,C,11,1,R
Uli,bonobo,5,C,12,0,L
Uli,bonobo,5,N,13,,R
Uli,bonobo,5,C,14,1,L
Uli,bonobo,5,C,15,1,L
Uli,bonobo,5,N,16,,L
Uli,bonobo,5,F,17,,R
Uli,bonobo,5,C,18,0,L
Uli,bonobo,5,N,19,,L
Uli,bonobo,5,N,20,,R
Uli,bonobo,5,C,21,1,R
Uli,bonobo,5,F,22,,R
Uli,bonobo,6,C,1,1,L
Uli,bonobo,6,C,2,1,L
Uli,bonobo,6,N,3,,R
Uli,bonobo,6,F,4,,R
Uli,bonobo,6,C,5,1,R
Uli,bonobo,6,N,6,,R
Uli,bonobo,6,C,7,1,L
Uli,bonobo,6,N,8,,L
Uli,bonobo,6,F,9,,L
Uli,bonobo,6,C,10,0,R
Uli,bonobo,6,N,11,,R
Uli,bonobo,6,N,12,,L
Uli,bonobo,6,F,13,,R
Uli,bonobo,6,C,14,1,R
Uli,bonobo,6,C,15,1,L
Uli,bonobo,6,N,16,,L
Uli,bonobo,6,C,17,1,R
Uli,bonobo,6,C,18,1,L
Uli,bonobo,6,C,19,1,R
Uli,bonobo,6,N,20,,L
Uli,bonobo,6,N,21,,L
Uli,bonobo,6,F,22,,L
Uli,bonobo,1,C,1,1,
Uli,bonobo,1,C,2,0,
Uli,bonobo,1,C,3,0,
Uli,bonobo,1,C,4,1,
Uli,bonobo,1,C,5,1,
Uli,bonobo,1,C,6,1,
Uli,bonobo,1,C,7,1,
Uli,bonobo,1,C,8,1,
Uli,bonobo,1,C,9,1,
Uli,bonobo,1,C,10,1,
Uli,bonobo,1,C,11,1,
Uli,bonobo,1,C,12,1,
Uli,bonobo,1,C,13,1,
Uli,bonobo,1,C,14,1,
Uli,bonobo,1,C,15,1,
Uli,bonobo,1,C,16,1,
Uli,bonobo,1,C,17,1,
Uli,bonobo,1,C,18,1,
Uli,bonobo,1,C,19,1,
Uli,bonobo,1,C,20,1,
Uli,bonobo,2,C,1,1,
Uli,bonobo,2,C,2,1,
Uli,bonobo,2,C,3,1,
Uli,bonobo,2,C,4,1,
Uli,bonobo,2,C,5,1,
Uli,bonobo,2,C,6,1,
Uli,bonobo,2,C,7,1,
Uli,bonobo,2,C,8,1,
Uli,bonobo,2,C,9,1,
Uli,bonobo,2,C,10,1,
Uli,bonobo,2,C,11,1,
Uli,bonobo,2,C,12,1,
Uli,bonobo,2,C,13,1,
Uli,bonobo,2,C,14,1,
Uli,bonobo,2,C,15,1,
Uli,bonobo,2,C,16,1,
Uli,bonobo,2,C,17,1,
Uli,bonobo,2,C,18,1,
Uli,bonobo,2,C,19,1,
Uli,bonobo,2,C,20,1,
Uli,bonobo,3,C,1,1,
Uli,bonobo,3,C,2,1,
Uli,bonobo,3,C,3,1,
Uli,bonobo,3,C,4,1,
Uli,bonobo,3,C,5,1,
Uli,bonobo,3,C,6,1,
Uli,bonobo,3,C,7,1,
Uli,bonobo,3,C,8,1,
Uli,bonobo,3,C,9,1,
Uli,bonobo,3,C,10,1,
Uli,bonobo,3,C,11,1,
Uli,bonobo,3,C,12,1,
Uli,bonobo,3,C,13,1,
Uli,bonobo,3,C,14,1,
Uli,bonobo,3,C,15,1,
Uli,bonobo,3,C,16,1,
Uli,bonobo,3,C,17,1,
Uli,bonobo,3,C,18,1,
Uli,bonobo,3,C,19,1,
Uli,bonobo,3,C,20,1,
Yas,bonobo,1,N,1,,R
Yas,bonobo,1,N,2,,L
Yas,bonobo,1,C,3,1,L
Yas,bonobo,1,F,4,,R
Yas,bonobo,1,N,5,,L
Yas,bonobo,1,N,6,,R
Yas,bonobo,1,C,7,1,L
Yas,bonobo,1,C,8,1,R
Yas,bonobo,1,N,9,,L
Yas,bonobo,1,C,10,1,R
Yas,bonobo,1,N,11,,R
Yas,bonobo,1,F,12,,L
Yas,bonobo,1,C,13,1,L
Yas,bonobo,1,F,14,,L
Yas,bonobo,1,N,15,,L
Yas,bonobo,1,C,16,0,L
Yas,bonobo,1,C,17,1,L
Yas,bonobo,1,F,18,,R
Yas,bonobo,1,C,19,1,L
Yas,bonobo,1,N,20,,R
Yas,bonobo,1,C,21,0,L
Yas,bonobo,1,C,22,1,R
Yas,bonobo,2,N,1,,R
Yas,bonobo,2,N,2,,L
Yas,bonobo,2,C,3,1,R
Yas,bonobo,2,N,4,,L
Yas,bonobo,2,C,5,1,R
Yas,bonobo,2,F,6,,L
Yas,bonobo,2,C,7,1,L
Yas,bonobo,2,N,8,,R
Yas,bonobo,2,C,9,1,L
Yas,bonobo,2,F,10,,R
Yas,bonobo,2,N,11,,L
Yas,bonobo,2,C,12,1,L
Yas,bonobo,2,F,13,,R
Yas,bonobo,2,C,14,1,L
Yas,bonobo,2,N,15,,L
Yas,bonobo,2,N,16,,R
Yas,bonobo,2,C,17,1,L
Yas,bonobo,2,C,18,1,R
Yas,bonobo,2,N,19,,R
Yas,bonobo,2,C,20,0,L
Yas,bonobo,2,C,21,1,R
Yas,bonobo,2,F,22,,L
Yas,bonobo,3,F,1,,L
Yas,bonobo,3,C,2,1,R
Yas,bonobo,3,N,3,,L
Yas,bonobo,3,F,4,,R
Yas,bonobo,3,C,5,0,L
Yas,bonobo,3,N,6,,R
Yas,bonobo,3,C,7,1,L
Yas,bonobo,3,N,8,,R
Yas,bonobo,3,C,9,0,L
Yas,bonobo,3,F,10,,R
Yas,bonobo,3,N,11,,L
Yas,bonobo,3,C,12,1,R
Yas,bonobo,3,N,13,,L
Yas,bonobo,3,N,14,,R
Yas,bonobo,3,C,15,1,L
Yas,bonobo,3,F,16,,L
Yas,bonobo,3,N,17,,R
Yas,bonobo,3,C,18,1,L
Yas,bonobo,3,N,19,,L
Yas,bonobo,3,C,20,1,L
Yas,bonobo,3,C,21,1,R
Yas,bonobo,3,C,22,1,L
Yas,bonobo,4,C,1,0,L
Yas,bonobo,4,N,2,,R
Yas,bonobo,4,C,3,1,R
Yas,bonobo,4,F,4,,R
Yas,bonobo,4,C,5,1,L
Yas,bonobo,4,C,6,1,R
Yas,bonobo,4,N,7,,L
Yas,bonobo,4,C,8,1,L
Yas,bonobo,4,N,9,,R
Yas,bonobo,4,N,10,,L
Yas,bonobo,4,C,11,1,L
Yas,bonobo,4,F,12,,L
Yas,bonobo,4,N,13,,R
Yas,bonobo,4,C,14,0,L
Yas,bonobo,4,F,15,,R
Yas,bonobo,4,C,16,1,R
Yas,bonobo,4,N,17,,R
Yas,bonobo,4,C,18,1,L
Yas,bonobo,4,N,19,,L
Yas,bonobo,4,F,20,,L
Yas,bonobo,4,C,21,0,R
Yas,bonobo,4,N,22,,L
Yas,bonobo,5,N,1,,R
Yas,bonobo,5,C,2,1,R
Yas,bonobo,5,C,3,0,L
Yas,bonobo,5,N,4,,L
Yas,bonobo,5,N,5,,L
Yas,bonobo,5,C,6,0,R
Yas,bonobo,5,N,7,,R
Yas,bonobo,5,C,8,1,L
Yas,bonobo,5,N,9,,L
Yas,bonobo,5,C,10,0,R
Yas,bonobo,5,N,11,,R
Yas,bonobo,5,F,12,,R
Yas,bonobo,5,C,13,1,R
Yas,bonobo,5,F,14,,L
Yas,bonobo,5,N,15,,L
Yas,bonobo,5,C,16,1,L
Yas,bonobo,5,F,17,,R
Yas,bonobo,5,C,18,0,L
Yas,bonobo,5,N,19,,R
Yas,bonobo,5,C,20,1,L
Yas,bonobo,5,F,21,,L
Yas,bonobo,5,C,22,1,R
Yas,bonobo,6,F,1,,R
Yas,bonobo,6,N,2,,R
Yas,bonobo,6,C,3,1,R
Yas,bonobo,6,C,4,0,L
Yas,bonobo,6,N,5,,L
Yas,bonobo,6,C,6,1,R
Yas,bonobo,6,N,7,,L
Yas,bonobo,6,C,8,1,L
Yas,bonobo,6,N,9,,R
Yas,bonobo,6,F,10,,R
Yas,bonobo,6,C,11,1,L
Yas,bonobo,6,C,12,1,R
Yas,bonobo,6,N,13,,L
Yas,bonobo,6,F,14,,L
Yas,bonobo,6,C,15,1,R
Yas,bonobo,6,F,16,,L
Yas,bonobo,6,C,17,0,R
Yas,bonobo,6,N,18,,L
Yas,bonobo,6,C,19,1,R
Yas,bonobo,6,N,20,,R
Yas,bonobo,6,C,21,1,L
Yas,bonobo,6,N,22,,L
Yas,bonobo,1,C,1,1,
Yas,bonobo,1,C,2,1,
Yas,bonobo,1,C,3,1,
Yas,bonobo,1,C,4,0,
Yas,bonobo,1,C,5,1,
Yas,bonobo,1,C,6,0,
Yas,bonobo,1,C,7,0,
Yas,bonobo,1,C,8,1,
Yas,bonobo,1,C,9,1,
Yas,bonobo,1,C,10,0,
Yas,bonobo,1,C,11,1,
Yas,bonobo,1,C,12,0,
Yas,bonobo,1,C,13,1,
Yas,bonobo,1,C,14,0,
Yas,bonobo,1,C,15,0,
Yas,bonobo,1,C,16,1,
Yas,bonobo,1,C,17,0,
Yas,bonobo,1,C,18,1,
Yas,bonobo,1,C,19,0,
Yas,bonobo,1,C,20,1,
Yas,bonobo,2,C,1,1,
Yas,bonobo,2,C,2,1,
Yas,bonobo,2,C,3,1,
Yas,bonobo,2,C,4,1,
Yas,bonobo,2,C,5,0,
Yas,bonobo,2,C,6,0,
Yas,bonobo,2,C,7,1,
Yas,bonobo,2,C,8,1,
Yas,bonobo,2,C,9,1,
Yas,bonobo,2,C,10,1,
Yas,bonobo,2,C,11,1,
Yas,bonobo,2,C,12,0,
Yas,bonobo,2,C,13,1,
Yas,bonobo,2,C,14,0,
Yas,bonobo,2,C,15,1,
Yas,bonobo,2,C,16,1,
Yas,bonobo,2,C,17,1,
Yas,bonobo,2,C,18,1,
Yas,bonobo,2,C,19,1,
Yas,bonobo,2,C,20,1,
Yas,bonobo,3,C,1,0,
Yas,bonobo,3,C,2,1,
Yas,bonobo,3,C,3,0,
Yas,bonobo,3,C,4,0,
Yas,bonobo,3,C,5,1,
Yas,bonobo,3,C,6,0,
Yas,bonobo,3,C,7,1,
Yas,bonobo,3,C,8,1,
Yas,bonobo,3,C,9,0,
Yas,bonobo,3,C,10,0,
Yas,bonobo,3,C,11,1,
Yas,bonobo,3,C,12,1,
Yas,bonobo,3,C,13,1,
Yas,bonobo,3,C,14,0,
Yas,bonobo,3,C,15,1,
Yas,bonobo,3,C,16,1,
Yas,bonobo,3,C,17,1,
Yas,bonobo,3,C,18,1,
Yas,bonobo,3,C,19,1,
Yas,bonobo,3,C,20,1,
