subject,date,phase,cond,replicate,session,test_session,trial,stop,interrupted
Santi,24-Jun-07,Phase 1,Control,1,1,NULL,1,10,no_interruption
Santi,24-Jun-07,Phase 1,Control,1,1,NULL,2,10,no_interruption
Santi,24-Jun-07,Phase 1,Control,1,1,NULL,3,10,no_interruption
Santi,24-Jun-07,Phase 1,Control,1,1,NULL,4,10,no_interruption
Santi,24-Jun-07,Phase 1,Control,1,1,NULL,5,10,no_interruption
Santi,24-Jun-07,Phase 1,Control,1,1,NULL,6,10,no_interruption
Santi,24-Jun-07,Phase 1,Control,1,1,NULL,7,10,no_interruption
Santi,24-Jun-07,Phase 1,Control,1,1,NULL,8,10,no_interruption
Simon,24-Jun-07,Phase 1,Control,1,1,NULL,1,10,no_interruption
Simon,24-Jun-07,Phase 1,Control,1,1,NULL,2,10,no_interruption
Simon,24-Jun-07,Phase 1,Control,1,1,NULL,3,10,no_interruption
Simon,24-Jun-07,Phase 1,Control,1,1,NULL,4,10,no_interruption
Simon,24-Jun-07,Phase 1,Control,1,1,NULL,5,10,no_interruption
Simon,24-Jun-07,Phase 1,Control,1,1,NULL,6,10,no_interruption
Simon,24-Jun-07,Phase 1,Control,1,1,NULL,7,10,no_interruption
Simon,24-Jun-07,Phase 1,Control,1,1,NULL,8,10,no_interruption
Santi,25-Jun-07,Phase 1,Low,1,2,1,1,1,no_interruption
Santi,25-Jun-07,Phase 1,Low,1,2,1,2,10,no_interruption
Santi,25-Jun-07,Phase 1,Low,1,2,1,3,10,no_interruption
Santi,25-Jun-07,Phase 1,Low,1,2,1,4,10,no_interruption
Santi,25-Jun-07,Phase 1,Low,1,2,1,5,10,no_interruption
Santi,25-Jun-07,Phase 1,Low,1,2,1,6,10,no_interruption
Santi,25-Jun-07,Phase 1,Low,1,2,1,7,10,no_interruption
Santi,25-Jun-07,Phase 1,Low,1,2,1,8,10,no_interruption
Simon,25-Jun-07,Phase 1,High,1,2,1,1,1,no_interruption
Simon,25-Jun-07,Phase 1,High,1,2,1,2,10,no_interruption
Simon,25-Jun-07,Phase 1,High,1,2,1,3,10,no_interruption
Simon,25-Jun-07,Phase 1,High,1,2,1,4,10,no_interruption
Simon,25-Jun-07,Phase 1,High,1,2,1,5,10,no_interruption
Simon,25-Jun-07,Phase 1,High,1,2,1,6,10,no_interruption
Simon,25-Jun-07,Phase 1,High,1,2,1,7,10,no_interruption
Simon,25-Jun-07,Phase 1,High,1,2,1,8,10,no_interruption
Santi,26-Jun-07,Phase 1,Control,1,3,NULL,1,10,no_interruption
Santi,26-Jun-07,Phase 1,Control,1,3,NULL,2,10,no_interruption
Santi,26-Jun-07,Phase 1,Control,1,3,NULL,3,10,no_interruption
Santi,26-Jun-07,Phase 1,Control,1,3,NULL,4,10,no_interruption
Santi,26-Jun-07,Phase 1,Control,1,3,NULL,5,10,no_interruption
Santi,26-Jun-07,Phase 1,Control,1,3,NULL,6,10,no_interruption
Santi,26-Jun-07,Phase 1,Control,1,3,NULL,7,10,no_interruption
Santi,26-Jun-07,Phase 1,Control,1,3,NULL,8,10,no_interruption
Simon,26-Jun-07,Phase 1,Control,1,3,NULL,1,10,no_interruption
Simon,26-Jun-07,Phase 1,Control,1,3,NULL,2,10,no_interruption
Simon,26-Jun-07,Phase 1,Control,1,3,NULL,3,10,no_interruption
Simon,26-Jun-07,Phase 1,Control,1,3,NULL,4,10,no_interruption
Simon,26-Jun-07,Phase 1,Control,1,3,NULL,5,10,no_interruption
Simon,26-Jun-07,Phase 1,Control,1,3,NULL,6,10,no_interruption
Simon,26-Jun-07,Phase 1,Control,1,3,NULL,7,10,no_interruption
Simon,26-Jun-07,Phase 1,Control,1,3,NULL,8,10,no_interruption
Santi,27-Jun-07,Phase 1,High,1,4,2,1,6,no_interruption
Santi,27-Jun-07,Phase 1,High,1,4,2,2,10,no_interruption
Santi,27-Jun-07,Phase 1,High,1,4,2,3,10,no_interruption
Santi,27-Jun-07,Phase 1,High,1,4,2,4,10,no_interruption
Santi,27-Jun-07,Phase 1,High,1,4,2,5,10,no_interruption
Santi,27-Jun-07,Phase 1,High,1,4,2,6,10,no_interruption
Santi,27-Jun-07,Phase 1,High,1,4,2,7,10,no_interruption
Santi,27-Jun-07,Phase 1,High,1,4,2,8,10,no_interruption
Simon,27-Jun-07,Phase 1,Low,1,4,2,1,10,no_interruption
Simon,27-Jun-07,Phase 1,Low,1,4,2,2,10,no_interruption
Simon,27-Jun-07,Phase 1,Low,1,4,2,3,10,no_interruption
Simon,27-Jun-07,Phase 1,Low,1,4,2,4,10,no_interruption
Simon,27-Jun-07,Phase 1,Low,1,4,2,5,7,no_interruption
Simon,27-Jun-07,Phase 1,Low,1,4,2,6,6,no_interruption
Simon,27-Jun-07,Phase 1,Low,1,4,2,7,6,no_interruption
Simon,27-Jun-07,Phase 1,Low,1,4,2,8,6,no_interruption
Santi,28-Jun-07,Phase 2,Control,1,5,NULL,1,10,no_interruption
Santi,28-Jun-07,Phase 2,Control,1,5,NULL,2,10,no_interruption
Santi,28-Jun-07,Phase 2,Control,1,5,NULL,3,10,no_interruption
Santi,28-Jun-07,Phase 2,Control,1,5,NULL,4,10,no_interruption
Santi,28-Jun-07,Phase 2,Control,1,5,NULL,5,10,no_interruption
Santi,28-Jun-07,Phase 2,Control,1,5,NULL,6,10,no_interruption
Santi,28-Jun-07,Phase 2,Control,1,5,NULL,7,10,no_interruption
Santi,28-Jun-07,Phase 2,Control,1,5,NULL,8,10,no_interruption
Simon,28-Jun-07,Phase 2,Control,1,5,NULL,1,10,no_interruption
Simon,28-Jun-07,Phase 2,Control,1,5,NULL,2,10,no_interruption
Simon,28-Jun-07,Phase 2,Control,1,5,NULL,3,10,no_interruption
Simon,28-Jun-07,Phase 2,Control,1,5,NULL,4,10,no_interruption
Simon,28-Jun-07,Phase 2,Control,1,5,NULL,5,7,no_interruption
Simon,28-Jun-07,Phase 2,Control,1,5,NULL,6,10,no_interruption
Simon,28-Jun-07,Phase 2,Control,1,5,NULL,7,10,no_interruption
Simon,28-Jun-07,Phase 2,Control,1,5,NULL,8,10,no_interruption
Santi,29-Jun-07,Phase 2,Low,1,6,3,1,10,no_interruption
Santi,29-Jun-07,Phase 2,Low,1,6,3,2,10,no_interruption
Santi,29-Jun-07,Phase 2,Low,1,6,3,3,10,no_interruption
Santi,29-Jun-07,Phase 2,Low,1,6,3,4,10,no_interruption
Santi,29-Jun-07,Phase 2,Low,1,6,3,5,10,no_interruption
Santi,29-Jun-07,Phase 2,Low,1,6,3,6,10,no_interruption
Santi,29-Jun-07,Phase 2,Low,1,6,3,7,10,no_interruption
Santi,29-Jun-07,Phase 2,Low,1,6,3,8,10,no_interruption
Simon,29-Jun-07,Phase 2,High,1,6,3,1,10,no_interruption
Simon,29-Jun-07,Phase 2,High,1,6,3,2,10,no_interruption
Simon,29-Jun-07,Phase 2,High,1,6,3,3,10,no_interruption
Simon,29-Jun-07,Phase 2,High,1,6,3,4,10,no_interruption
Simon,29-Jun-07,Phase 2,High,1,6,3,5,10,no_interruption
Simon,29-Jun-07,Phase 2,High,1,6,3,6,10,no_interruption
Simon,29-Jun-07,Phase 2,High,1,6,3,7,9,no_interruption
Simon,29-Jun-07,Phase 2,High,1,6,3,8,10,no_interruption
Santi,30-Jun-07,Phase 2,Control,1,7,NULL,1,10,no_interruption
Santi,30-Jun-07,Phase 2,Control,1,7,NULL,2,10,no_interruption
Santi,30-Jun-07,Phase 2,Control,1,7,NULL,3,10,no_interruption
Santi,30-Jun-07,Phase 2,Control,1,7,NULL,4,10,no_interruption
Santi,30-Jun-07,Phase 2,Control,1,7,NULL,5,10,no_interruption
Santi,30-Jun-07,Phase 2,Control,1,7,NULL,6,10,no_interruption
Santi,30-Jun-07,Phase 2,Control,1,7,NULL,7,10,no_interruption
Santi,30-Jun-07,Phase 2,Control,1,7,NULL,8,10,no_interruption
Simon,30-Jun-07,Phase 2,Control,1,7,NULL,1,10,no_interruption
Simon,30-Jun-07,Phase 2,Control,1,7,NULL,2,10,no_interruption
Simon,30-Jun-07,Phase 2,Control,1,7,NULL,3,10,no_interruption
Simon,30-Jun-07,Phase 2,Control,1,7,NULL,4,10,no_interruption
Simon,30-Jun-07,Phase 2,Control,1,7,NULL,5,10,no_interruption
Simon,30-Jun-07,Phase 2,Control,1,7,NULL,6,10,no_interruption
Simon,30-Jun-07,Phase 2,Control,1,7,NULL,7,10,no_interruption
Simon,30-Jun-07,Phase 2,Control,1,7,NULL,8,10,no_interruption
Santi,4-Jul-07,Phase 2,High,1,8,4,1,1,no_interruption
Santi,4-Jul-07,Phase 2,High,1,8,4,2,10,no_interruption
Santi,4-Jul-07,Phase 2,High,1,8,4,3,10,no_interruption
Santi,4-Jul-07,Phase 2,High,1,8,4,4,10,no_interruption
Santi,4-Jul-07,Phase 2,High,1,8,4,5,10,no_interruption
Santi,4-Jul-07,Phase 2,High,1,8,4,6,10,no_interruption
Santi,4-Jul-07,Phase 2,High,1,8,4,7,10,no_interruption
Santi,4-Jul-07,Phase 2,High,1,8,4,8,10,no_interruption
Simon,4-Jul-07,Phase 2,Low,1,8,4,1,6,no_interruption
Simon,4-Jul-07,Phase 2,Low,1,8,4,2,10,no_interruption
Simon,4-Jul-07,Phase 2,Low,1,8,4,3,10,no_interruption
Simon,4-Jul-07,Phase 2,Low,1,8,4,4,9,no_interruption
Simon,4-Jul-07,Phase 2,Low,1,8,4,5,9,no_interruption
Simon,4-Jul-07,Phase 2,Low,1,8,4,6,8,no_interruption
Simon,4-Jul-07,Phase 2,Low,1,8,4,7,8,no_interruption
Simon,4-Jul-07,Phase 2,Low,1,8,4,8,6,no_interruption
Santi,5-Jul-07,Phase 3,Control,1,9,NULL,1,10,no_interruption
Santi,5-Jul-07,Phase 3,Control,1,9,NULL,2,10,no_interruption
Santi,5-Jul-07,Phase 3,Control,1,9,NULL,3,10,no_interruption
Santi,5-Jul-07,Phase 3,Control,1,9,NULL,4,10,no_interruption
Santi,5-Jul-07,Phase 3,Control,1,9,NULL,5,10,no_interruption
Santi,5-Jul-07,Phase 3,Control,1,9,NULL,6,10,no_interruption
Santi,5-Jul-07,Phase 3,Control,1,9,NULL,7,10,no_interruption
Santi,5-Jul-07,Phase 3,Control,1,9,NULL,8,10,no_interruption
Simon,5-Jul-07,Phase 3,Control,1,9,NULL,1,10,no_interruption
Simon,5-Jul-07,Phase 3,Control,1,9,NULL,2,10,no_interruption
Simon,5-Jul-07,Phase 3,Control,1,9,NULL,3,10,no_interruption
Simon,5-Jul-07,Phase 3,Control,1,9,NULL,4,10,no_interruption
Simon,5-Jul-07,Phase 3,Control,1,9,NULL,5,10,no_interruption
Simon,5-Jul-07,Phase 3,Control,1,9,NULL,6,10,no_interruption
Simon,5-Jul-07,Phase 3,Control,1,9,NULL,7,10,no_interruption
Simon,5-Jul-07,Phase 3,Control,1,9,NULL,8,10,no_interruption
Santi,9-Jul-07,Phase 3,Low,1,10,5,1,10,8
Santi,9-Jul-07,Phase 3,Low,1,10,5,2,9,10
Santi,9-Jul-07,Phase 3,Low,1,10,5,3,10,8
Santi,9-Jul-07,Phase 3,Low,1,10,5,4,10,8
Santi,9-Jul-07,Phase 3,Low,1,10,5,5,9,10
Santi,9-Jul-07,Phase 3,Low,1,10,5,6,7,9
Santi,9-Jul-07,Phase 3,Low,1,10,5,7,9,8
Santi,9-Jul-07,Phase 3,Low,1,10,5,8,9,10
Simon,9-Jul-07,Phase 3,High,1,10,5,1,1,no_interruption
Simon,9-Jul-07,Phase 3,High,1,10,5,2,10,no_interruption
Simon,9-Jul-07,Phase 3,High,1,10,5,3,10,no_interruption
Simon,9-Jul-07,Phase 3,High,1,10,5,4,10,no_interruption
Simon,9-Jul-07,Phase 3,High,1,10,5,5,10,no_interruption
Simon,9-Jul-07,Phase 3,High,1,10,5,6,10,no_interruption
Simon,9-Jul-07,Phase 3,High,1,10,5,7,10,no_interruption
Simon,9-Jul-07,Phase 3,High,1,10,5,8,10,no_interruption
Santi,10-Jul-07,Phase 3,Control,1,11,NULL,1,10,no_interruption
Santi,10-Jul-07,Phase 3,Control,1,11,NULL,2,10,no_interruption
Santi,10-Jul-07,Phase 3,Control,1,11,NULL,3,7,no_interruption
Santi,10-Jul-07,Phase 3,Control,1,11,NULL,4,10,no_interruption
Santi,10-Jul-07,Phase 3,Control,1,11,NULL,5,9,no_interruption
Santi,10-Jul-07,Phase 3,Control,1,11,NULL,6,10,no_interruption
Santi,10-Jul-07,Phase 3,Control,1,11,NULL,7,10,no_interruption
Santi,10-Jul-07,Phase 3,Control,1,11,NULL,8,10,no_interruption
Simon,10-Jul-07,Phase 3,Control,1,11,NULL,1,10,no_interruption
Simon,10-Jul-07,Phase 3,Control,1,11,NULL,2,10,no_interruption
Simon,10-Jul-07,Phase 3,Control,1,11,NULL,3,10,no_interruption
Simon,10-Jul-07,Phase 3,Control,1,11,NULL,4,10,no_interruption
Simon,10-Jul-07,Phase 3,Control,1,11,NULL,5,10,no_interruption
Simon,10-Jul-07,Phase 3,Control,1,11,NULL,6,10,no_interruption
Simon,10-Jul-07,Phase 3,Control,1,11,NULL,7,10,no_interruption
Simon,10-Jul-07,Phase 3,Control,1,11,NULL,8,10,no_interruption
Santi,11-Jul-07,Phase 3,High,1,12,6,1,10,no_interruption
Santi,11-Jul-07,Phase 3,High,1,12,6,2,10,no_interruption
Santi,11-Jul-07,Phase 3,High,1,12,6,3,10,no_interruption
Santi,11-Jul-07,Phase 3,High,1,12,6,4,10,no_interruption
Santi,11-Jul-07,Phase 3,High,1,12,6,5,10,no_interruption
Santi,11-Jul-07,Phase 3,High,1,12,6,6,10,no_interruption
Santi,11-Jul-07,Phase 3,High,1,12,6,7,10,no_interruption
Santi,11-Jul-07,Phase 3,High,1,12,6,8,10,no_interruption
Simon,11-Jul-07,Phase 3,Low,1,12,6,1,10,8
Simon,11-Jul-07,Phase 3,Low,1,12,6,2,10,10
Simon,11-Jul-07,Phase 3,Low,1,12,6,3,10,8
Simon,11-Jul-07,Phase 3,Low,1,12,6,4,10,9
Simon,11-Jul-07,Phase 3,Low,1,12,6,5,7,10
Simon,11-Jul-07,Phase 3,Low,1,12,6,6,10,9
Simon,11-Jul-07,Phase 3,Low,1,12,6,7,8,8
Simon,11-Jul-07,Phase 3,Low,1,12,6,8,5,10
Santi,16-Aug-07,Phase 3,Control,2,13,NULL,1,10,no_interruption
Santi,16-Aug-07,Phase 3,Control,2,13,NULL,2,10,no_interruption
Santi,16-Aug-07,Phase 3,Control,2,13,NULL,3,10,no_interruption
Santi,16-Aug-07,Phase 3,Control,2,13,NULL,4,10,no_interruption
Santi,16-Aug-07,Phase 3,Control,2,13,NULL,5,10,no_interruption
Santi,16-Aug-07,Phase 3,Control,2,13,NULL,6,10,no_interruption
Santi,16-Aug-07,Phase 3,Control,2,13,NULL,7,10,no_interruption
Santi,16-Aug-07,Phase 3,Control,2,13,NULL,8,10,no_interruption
Simon,16-Aug-07,Phase 3,Control,2,13,NULL,1,10,no_interruption
Simon,16-Aug-07,Phase 3,Control,2,13,NULL,2,10,no_interruption
Simon,16-Aug-07,Phase 3,Control,2,13,NULL,3,10,no_interruption
Simon,16-Aug-07,Phase 3,Control,2,13,NULL,4,10,no_interruption
Simon,16-Aug-07,Phase 3,Control,2,13,NULL,5,10,no_interruption
Simon,16-Aug-07,Phase 3,Control,2,13,NULL,6,10,no_interruption
Simon,16-Aug-07,Phase 3,Control,2,13,NULL,7,10,no_interruption
Simon,16-Aug-07,Phase 3,Control,2,13,NULL,8,10,no_interruption
Santi,17-Aug-07,Phase 3,High,2,14,7,1,10,no_interruption
Santi,17-Aug-07,Phase 3,High,2,14,7,2,10,no_interruption
Santi,17-Aug-07,Phase 3,High,2,14,7,3,10,no_interruption
Santi,17-Aug-07,Phase 3,High,2,14,7,4,10,no_interruption
Santi,17-Aug-07,Phase 3,High,2,14,7,5,10,no_interruption
Santi,17-Aug-07,Phase 3,High,2,14,7,6,10,no_interruption
Santi,17-Aug-07,Phase 3,High,2,14,7,7,10,no_interruption
Santi,17-Aug-07,Phase 3,High,2,14,7,8,10,no_interruption
Simon,17-Aug-07,Phase 3,Low,2,14,7,1,1,8
Simon,17-Aug-07,Phase 3,Low,2,14,7,2,10,8
Simon,17-Aug-07,Phase 3,Low,2,14,7,3,5,10
Simon,17-Aug-07,Phase 3,Low,2,14,7,4,5,9
Simon,17-Aug-07,Phase 3,Low,2,14,7,5,6,10
Simon,17-Aug-07,Phase 3,Low,2,14,7,6,4,9
Simon,17-Aug-07,Phase 3,Low,2,14,7,7,5,8
Simon,17-Aug-07,Phase 3,Low,2,14,7,8,3,10
Santi,18-Aug-07,Phase 3,Control,2,15,NULL,1,10,no_interruption
Santi,18-Aug-07,Phase 3,Control,2,15,NULL,2,10,no_interruption
Santi,18-Aug-07,Phase 3,Control,2,15,NULL,3,10,no_interruption
Santi,18-Aug-07,Phase 3,Control,2,15,NULL,4,10,no_interruption
Santi,18-Aug-07,Phase 3,Control,2,15,NULL,5,10,no_interruption
Santi,18-Aug-07,Phase 3,Control,2,15,NULL,6,10,no_interruption
Santi,18-Aug-07,Phase 3,Control,2,15,NULL,7,10,no_interruption
Santi,18-Aug-07,Phase 3,Control,2,15,NULL,8,10,no_interruption
Simon,18-Aug-07,Phase 3,Control,2,15,NULL,1,10,no_interruption
Simon,18-Aug-07,Phase 3,Control,2,15,NULL,2,10,no_interruption
Simon,18-Aug-07,Phase 3,Control,2,15,NULL,3,10,no_interruption
Simon,18-Aug-07,Phase 3,Control,2,15,NULL,4,10,no_interruption
Simon,18-Aug-07,Phase 3,Control,2,15,NULL,5,10,no_interruption
Simon,18-Aug-07,Phase 3,Control,2,15,NULL,6,10,no_interruption
Simon,18-Aug-07,Phase 3,Control,2,15,NULL,7,10,no_interruption
Simon,18-Aug-07,Phase 3,Control,2,15,NULL,8,10,no_interruption
Santi,19-Aug-07,Phase 3,Low,2,16,8,1,10,8
Santi,19-Aug-07,Phase 3,Low,2,16,8,2,6,8
Santi,19-Aug-07,Phase 3,Low,2,16,8,3,8,10
Santi,19-Aug-07,Phase 3,Low,2,16,8,4,9,9
Santi,19-Aug-07,Phase 3,Low,2,16,8,5,4,10
Santi,19-Aug-07,Phase 3,Low,2,16,8,6,7,9
Santi,19-Aug-07,Phase 3,Low,2,16,8,7,7,8
Santi,19-Aug-07,Phase 3,Low,2,16,8,8,7,10
Simon,19-Aug-07,Phase 3,High,2,16,8,1,10,no_interruption
Simon,19-Aug-07,Phase 3,High,2,16,8,2,10,no_interruption
Simon,19-Aug-07,Phase 3,High,2,16,8,3,10,no_interruption
Simon,19-Aug-07,Phase 3,High,2,16,8,4,10,no_interruption
Simon,19-Aug-07,Phase 3,High,2,16,8,5,10,no_interruption
Simon,19-Aug-07,Phase 3,High,2,16,8,6,10,no_interruption
Simon,19-Aug-07,Phase 3,High,2,16,8,7,10,no_interruption
Simon,19-Aug-07,Phase 3,High,2,16,8,8,10,no_interruption
Santi,20-Aug-07,Phase 3,Control,3,17,NULL,1,10,no_interruption
Santi,20-Aug-07,Phase 3,Control,3,17,NULL,2,10,no_interruption
Santi,20-Aug-07,Phase 3,Control,3,17,NULL,3,10,no_interruption
Santi,20-Aug-07,Phase 3,Control,3,17,NULL,4,10,no_interruption
Santi,20-Aug-07,Phase 3,Control,3,17,NULL,5,10,no_interruption
Santi,20-Aug-07,Phase 3,Control,3,17,NULL,6,10,no_interruption
Santi,20-Aug-07,Phase 3,Control,3,17,NULL,7,10,no_interruption
Santi,20-Aug-07,Phase 3,Control,3,17,NULL,8,10,no_interruption
Simon,20-Aug-07,Phase 3,Control,3,17,NULL,1,10,no_interruption
Simon,20-Aug-07,Phase 3,Control,3,17,NULL,2,10,no_interruption
Simon,20-Aug-07,Phase 3,Control,3,17,NULL,3,10,no_interruption
Simon,20-Aug-07,Phase 3,Control,3,17,NULL,4,10,no_interruption
Simon,20-Aug-07,Phase 3,Control,3,17,NULL,5,10,no_interruption
Simon,20-Aug-07,Phase 3,Control,3,17,NULL,6,10,no_interruption
Simon,20-Aug-07,Phase 3,Control,3,17,NULL,7,7,no_interruption
Simon,20-Aug-07,Phase 3,Control,3,17,NULL,8,10,no_interruption
Santi,23-Aug-07,Phase 3,High,3,18,9,1,9,no_interruption
Santi,23-Aug-07,Phase 3,High,3,18,9,2,10,no_interruption
Santi,23-Aug-07,Phase 3,High,3,18,9,3,10,no_interruption
Santi,23-Aug-07,Phase 3,High,3,18,9,4,10,no_interruption
Santi,23-Aug-07,Phase 3,High,3,18,9,5,10,no_interruption
Santi,23-Aug-07,Phase 3,High,3,18,9,6,10,no_interruption
Santi,23-Aug-07,Phase 3,High,3,18,9,7,10,no_interruption
Santi,23-Aug-07,Phase 3,High,3,18,9,8,10,no_interruption
Simon,23-Aug-07,Phase 3,Low,3,18,9,1,10,8
Simon,23-Aug-07,Phase 3,Low,3,18,9,2,10,10
Simon,23-Aug-07,Phase 3,Low,3,18,9,3,8,8
Simon,23-Aug-07,Phase 3,Low,3,18,9,4,8,9
Simon,23-Aug-07,Phase 3,Low,3,18,9,5,6,10
Simon,23-Aug-07,Phase 3,Low,3,18,9,6,7,9
Simon,23-Aug-07,Phase 3,Low,3,18,9,7,8,8
Simon,23-Aug-07,Phase 3,Low,3,18,9,8,7,10
Santi,24-Aug-07,Phase 3,Control,3,19,NULL,1,10,no_interruption
Santi,24-Aug-07,Phase 3,Control,3,19,NULL,2,10,no_interruption
Santi,24-Aug-07,Phase 3,Control,3,19,NULL,3,10,no_interruption
Santi,24-Aug-07,Phase 3,Control,3,19,NULL,4,10,no_interruption
Santi,24-Aug-07,Phase 3,Control,3,19,NULL,5,10,no_interruption
Santi,24-Aug-07,Phase 3,Control,3,19,NULL,6,10,no_interruption
Santi,24-Aug-07,Phase 3,Control,3,19,NULL,7,10,no_interruption
Santi,24-Aug-07,Phase 3,Control,3,19,NULL,8,10,no_interruption
Simon,24-Aug-07,Phase 3,Control,3,19,NULL,1,10,no_interruption
Simon,24-Aug-07,Phase 3,Control,3,19,NULL,2,10,no_interruption
Simon,24-Aug-07,Phase 3,Control,3,19,NULL,3,10,no_interruption
Simon,24-Aug-07,Phase 3,Control,3,19,NULL,4,10,no_interruption
Simon,24-Aug-07,Phase 3,Control,3,19,NULL,5,10,no_interruption
Simon,24-Aug-07,Phase 3,Control,3,19,NULL,6,10,no_interruption
Simon,24-Aug-07,Phase 3,Control,3,19,NULL,7,10,no_interruption
Simon,24-Aug-07,Phase 3,Control,3,19,NULL,8,9,no_interruption
Santi,25-Aug-07,Phase 3,Low,3,20,10,1,10,8
Santi,25-Aug-07,Phase 3,Low,3,20,10,2,6,10
Santi,25-Aug-07,Phase 3,Low,3,20,10,3,10,8
Santi,25-Aug-07,Phase 3,Low,3,20,10,4,9,9
Santi,25-Aug-07,Phase 3,Low,3,20,10,5,6,10
Santi,25-Aug-07,Phase 3,Low,3,20,10,6,5,9
Santi,25-Aug-07,Phase 3,Low,3,20,10,7,8,8
Santi,25-Aug-07,Phase 3,Low,3,20,10,8,7,10
Simon,25-Aug-07,Phase 3,High,3,20,10,1,10,no_interruption
Simon,25-Aug-07,Phase 3,High,3,20,10,2,10,no_interruption
Simon,25-Aug-07,Phase 3,High,3,20,10,3,10,no_interruption
Simon,25-Aug-07,Phase 3,High,3,20,10,4,10,no_interruption
Simon,25-Aug-07,Phase 3,High,3,20,10,5,10,no_interruption
Simon,25-Aug-07,Phase 3,High,3,20,10,6,10,no_interruption
Simon,25-Aug-07,Phase 3,High,3,20,10,7,10,no_interruption
Simon,25-Aug-07,Phase 3,High,3,20,10,8,10,no_interruption
