subject,species,type,latin_name,measure,value,n,sd,reference,notes
AG,Tamarin,Cotton-top,Saguinus oedipus,indiff,7.6,1,,Stevens_etal_2005,
DW,Tamarin,Cotton-top,Saguinus oedipus,indiff,8.4,1,,Stevens_etal_2005,
JG,Tamarin,Cotton-top,Saguinus oedipus,indiff,9.2,1,,Stevens_etal_2005,
JK,Tamarin,Cotton-top,Saguinus oedipus,indiff,5.6,1,,Stevens_etal_2005,
SP,Tamarin,Cotton-top,Saguinus oedipus,indiff,6.7,1,,Stevens_etal_2005,
UB,Tamarin,Cotton-top,Saguinus oedipus,indiff,9.8,1,,Stevens_etal_2005,
Ant,Marmoset,Common,Callithrix jacchus,indiff,10,1,,Stevens_etal_2005,
Des,Marmoset,Common,Callithrix jacchus,indiff,16.2,1,,Stevens_etal_2005,
Jul,Marmoset,Common,Callithrix jacchus,indiff,12.8,1,,Stevens_etal_2005,
Oth,Marmoset,Common,Callithrix jacchus,indiff,13.8,1,,Stevens_etal_2005,
Rom,Marmoset,Common,Callithrix jacchus,indiff,19,1,,Stevens_etal_2005,
Joey,Bonobo,Bonobo,Pan paniscus,indiff,92,1,,Rosati_etal_2007,
Kuno,Bonobo,Bonobo,Pan paniscus,indiff,80,1,,Rosati_etal_2007,
Limbuko,Bonobo,Bonobo,Pan paniscus,indiff,59,1,,Rosati_etal_2007,
Ulindi,Bonobo,Bonobo,Pan paniscus,indiff,91,1,,Rosati_etal_2007,
Yasa,Bonobo,Bonobo,Pan paniscus,indiff,50,1,,Rosati_etal_2007,
Dorien,Chimpanzee,Chimpanzee,Pan troglodytes,indiff,162,1,,Rosati_etal_2007,
Fraukje,Chimpanzee,Chimpanzee,Pan troglodytes,indiff,106,1,,Rosati_etal_2007,
Patrick,Chimpanzee,Chimpanzee,Pan troglodytes,indiff,108,1,,Rosati_etal_2007,
Robert,Chimpanzee,Chimpanzee,Pan troglodytes,indiff,157,1,,Rosati_etal_2007,
Sandra,Chimpanzee,Chimpanzee,Pan troglodytes,indiff,80,1,,Rosati_etal_2007,
Female,Macaque,Long-tailed,Macaca fascicularis,indiff,46,1,,Tobin_Logue_1994,
Male,Macaque,Long-tailed,Macaca fascicularis,indiff,31.6,1,,Tobin_Logue_1994,
Blumchen,Lemur,Red-ruffed,Varecia rubra,indiff,16.6,1,,Stevens_Muhlhoff_2012,
Gustav,Lemur,Black-and-white-ruffed,Varecia variegata,indiff,9.2,1,,Stevens_Muhlhoff_2012,
Ole,Lemur,Black-and-white-ruffed,Varecia variegata,indiff,19.8,1,,Stevens_Muhlhoff_2012,
Puppi,Lemur,Black-and-white-ruffed,Varecia variegata,indiff,24.6,1,,Stevens_Muhlhoff_2012,
Uta,Lemur,Black,Eulemur macaco,indiff,14.8,1,,Stevens_Muhlhoff_2012,
Cammello,Capuchin,Brown,Sapajus apella,indiff,78,1,,Addessi_etal_2011,
Carlotta,Capuchin,Brown,Sapajus apella,indiff,111,1,,Addessi_etal_2011,
Gal,Capuchin,Brown,Sapajus apella,indiff,73,1,,Addessi_etal_2011,
Paprica,Capuchin,Brown,Sapajus apella,indiff,138,1,,Addessi_etal_2011,
Pedro,Capuchin,Brown,Sapajus apella,indiff,39,1,,Addessi_etal_2011,
Penelope,Capuchin,Brown,Sapajus apella,indiff,57,1,,Addessi_etal_2011,
Pippi,Capuchin,Brown,Sapajus apella,indiff,131,1,,Addessi_etal_2011,
Roberta,Capuchin,Brown,Sapajus apella,indiff,116,1,,Addessi_etal_2011,
Robin Hood,Capuchin,Brown,Sapajus apella,indiff,38,1,,Addessi_etal_2011,
Robinia,Capuchin,Brown,Sapajus apella,indiff,83,1,,Addessi_etal_2011,
Robot,Capuchin,Brown,Sapajus apella,indiff,59,1,,Addessi_etal_2011,
Rubens,Capuchin,Brown,Sapajus apella,indiff,82,1,,Addessi_etal_2011,
Rucola,Capuchin,Brown,Sapajus apella,indiff,80,1,,Addessi_etal_2011,
Sandokan,Capuchin,Brown,Sapajus apella,indiff,58,1,,Addessi_etal_2011,
Saroma,Capuchin,Brown,Sapajus apella,indiff,99,1,,Addessi_etal_2011,
Vispo,Capuchin,Brown,Sapajus apella,indiff,56,1,,Addessi_etal_2011,
Bebe,Gorilla,Lowland,Gorilla gorilla,indiff,25,1,,Amici_etal_2008,
Gorgo,Gorilla,Lowland,Gorilla gorilla,indiff,30,1,,Amici_etal_2008,
Kibara,Gorilla,Lowland,Gorilla gorilla,indiff,48,1,,Amici_etal_2008,
Viringik,Gorilla,Lowland,Gorilla gorilla,indiff,73,1,,Amici_etal_2008,
Bimbo,Orangutan,Orangutan,Pongo pygmaeus,indiff,30,1,,Amici_etal_2008,
Dokana,Orangutan,Orangutan,Pongo pygmaeus,indiff,76,1,,Amici_etal_2008,
Dunja,Orangutan,Orangutan,Pongo pygmaeus,indiff,85,1,,Amici_etal_2008,
Kila,Orangutan,Orangutan,Pongo pygmaeus,indiff,27,1,,Amici_etal_2008,
Padana,Orangutan,Orangutan,Pongo pygmaeus,indiff,44,1,,Amici_etal_2008,
Pagai,Orangutan,Orangutan,Pongo pygmaeus,indiff,21,1,,Amici_etal_2008,
Pini,Orangutan,Orangutan,Pongo pygmaeus,indiff,74,1,,Amici_etal_2008,
Raja,Orangutan,Orangutan,Pongo pygmaeus,indiff,40,1,,Amici_etal_2008,
5_1 ,Spider monkey,Black-handed,Ateles geoffroyi,indiff,89,1,,Amici_etal_2008,
5_11,Spider monkey,Black-handed,Ateles geoffroyi,indiff,60,1,,Amici_etal_2008,
5_2 ,Spider monkey,Black-handed,Ateles geoffroyi,indiff,123,1,,Amici_etal_2008,
5_21,Spider monkey,Black-handed,Ateles geoffroyi,indiff,87,1,,Amici_etal_2008,
5_23,Spider monkey,Black-handed,Ateles geoffroyi,indiff,121,1,,Amici_etal_2008,
5_24,Spider monkey,Black-handed,Ateles geoffroyi,indiff,60,1,,Amici_etal_2008,
5_3 ,Spider monkey,Black-handed,Ateles geoffroyi,indiff,96,1,,Amici_etal_2008,
5_31,Spider monkey,Black-handed,Ateles geoffroyi,indiff,73,1,,Amici_etal_2008,
5_32,Spider monkey,Black-handed,Ateles geoffroyi,indiff,40,1,,Amici_etal_2008,
5_4 ,Spider monkey,Black-handed,Ateles geoffroyi,indiff,70,1,,Amici_etal_2008,
5_8 ,Spider monkey,Black-handed,Ateles geoffroyi,indiff,42,1,,Amici_etal_2008,
5_9 ,Spider monkey,Black-handed,Ateles geoffroyi,indiff,51,1,,Amici_etal_2008,
Cognac,Capuchin,Brown,Sapajus apella,indiff,24,1,,Amici_etal_2008,
Paquita,Capuchin,Brown,Sapajus apella,indiff,7,1,,Amici_etal_2008,
Pedro,Capuchin,Brown,Sapajus apella,indiff,25,1,,Amici_etal_2008,
Penelope,Capuchin,Brown,Sapajus apella,indiff,36,1,,Amici_etal_2008,
Pepe,Capuchin,Brown,Sapajus apella,indiff,30,1,,Amici_etal_2008,
Pippi,Capuchin,Brown,Sapajus apella,indiff,18,1,,Amici_etal_2008,
Quincey,Capuchin,Brown,Sapajus apella,indiff,27,1,,Amici_etal_2008,
Roberta,Capuchin,Brown,Sapajus apella,indiff,16,1,,Amici_etal_2008,
Robinia,Capuchin,Brown,Sapajus apella,indiff,32,1,,Amici_etal_2008,
Rubens,Capuchin,Brown,Sapajus apella,indiff,20,1,,Amici_etal_2008,
Sandokan,Capuchin,Brown,Sapajus apella,indiff,16,1,,Amici_etal_2008,
Vispo,Capuchin,Brown,Sapajus apella,indiff,9,1,,Amici_etal_2008,
Anastasi,Macaque,Long-tailed,Macaca fascicularis,indiff,33,1,,Amici_etal_2008,
Cleo,Macaque,Long-tailed,Macaca fascicularis,indiff,46,1,,Amici_etal_2008,
Cornea,Macaque,Long-tailed,Macaca fascicularis,indiff,6,1,,Amici_etal_2008,
Era ,Macaque,Long-tailed,Macaca fascicularis,indiff,19,1,,Amici_etal_2008,
Icetea,Macaque,Long-tailed,Macaca fascicularis,indiff,32,1,,Amici_etal_2008,
Linea,Macaque,Long-tailed,Macaca fascicularis,indiff,33,1,,Amici_etal_2008,
Logica,Macaque,Long-tailed,Macaca fascicularis,indiff,24,1,,Amici_etal_2008,
Ofelia,Macaque,Long-tailed,Macaca fascicularis,indiff,23,1,,Amici_etal_2008,
Salvador,Macaque,Long-tailed,Macaca fascicularis,indiff,9,1,,Amici_etal_2008,
Sea ,Macaque,Long-tailed,Macaca fascicularis,indiff,7,1,,Amici_etal_2008,
Video,Macaque,Long-tailed,Macaca fascicularis,indiff,39,1,,Amici_etal_2008,
Zargasso,Macaque,Long-tailed,Macaca fascicularis,indiff,21,1,,Amici_etal_2008,
D,Macaque,Rhesus,Macaca mulatta,indiff,12.9582278481,1,,Louie_Glimcher_2010,indiff calculated from k=0.158
W,Macaque,Rhesus,Macaca mulatta,indiff,50.3,1,,Louie_Glimcher_2010,indiff calculated from k=0.04
,Macaque,Rhesus,Macaca mulatta,indiff,4.4666666667,1,,Pearson_etal_2010,indiff calculated from k=0.48
,Macaque,Rhesus,Macaca mulatta,indiff,9.3909090909,1,,Pearson_etal_2010,indiff calculated from k=0.22
AG,Tamarin,Cotton-top,Saguinus oedipus,bodywt,413,1,,Stevens_etal_2005,
DW,Tamarin,Cotton-top,Saguinus oedipus,bodywt,322,1,,Stevens_etal_2005,
JG,Tamarin,Cotton-top,Saguinus oedipus,bodywt,431,1,,Stevens_etal_2005,
JK,Tamarin,Cotton-top,Saguinus oedipus,bodywt,376,1,,Stevens_etal_2005,
SP,Tamarin,Cotton-top,Saguinus oedipus,bodywt,435,1,,Stevens_etal_2005,
UB,Tamarin,Cotton-top,Saguinus oedipus,bodywt,404,1,,Stevens_etal_2005,
Ant,Marmoset,Common,Callithrix jacchus,bodywt,254,1,,Stevens_etal_2005,
Des,Marmoset,Common,Callithrix jacchus,bodywt,340,1,,Stevens_etal_2005,
Jul,Marmoset,Common,Callithrix jacchus,bodywt,394,1,,Stevens_etal_2005,
Oth,Marmoset,Common,Callithrix jacchus,bodywt,294,1,,Stevens_etal_2005,
Rom,Marmoset,Common,Callithrix jacchus,bodywt,335,1,,Stevens_etal_2005,
Ludwig,Bonobo,Bonobo,Pan paniscus,bodywt,48600,1,,Deschner_etal_2008,
Margrit,Bonobo,Bonobo,Pan paniscus,bodywt,29900,1,,Deschner_etal_2008,
Natalie,Bonobo,Bonobo,Pan paniscus,bodywt,31800,1,,Deschner_etal_2008,
Ukela,Bonobo,Bonobo,Pan paniscus,bodywt,25300,1,,Deschner_etal_2008,
Kamiti,Bonobo,Bonobo,Pan paniscus,bodywt,32000,1,,Deschner_etal_2008,
Zomi,Bonobo,Bonobo,Pan paniscus,bodywt,25600,1,,Deschner_etal_2008,
Kutu,Bonobo,Bonobo,Pan paniscus,bodywt,30200,1,,Deschner_etal_2008,
,Bonobo,Bonobo,Pan paniscus,bodywt,39100,13,,Jungers_Susman_1984,
,Chimpanzee,Chimpanzee,Pan troglodytes,bodywt,46300,1,,Smith_Jungers_1997,
,Chimpanzee,Chimpanzee,Pan troglodytes,bodywt,41600,3,,Smith_Jungers_1997,
,Chimpanzee,Chimpanzee,Pan troglodytes,bodywt,59700,5,,Jungers_Susman_1984,
,Chimpanzee,Chimpanzee,Pan troglodytes,bodywt,45800,4,,Jungers_Susman_1984,
FL,Chimpanzee,Chimpanzee,Pan troglodytes,bodywt,26400,1,,Wrangham_Smuts_1980,
PS,Chimpanzee,Chimpanzee,Pan troglodytes,bodywt,32300,1,,Wrangham_Smuts_1980,
ML,Chimpanzee,Chimpanzee,Pan troglodytes,bodywt,28200,1,,Wrangham_Smuts_1980,
NP,Chimpanzee,Chimpanzee,Pan troglodytes,bodywt,30000,1,,Wrangham_Smuts_1980,
MF,Chimpanzee,Chimpanzee,Pan troglodytes,bodywt,30000,1,,Wrangham_Smuts_1980,
FF,Chimpanzee,Chimpanzee,Pan troglodytes,bodywt,31800,1,,Wrangham_Smuts_1980,
HG,Chimpanzee,Chimpanzee,Pan troglodytes,bodywt,39100,1,,Wrangham_Smuts_1980,
MK,Chimpanzee,Chimpanzee,Pan troglodytes,bodywt,36400,1,,Wrangham_Smuts_1980,
GO,Chimpanzee,Chimpanzee,Pan troglodytes,bodywt,36800,1,,Wrangham_Smuts_1980,
HM,Chimpanzee,Chimpanzee,Pan troglodytes,bodywt,44100,1,,Wrangham_Smuts_1980,
EV,Chimpanzee,Chimpanzee,Pan troglodytes,bodywt,37700,1,,Wrangham_Smuts_1980,
FG,Chimpanzee,Chimpanzee,Pan troglodytes,bodywt,36800,1,,Wrangham_Smuts_1980,
FB,Chimpanzee,Chimpanzee,Pan troglodytes,bodywt,33600,1,,Wrangham_Smuts_1980,
ST,Chimpanzee,Chimpanzee,Pan troglodytes,bodywt,44100,1,,Wrangham_Smuts_1980,
JJ,Chimpanzee,Chimpanzee,Pan troglodytes,bodywt,47300,1,,Wrangham_Smuts_1980,
,Chimpanzee,Chimpanzee,Pan troglodytes,bodywt,42300,11,,Pusey_1978,not verified
,Chimpanzee,Chimpanzee,Pan troglodytes,bodywt,30000,7,,Pusey_1978,not verified
KM,Chimpanzee,Chimpanzee,Pan troglodytes,bodywt,34300,1,,Uehara_Nishida_1987,
KS,Chimpanzee,Chimpanzee,Pan troglodytes,bodywt,49600,1,,Uehara_Nishida_1987,
KN,Chimpanzee,Chimpanzee,Pan troglodytes,bodywt,46100,1,,Uehara_Nishida_1987,
SB,Chimpanzee,Chimpanzee,Pan troglodytes,bodywt,42900,1,,Uehara_Nishida_1987,
Ludwig,Chimpanzee,Chimpanzee,Pan troglodytes,bodywt,38800,1,,Uehara_Nishida_1987,
MU,Chimpanzee,Chimpanzee,Pan troglodytes,bodywt,40300,1,,Uehara_Nishida_1987,
WB,Chimpanzee,Chimpanzee,Pan troglodytes,bodywt,30500,1,,Uehara_Nishida_1987,
WW,Chimpanzee,Chimpanzee,Pan troglodytes,bodywt,38300,1,,Uehara_Nishida_1987,
WT,Chimpanzee,Chimpanzee,Pan troglodytes,bodywt,36200,1,,Uehara_Nishida_1987,
WS,Chimpanzee,Chimpanzee,Pan troglodytes,bodywt,33800,1,,Uehara_Nishida_1987,
CH,Chimpanzee,Chimpanzee,Pan troglodytes,bodywt,41800,1,,Uehara_Nishida_1987,
WL,Chimpanzee,Chimpanzee,Pan troglodytes,bodywt,35300,1,,Uehara_Nishida_1987,
GW,Chimpanzee,Chimpanzee,Pan troglodytes,bodywt,35300,1,,Uehara_Nishida_1987,
ND,Chimpanzee,Chimpanzee,Pan troglodytes,bodywt,30000,1,,Uehara_Nishida_1987,
,Chimpanzee,Chimpanzee,Pan troglodytes,bodywt,46000,1,,Rahm_1967,
,Chimpanzee,Chimpanzee,Pan troglodytes,bodywt,41400,1,,Rahm_1967,
,Chimpanzee,Chimpanzee,Pan troglodytes,bodywt,41000,1,,Rahm_1967,
,Chimpanzee,Chimpanzee,Pan troglodytes,bodywt,46000,1,,Rahm_1967,
,Chimpanzee,Chimpanzee,Pan troglodytes,bodywt,34500,1,,Rahm_1967,
,Chimpanzee,Chimpanzee,Pan troglodytes,bodywt,31000,1,,Rahm_1967,
,Chimpanzee,Chimpanzee,Pan troglodytes,bodywt,30100,1,,Rahm_1967,
,Chimpanzee,Chimpanzee,Pan troglodytes,bodywt,29600,1,,Rahm_1967,
,Chimpanzee,Chimpanzee,Pan troglodytes,bodywt,27600,1,,Rahm_1967,
,Chimpanzee,Chimpanzee,Pan troglodytes,bodywt,37000,1,,Rahm_1967,
,Chimpanzee,Chimpanzee,Pan troglodytes,bodywt,36000,1,,Rahm_1967,
,Chimpanzee,Chimpanzee,Pan troglodytes,bodywt,37000,1,,Rahm_1967,
,Macaque,Long-tailed,Macaca fascicularis,bodywt,5360,69,,Fooden_1995,
,Macaque,Long-tailed,Macaca fascicularis,bodywt,3590,46,,Fooden_1995,
,Macaque,Long-tailed,Macaca fascicularis,bodywt,8280,12,930,Bakar_etal_1981,
,Macaque,Long-tailed,Macaca fascicularis,bodywt,4550,12,690,Bakar_etal_1981,
,Macaque,Long-tailed,Macaca fascicularis,bodywt,5450,2,350,Bakar_etal_1981,
,Macaque,Long-tailed,Macaca fascicularis,bodywt,3000,?,,MacKinnon_MacKinnon_1978,
,Macaque,Long-tailed,Macaca fascicularis,bodywt,3500,1,,Roonwal_Mohnot_1977,
,Macaque,Long-tailed,Macaca fascicularis,bodywt,8300,1,,Roonwal_Mohnot_1977,
,Macaque,Long-tailed,Macaca fascicularis,bodywt,2500,1,,Roonwal_Mohnot_1977,
,Macaque,Long-tailed,Macaca fascicularis,bodywt,5700,1,,Roonwal_Mohnot_1977,
,Macaque,Long-tailed,Macaca fascicularis,bodywt,1500,1,,Roonwal_Mohnot_1977,
,Macaque,Long-tailed,Macaca fascicularis,bodywt,5000,1,,Roonwal_Mohnot_1977,
,Macaque,Rhesus,Macaca mulatta,bodywt,7710,8,,Napier_1981,not verified
,Macaque,Rhesus,Macaca mulatta,bodywt,4900,9,,Napier_1981,not verified
,Macaque,Rhesus,Macaca mulatta,bodywt,7128,20,,Fitch_1997,
11,Macaque,Rhesus,Macaca mulatta,bodywt,3629,1,,Altmann_1962,
12,Macaque,Rhesus,Macaca mulatta,bodywt,6577,1,,Altmann_1962,
20,Macaque,Rhesus,Macaca mulatta,bodywt,4763,1,,Altmann_1962,
34,Macaque,Rhesus,Macaca mulatta,bodywt,4082,1,,Altmann_1962,
47,Macaque,Rhesus,Macaca mulatta,bodywt,9299,1,,Altmann_1962,
48,Macaque,Rhesus,Macaca mulatta,bodywt,5670,1,,Altmann_1962,
54,Macaque,Rhesus,Macaca mulatta,bodywt,5897,1,,Altmann_1962,
60,Macaque,Rhesus,Macaca mulatta,bodywt,9866,1,,Altmann_1962,
64,Macaque,Rhesus,Macaca mulatta,bodywt,5330,1,,Altmann_1962,
66,Macaque,Rhesus,Macaca mulatta,bodywt,9752,1,,Altmann_1962,
70,Macaque,Rhesus,Macaca mulatta,bodywt,8278,1,,Altmann_1962,
73,Macaque,Rhesus,Macaca mulatta,bodywt,7598,1,,Altmann_1962,
76,Macaque,Rhesus,Macaca mulatta,bodywt,5103,1,,Altmann_1962,
78,Macaque,Rhesus,Macaca mulatta,bodywt,4536,1,,Altmann_1962,
81,Macaque,Rhesus,Macaca mulatta,bodywt,4082,1,,Altmann_1962,
82,Macaque,Rhesus,Macaca mulatta,bodywt,5557,1,,Altmann_1962,
83,Macaque,Rhesus,Macaca mulatta,bodywt,6237,1,,Altmann_1962,
84,Macaque,Rhesus,Macaca mulatta,bodywt,5443,1,,Altmann_1962,
89,Macaque,Rhesus,Macaca mulatta,bodywt,8276,1,,Altmann_1962,
90,Macaque,Rhesus,Macaca mulatta,bodywt,4763,1,,Altmann_1962,
91,Macaque,Rhesus,Macaca mulatta,bodywt,7031,1,,Altmann_1962,
92,Macaque,Rhesus,Macaca mulatta,bodywt,4082,1,,Altmann_1962,
93,Macaque,Rhesus,Macaca mulatta,bodywt,5670,1,,Altmann_1962,
94,Macaque,Rhesus,Macaca mulatta,bodywt,4536,1,,Altmann_1962,
103,Macaque,Rhesus,Macaca mulatta,bodywt,8618,1,,Altmann_1962,
110,Macaque,Rhesus,Macaca mulatta,bodywt,8335,1,,Altmann_1962,
119,Macaque,Rhesus,Macaca mulatta,bodywt,6294,1,,Altmann_1962,
128,Macaque,Rhesus,Macaca mulatta,bodywt,6606,1,,Altmann_1962,
129,Macaque,Rhesus,Macaca mulatta,bodywt,6577,1,,Altmann_1962,
130,Macaque,Rhesus,Macaca mulatta,bodywt,6564,1,,Altmann_1962,
22,Macaque,Rhesus,Macaca mulatta,bodywt,10659,1,,Altmann_1962,
60,Macaque,Rhesus,Macaca mulatta,bodywt,8845,1,,Altmann_1962,
190,Macaque,Rhesus,Macaca mulatta,bodywt,7258,1,,Altmann_1962,
A48,Macaque,Rhesus,Macaca mulatta,bodywt,6350,1,,Altmann_1962,
E1,Macaque,Rhesus,Macaca mulatta,bodywt,5543,1,,Altmann_1962,
E47,Macaque,Rhesus,Macaca mulatta,bodywt,4649,1,,Altmann_1962,
,Macaque,Rhesus,Macaca mulatta,bodywt,5600,1,,Roonwal_Mohnot_1977,
,Macaque,Rhesus,Macaca mulatta,bodywt,10900,1,,Roonwal_Mohnot_1977,
,Macaque,Rhesus,Macaca mulatta,bodywt,3000,1,,Roonwal_Mohnot_1977,
,Macaque,Rhesus,Macaca mulatta,bodywt,10700,1,,Roonwal_Mohnot_1977,
,Macaque,Rhesus,Macaca mulatta,bodywt,5400,1,,Roonwal_Mohnot_1977,
,Macaque,Rhesus,Macaca mulatta,bodywt,7000,1,,Roonwal_Mohnot_1977,
,Lemur-Red-Ruffed,Red-ruffed,Varecia rubra,bodywt,2950,22,,Dutton_etal_2008,
,Lemur-Red-Ruffed,Red-ruffed,Varecia rubra,bodywt,3640,2,,Vasey_2003,
,Lemur-Red-Ruffed,Red-ruffed,Varecia rubra,bodywt,3300,1,,Vasey_2003,
,Lemur-Red-Ruffed,Red-ruffed,Varecia rubra,bodywt,3473,17,?,Kappeler_1991,captive
,Lemur-Red-Ruffed,Red-ruffed,Varecia rubra,bodywt,3546,20,?,Kappeler_1991,captive
,Lemur-Black-and-White-Ruffed,Black-and-white-ruffed,Varecia variegata,bodywt,3524,53,,Terranova_Coffmann_1997,captive
,Lemur-Black-and-White-Ruffed,Black-and-white-ruffed,Varecia variegata,bodywt,3600,18,,Terranova_Coffmann_1997,wild
,Lemur-Black-and-White-Ruffed,Black-and-white-ruffed,Varecia variegata,bodywt,3117,9,,Moreland_1991,
,Lemur-Black-and-White-Ruffed,Black-and-white-ruffed,Varecia variegata,bodywt,3414,26,?,Kappeler_1991,captive
,Lemur-Black-and-White-Ruffed,Black-and-white-ruffed,Varecia variegata,bodywt,3548,18,?,Kappeler_1991,captive
,Lemur-Black,Black,Eulemur macaco,bodywt,2473,66,,Terranova_Coffmann_1997,
,Lemur-Black,Black,Eulemur macaco,bodywt,2415,20,?,Kappeler_1991,captive
,Lemur-Black,Black,Eulemur macaco,bodywt,2552,15,?,Kappeler_1991,captive
,Lemur-Black,Black,Eulemur macaco,bodywt,2283,3,22,Bayart_Simmen_2005,males
,Lemur-Black,Black,Eulemur macaco,bodywt,2283,3,22,Bayart_Simmen_2005,females
,Lemur-Black,Black,Eulemur macaco,bodywt,1780,14,320,Junge_Louis_2007,Males range:1100-2200
,Lemur-Black,Black,Eulemur macaco,bodywt,1750,11,470,Junge_Louis_2007,Females range: 800-2350
,Capuchin,Brown,Sapajus apella,bodywt,3650,51,,Smith_Jungers_1997,
,Capuchin,Brown,Sapajus apella,bodywt,2520,38,,Smith_Jungers_1997,
,Gorilla,Lowland,Gorilla gorilla,bodywt,170400,10,,Jungers_Susman_1984,
,Gorilla,Lowland,Gorilla gorilla,bodywt,71500,3,,Jungers_Susman_1984,
,Gorilla,Lowland,Gorilla gorilla,bodywt,175200,4,,Jungers_Susman_1984,
,Gorilla,Lowland,Gorilla gorilla,bodywt,71000,2,,Jungers_Susman_1984,
,Orangutan,Orangutan,Pongo pygmaeus,bodywt,77900,3,,Smith_Jungers_1997,
,Orangutan,Orangutan,Pongo pygmaeus,bodywt,35600,4,,Smith_Jungers_1997,
,Orangutan,Orangutan,Pongo pygmaeus,bodywt,78500,7,,Smith_Jungers_1997,
,Orangutan,Orangutan,Pongo pygmaeus,bodywt,35800,13,,Smith_Jungers_1997,
,Orangutan,Orangutan,Pongo pygmaeus,bodywt,83600,6,,Rodman_1984,
,Orangutan,Orangutan,Pongo pygmaeus,bodywt,37800,9,,Rodman_1984,
,Orangutan,Orangutan,Pongo pygmaeus,bodywt,34000,1,,Eckhardt_1975,
,Orangutan,Orangutan,Pongo pygmaeus,bodywt,86000,1,,Eckhardt_1975,
,Orangutan,Orangutan,Pongo pygmaeus,bodywt,33600,1,,Eckhardt_1975,
,Orangutan,Orangutan,Pongo pygmaeus,bodywt,44400,1,,Eckhardt_1975,
,Orangutan,Orangutan,Pongo pygmaeus,bodywt,75000,1,,Eckhardt_1975,
,Orangutan,Orangutan,Pongo pygmaeus,bodywt,76000,1,,Eckhardt_1975,
,Orangutan,Orangutan,Pongo pygmaeus,bodywt,75300,5,23700,Eckhardt_1975,
,Orangutan,Orangutan,Pongo pygmaeus,bodywt,58000,1,,Eckhardt_1975,
,Orangutan,Orangutan,Pongo pygmaeus,bodywt,77000,1,,Eckhardt_1975,
,Orangutan,Orangutan,Pongo pygmaeus,bodywt,34020,1,,Eckhardt_1975,
,Orangutan,Orangutan,Pongo pygmaeus,bodywt,90700,1,,Eckhardt_1975,
,Orangutan,Orangutan,Pongo pygmaeus,bodywt,34000,1,,Eckhardt_1975,
,Orangutan,Orangutan,Pongo pygmaeus,bodywt,32700,1,,Eckhardt_1975,
,Orangutan,Orangutan,Pongo pygmaeus,bodywt,45400,1,,Eckhardt_1975,
,Orangutan,Orangutan,Pongo pygmaeus,bodywt,32700,1,,Eckhardt_1975,
,Orangutan,Orangutan,Pongo pygmaeus,bodywt,41730,1,,Eckhardt_1975,
,Orangutan,Orangutan,Pongo pygmaeus,bodywt,32700,1,,Eckhardt_1975,
,Orangutan,Orangutan,Pongo pygmaeus,bodywt,45400,1,,Eckhardt_1975,
,Spider monkey,Black-handed,Ateles geoffroyi,bodywt,7780,25,,Smith_Jungers_1997,
,Spider monkey,Black-handed,Ateles geoffroyi,bodywt,7290,63,,Smith_Jungers_1997,
,Spider monkey,Black-handed,Ateles geoffroyi,bodywt,8000,1,,Stephan_etal_1981,
,Tamarin,Cotton-top,Saguinus oedipus,ecv,9.6,32,,Isler_etal_2008,
,Tamarin,Cotton-top,Saguinus oedipus,ecv,9.9,18,,Isler_etal_2008,
,Marmoset,Common,Callithrix jacchus,ecv,7.4,3,,Isler_etal_2008,
,Marmoset,Common,Callithrix jacchus,ecv,7.1,4,,Isler_etal_2008,
,Bonobo,Bonobo,Pan paniscus,ecv,356.3,6,,Isler_etal_2008,
,Bonobo,Bonobo,Pan paniscus,ecv,326.3,4,,Isler_etal_2008,
,Chimpanzee,Chimpanzee,Pan troglodytes,ecv,386.2,55,,Isler_etal_2008,
,Chimpanzee,Chimpanzee,Pan troglodytes,ecv,350.5,60,,Isler_etal_2008,
,Macaque,Long-tailed,Macaca fascicularis,ecv,65.8,60,,Isler_etal_2008,
,Macaque,Long-tailed,Macaca fascicularis,ecv,62.1,37,,Isler_etal_2008,
,Macaque,Rhesus,Macaca mulatta,ecv,93.7,44,,Isler_etal_2008,
,Macaque,Rhesus,Macaca mulatta,ecv,84.3,59,,Isler_etal_2008,
,Lemur-Red-Ruffed,Red-ruffed,Varecia rubra,ecv,31.08,3,,Isler_etal_2008,
,Lemur-Black-and-White-Ruffed,Black-and-white-ruffed,Varecia variegata,ecv,34,2,,Isler_etal_2008,
,Lemur-Black-and-White-Ruffed,Black-and-white-ruffed,Varecia variegata,ecv,31.2,4,,Isler_etal_2008,
,Lemur-Black,Black,Eulemur macaco,ecv,25.7,3,,Isler_etal_2008,
,Lemur-Black,Black,Eulemur macaco,ecv,24.9,2,,Isler_etal_2008,
,Capuchin,Brown,Sapajus apella,ecv,68.9,22,,Isler_etal_2008,
,Capuchin,Brown,Sapajus apella,ecv,64.3,26,,Isler_etal_2008,
,Gorilla,Lowland,Gorilla gorilla,ecv,524.9,37,,Isler_etal_2008,
,Gorilla,Lowland,Gorilla gorilla,ecv,455.9,19,,Isler_etal_2008,
,Orangutan,Orangutan,Pongo pygmaeus,ecv,417,43,,Isler_etal_2008,
,Orangutan,Orangutan,Pongo pygmaeus,ecv,337.7,38,,Isler_etal_2008,
,Spider monkey,Black-handed,Ateles geoffroyi,ecv,109.6,10,,Isler_etal_2008,
,Spider monkey,Black-handed,Ateles geoffroyi,ecv,105.1,10,,Isler_etal_2008,
,Tamarin,Cotton-top,Saguinus oedipus,groupsize,13,1,,Neyman_1977,
,Tamarin,Cotton-top,Saguinus oedipus,groupsize,5,1,,Neyman_1977,
,Tamarin,Cotton-top,Saguinus oedipus,groupsize,4,1,,Neyman_1977,
,Tamarin,Cotton-top,Saguinus oedipus,groupsize,7,1,,Neyman_1977,
,Tamarin,Cotton-top,Saguinus oedipus,groupsize,7,1,,Neyman_1977,
,Tamarin,Cotton-top,Saguinus oedipus,groupsize,8,1,,Neyman_1977,
,Tamarin,Cotton-top,Saguinus oedipus,groupsize,12,1,,Neyman_1977,
,Tamarin,Cotton-top,Saguinus oedipus,groupsize,8,1,,Neyman_1977,
,Tamarin,Cotton-top,Saguinus oedipus,groupsize,9,1,,Neyman_1977,
,Tamarin,Cotton-top,Saguinus oedipus,groupsize,4,1,,Neyman_1977,
,Tamarin,Cotton-top,Saguinus oedipus,groupsize,5,1,,Neyman_1977,
,Tamarin,Cotton-top,Saguinus oedipus,groupsize,10,1,,Neyman_1977,
,Tamarin,Cotton-top,Saguinus oedipus,groupsize,10,1,,Neyman_1977,
,Tamarin,Cotton-top,Saguinus oedipus,groupsize,6,1,,Neyman_1977,
,Tamarin,Cotton-top,Saguinus oedipus,groupsize,8,1,,Neyman_1977,
,Tamarin,Cotton-top,Saguinus oedipus,groupsize,7,1,,Savage_etal_1996,
,Tamarin,Cotton-top,Saguinus oedipus,groupsize,7,1,,Savage_etal_1996,
,Tamarin,Cotton-top,Saguinus oedipus,groupsize,3,1,,Savage_etal_1996,
,Tamarin,Cotton-top,Saguinus oedipus,groupsize,6,1,,Savage_etal_1996,
,Tamarin,Cotton-top,Saguinus oedipus,groupsize,3,1,,Savage_etal_1996,
,Tamarin,Cotton-top,Saguinus oedipus,groupsize,2,1,,Hershkovitz_1977,
,Tamarin,Cotton-top,Saguinus oedipus,groupsize,6,1,,Hershkovitz_1977,
,Tamarin,Cotton-top,Saguinus oedipus,groupsize,4,1,,Hershkovitz_1977,
,Tamarin,Cotton-top,Saguinus oedipus,groupsize,3,1,,Hershkovitz_1977,
,Tamarin,Cotton-top,Saguinus oedipus,groupsize,4,1,,Hershkovitz_1977,
,Tamarin,Cotton-top,Saguinus oedipus,groupsize,6,1,,Hershkovitz_1977,
,Marmoset,Common,Callithrix jacchus,groupsize,13,1,,Hubrecht_1985,
,Marmoset,Common,Callithrix jacchus,groupsize,7,1,,Hubrecht_1985,
,Marmoset,Common,Callithrix jacchus,groupsize,12,1,,Hubrecht_1985,
,Marmoset,Common,Callithrix jacchus,groupsize,11,1,,Hubrecht_1985,
,Marmoset,Common,Callithrix jacchus,groupsize,12,1,,Hubrecht_1985,
,Marmoset,Common,Callithrix jacchus,groupsize,8,1,,Hubrecht_1985,
,Marmoset,Common,Callithrix jacchus,groupsize,10,1,,Hubrecht_1985,
,Marmoset,Common,Callithrix jacchus,groupsize,10,1,,Hubrecht_1985,
,Marmoset,Common,Callithrix jacchus,groupsize,3,1,,Hubrecht_1985,
,Marmoset,Common,Callithrix jacchus,groupsize,7,1,,Hubrecht_1985,
,Marmoset,Common,Callithrix jacchus,groupsize,8,1,,Hubrecht_1985,
,Marmoset,Common,Callithrix jacchus,groupsize,8,1,,Hubrecht_1985,
,Marmoset,Common,Callithrix jacchus,groupsize,5,1,,Stevenson_1978,
,Marmoset,Common,Callithrix jacchus,groupsize,13,1,,Stevenson_1978,
,Marmoset,Common,Callithrix jacchus,groupsize,11,1,,Scanlon_etal_1989,
,Marmoset,Common,Callithrix jacchus,groupsize,12,1,,Scanlon_etal_1989,
,Marmoset,Common,Callithrix jacchus,groupsize,13,1,,Scanlon_etal_1989,
,Marmoset,Common,Callithrix jacchus,groupsize,14,1,,Scanlon_etal_1989,
,Marmoset,Common,Callithrix jacchus,groupsize,7,1,,Scanlon_etal_1989,
,Marmoset,Common,Callithrix jacchus,groupsize,3,1,,Koenig_1995,
,Marmoset,Common,Callithrix jacchus,groupsize,6,1,,Koenig_1995,
,Marmoset,Common,Callithrix jacchus,groupsize,7,1,,Koenig_1995,
,Marmoset,Common,Callithrix jacchus,groupsize,8,1,,Koenig_1995,
,Marmoset,Common,Callithrix jacchus,groupsize,8,1,,Koenig_1995,
,Marmoset,Common,Callithrix jacchus,groupsize,9,1,,Koenig_1995,
,Marmoset,Common,Callithrix jacchus,groupsize,10,1,,Koenig_1995,
,Marmoset,Common,Callithrix jacchus,groupsize,10,1,,Koenig_1995,
,Marmoset,Common,Callithrix jacchus,groupsize,11,1,,Koenig_1995,
,Marmoset,Common,Callithrix jacchus,groupsize,12,1,,Koenig_1995,
,Bonobo,Bonobo,Pan paniscus,groupsize,65,1,,Kano_Mulawa_1984,
,Bonobo,Bonobo,Pan paniscus,groupsize,60,1,,Kano_Mulawa_1984,
,Bonobo,Bonobo,Pan paniscus,groupsize,100,1,,Kano_Mulawa_1984,
,Bonobo,Bonobo,Pan paniscus,groupsize,120,1,,Kano_Mulawa_1984,
,Bonobo,Bonobo,Pan paniscus,groupsize,50,1,,Badrian_Badrian_1984,
,Bonobo,Bonobo,Pan paniscus,groupsize,70,1,,Kuroda_1979,
,Bonobo,Bonobo,Pan paniscus,groupsize,54,1,,Kuroda_1979,
,Bonobo,Bonobo,Pan paniscus,groupsize,22,1,,White_1988,
,Bonobo,Bonobo,Pan paniscus,groupsize,21,1,,White_1988,
,Bonobo,Bonobo,Pan paniscus,groupsize,10,1,,White_1988,
,Bonobo,Bonobo,Pan paniscus,groupsize,31,1,,Hashimoto_etal_1998,
,Bonobo,Bonobo,Pan paniscus,groupsize,52,1,,Hashimoto_etal_1998,
,Chimpanzee,Chimpanzee,Pan troglodytes,groupsize,80,1,,Goodall_1965,60-80
,Chimpanzee,Chimpanzee,Pan troglodytes,groupsize,80,1,,Reynolds_Reynolds_1965,60-80
,Chimpanzee,Chimpanzee,Pan troglodytes,groupsize,20,1,,Nishida_HirahaiwaHasegawa_1987,
,Chimpanzee,Chimpanzee,Pan troglodytes,groupsize,105,1,,Nishida_HirahaiwaHasegawa_1987,
,Chimpanzee,Chimpanzee,Pan troglodytes,groupsize,30,1,,Nishida_HirahaiwaHasegawa_1987,
,Chimpanzee,Chimpanzee,Pan troglodytes,groupsize,100,1,,Nishida_HirahaiwaHasegawa_1987,
,Chimpanzee,Chimpanzee,Pan troglodytes,groupsize,22,1,,Tutin_etal_1983,
,Chimpanzee,Chimpanzee,Pan troglodytes,groupsize,50,1,,Izawa_1970,
,Chimpanzee,Chimpanzee,Pan troglodytes,groupsize,40,1,,Izawa_1970,
,Chimpanzee,Chimpanzee,Pan troglodytes,groupsize,50,1,,Sugiyama_1968,
,Chimpanzee,Chimpanzee,Pan troglodytes,groupsize,60,1,,Sugiyama_1968,
,Chimpanzee,Chimpanzee,Pan troglodytes,groupsize,29,1,,Nishida_1968,
,Chimpanzee,Chimpanzee,Pan troglodytes,groupsize,23,1,,Nishida_1968,
,Chimpanzee,Chimpanzee,Pan troglodytes,groupsize,31,1,,Nishida_1968,
,Chimpanzee,Chimpanzee,Pan troglodytes,groupsize,43,1,,Nishida_1968,
,Chimpanzee,Chimpanzee,Pan troglodytes,groupsize,3,1,,Rahm_1967,
,Chimpanzee,Chimpanzee,Pan troglodytes,groupsize,16,1,,Rahm_1967,
,Chimpanzee,Chimpanzee,Pan troglodytes,groupsize,90,1,,Suzuki_1971,
,Chimpanzee,Chimpanzee,Pan troglodytes,groupsize,37,1,,Wrangham_1977,
,Chimpanzee,Chimpanzee,Pan troglodytes,groupsize,19,1,,Wrangham_1977,
,Chimpanzee,Chimpanzee,Pan troglodytes,groupsize,80,1,,Kortlandt_1967,in Jolly 1972
,Macaque,Long-tailed,Macaca fascicularis,groupsize,11,1,,van_Schaik_etal_1983,
,Macaque,Long-tailed,Macaca fascicularis,groupsize,13,?,,MacKinnon_MacKinnon_1978,
,Macaque,Long-tailed,Macaca fascicularis,groupsize,5,1,,Roonwal_Mohnot_1977,
,Macaque,Long-tailed,Macaca fascicularis,groupsize,15,1,,Roonwal_Mohnot_1977,
,Macaque,Long-tailed,Macaca fascicularis,groupsize,100,1,,Roonwal_Mohnot_1977,
,Macaque,Long-tailed,Macaca fascicularis,groupsize,8,1,,Roonwal_Mohnot_1977,
,Macaque,Long-tailed,Macaca fascicularis,groupsize,72,1,,Roonwal_Mohnot_1977,
,Macaque,Long-tailed,Macaca fascicularis,groupsize,14,1,,Roonwal_Mohnot_1977,
,Macaque,Long-tailed,Macaca fascicularis,groupsize,15,1,,Roonwal_Mohnot_1977,
,Macaque,Long-tailed,Macaca fascicularis,groupsize,20,1,,Roonwal_Mohnot_1977,
,Macaque,Long-tailed,Macaca fascicularis,groupsize,70,1,,Roonwal_Mohnot_1977,
,Macaque,Long-tailed,Macaca fascicularis,groupsize,38,1,,Roonwal_Mohnot_1977,
,Macaque,Long-tailed,Macaca fascicularis,groupsize,57,1,,Roonwal_Mohnot_1977,
,Macaque,Long-tailed,Macaca fascicularis,groupsize,8,1,,Roonwal_Mohnot_1977,
,Macaque,Long-tailed,Macaca fascicularis,groupsize,40,1,,Roonwal_Mohnot_1977,
,Macaque,Long-tailed,Macaca fascicularis,groupsize,20,1,,Fooden_1971,
,Macaque,Long-tailed,Macaca fascicularis,groupsize,20,1,,Fooden_1971,
,Macaque,Long-tailed,Macaca fascicularis,groupsize,1,1,,Fooden_1971,
,Macaque,Long-tailed,Macaca fascicularis,groupsize,20,1,,Fooden_1971,
,Macaque,Long-tailed,Macaca fascicularis,groupsize,100,1,,Fooden_1971,
,Macaque,Long-tailed,Macaca fascicularis,groupsize,90,1,,Fooden_1971,
,Macaque,Long-tailed,Macaca fascicularis,groupsize,1,1,,Fooden_1971,
,Macaque,Long-tailed,Macaca fascicularis,groupsize,30,1,,Fooden_1971,
,Macaque,Long-tailed,Macaca fascicularis,groupsize,15,1,,Fooden_1971,
,Macaque,Long-tailed,Macaca fascicularis,groupsize,12,1,,Fooden_1971,
,Macaque,Long-tailed,Macaca fascicularis,groupsize,15,1,,Fooden_1971,
,Macaque,Long-tailed,Macaca fascicularis,groupsize,10,1,,Fooden_1971,
,Macaque,Long-tailed,Macaca fascicularis,groupsize,7,1,,Fooden_1971,
,Macaque,Long-tailed,Macaca fascicularis,groupsize,10,1,,Roonwal_Mohnot_1977,
,Macaque,Long-tailed,Macaca fascicularis,groupsize,30,1,,Roonwal_Mohnot_1977,
,Macaque,Long-tailed,Macaca fascicularis,groupsize,9,1,,Crockett_Wilson_1980,
,Macaque,Long-tailed,Macaca fascicularis,groupsize,46,1,,Crockett_Wilson_1980,
,Macaque,Long-tailed,Macaca fascicularis,groupsize,29.1,42,,Wheatley_1980,
,Macaque,Long-tailed,Macaca fascicularis,groupsize,50,?,,Poirer_Smith_1974,
,Macaque,Long-tailed,Macaca fascicularis,groupsize,75,1,,Poirer_Smith_1974,
,Macaque,Long-tailed,Macaca fascicularis,groupsize,61,1,,Angst_1975,
,Macaque,Long-tailed,Macaca fascicularis,groupsize,47,1,,Angst_1975,
,Macaque,Long-tailed,Macaca fascicularis,groupsize,18,1,,Angst_1975,
,Macaque,Long-tailed,Macaca fascicularis,groupsize,44,1,,Angst_1975,
,Macaque,Long-tailed,Macaca fascicularis,groupsize,61,1,,Angst_1975,
,Macaque,Long-tailed,Macaca fascicularis,groupsize,85,1,,Angst_1975,
,Macaque,Long-tailed,Macaca fascicularis,groupsize,17,1,,Angst_1975,
,Macaque,Long-tailed,Macaca fascicularis,groupsize,41,1,,Angst_1975,
,Macaque,Long-tailed,Macaca fascicularis,groupsize,56,1,,Angst_1975,
,Macaque,Long-tailed,Macaca fascicularis,groupsize,39,1,,Angst_1975,
,Macaque,Long-tailed,Macaca fascicularis,groupsize,58,1,,Angst_1975,
,Macaque,Long-tailed,Macaca fascicularis,groupsize,14,1,,Bernstein_1967,
,Macaque,Long-tailed,Macaca fascicularis,groupsize,15,1,,Bernstein_1967,
,Macaque,Long-tailed,Macaca fascicularis,groupsize,20,1,,Bernstein_1967,
,Macaque,Long-tailed,Macaca fascicularis,groupsize,70,1,,Bernstein_1967,
,Macaque,Long-tailed,Macaca fascicularis,groupsize,30,1,,Furuya_1965,
,Macaque,Long-tailed,Macaca fascicularis,groupsize,72,1,,Furuya_1965,
,Macaque,Long-tailed,Macaca fascicularis,groupsize,47,1,,Furuya_1965,
,Macaque,Long-tailed,Macaca fascicularis,groupsize,45,1,,Furuya_1965,
,Macaque,Long-tailed,Macaca fascicularis,groupsize,38,1,,Furuya_1965,
,Macaque,Long-tailed,Macaca fascicularis,groupsize,13,1,,Furuya_1965,
,Macaque,Long-tailed,Macaca fascicularis,groupsize,22,1,,Kurland_1973,
,Macaque,Long-tailed,Macaca fascicularis,groupsize,16,1,,Kurland_1973,
,Macaque,Long-tailed,Macaca fascicularis,groupsize,18,1,,Kurland_1973,
,Macaque,Long-tailed,Macaca fascicularis,groupsize,17,1,,Kurland_1973,
,Macaque,Long-tailed,Macaca fascicularis,groupsize,30,1,,Kurland_1973,
,Macaque,Long-tailed,Macaca fascicularis,groupsize,8,1,,Medway_1969,in Poirier & Smith 1974
,Macaque,Long-tailed,Macaca fascicularis,groupsize,40,1,,Medway_1969,in Poirier & Smith 1974
,Macaque,Long-tailed,Macaca fascicularis,groupsize,8,1,,Southwick_Cadigan_1972,
,Macaque,Long-tailed,Macaca fascicularis,groupsize,15,1,,Southwick_Cadigan_1972,
,Macaque,Long-tailed,Macaca fascicularis,groupsize,37,1,,Southwick_Cadigan_1972,
,Macaque,Long-tailed,Macaca fascicularis,groupsize,29,1,,Southwick_Cadigan_1972,
,Macaque,Long-tailed,Macaca fascicularis,groupsize,13,1,,Southwick_Cadigan_1972,
,Macaque,Long-tailed,Macaca fascicularis,groupsize,7,1,,Southwick_Cadigan_1972,
,Macaque,Long-tailed,Macaca fascicularis,groupsize,44,1,,Southwick_Cadigan_1972,
,Macaque,Long-tailed,Macaca fascicularis,groupsize,22,1,,Southwick_Cadigan_1972,
,Macaque,Long-tailed,Macaca fascicularis,groupsize,41,1,,Southwick_Cadigan_1972,
,Macaque,Rhesus,Macaca mulatta,groupsize,12,1,,Neville_1968,
,Macaque,Rhesus,Macaca mulatta,groupsize,24,1,,Neville_1968,
,Macaque,Rhesus,Macaca mulatta,groupsize,29,1,,Neville_1968,
,Macaque,Rhesus,Macaca mulatta,groupsize,31,1,,Neville_1968,
,Macaque,Rhesus,Macaca mulatta,groupsize,33,1,,Neville_1968,
,Macaque,Rhesus,Macaca mulatta,groupsize,34,1,,Neville_1968,
,Macaque,Rhesus,Macaca mulatta,groupsize,20,1,,Neville_1968,
,Macaque,Rhesus,Macaca mulatta,groupsize,54,1,,Neville_1968,
,Macaque,Rhesus,Macaca mulatta,groupsize,16,1,,Neville_1968,
,Macaque,Rhesus,Macaca mulatta,groupsize,77,1,,Neville_1968,
,Macaque,Rhesus,Macaca mulatta,groupsize,38,1,,Neville_1968,
,Macaque,Rhesus,Macaca mulatta,groupsize,25,1,,Neville_1968,
,Macaque,Rhesus,Macaca mulatta,groupsize,11,1,,Neville_1968,
,Macaque,Rhesus,Macaca mulatta,groupsize,130,14,,Seth_Seth_1986,
,Macaque,Rhesus,Macaca mulatta,groupsize,30,103,,Seth_Seth_1986,
,Macaque,Rhesus,Macaca mulatta,groupsize,20,42,,Seth_Seth_1986,
,Macaque,Rhesus,Macaca mulatta,groupsize,34.6,60,,Seth_Seth_1986,
,Macaque,Rhesus,Macaca mulatta,groupsize,38.9,28,,Seth_Seth_1986,
,Macaque,Rhesus,Macaca mulatta,groupsize,41.2,33,,Seth_Seth_1986,
,Macaque,Rhesus,Macaca mulatta,groupsize,30.3,22,,Seth_Seth_1986,
,Macaque,Rhesus,Macaca mulatta,groupsize,31.5,70,,Seth_Seth_1986,
,Macaque,Rhesus,Macaca mulatta,groupsize,73,1,,Roonwal_Mohnot_1977,
,Macaque,Rhesus,Macaca mulatta,groupsize,11.3,1,,Roonwal_Mohnot_1977,
,Macaque,Rhesus,Macaca mulatta,groupsize,50,1,,Roonwal_Mohnot_1977,
,Macaque,Rhesus,Macaca mulatta,groupsize,17.6,1,,Roonwal_Mohnot_1977,
,Macaque,Rhesus,Macaca mulatta,groupsize,11,1,,Roonwal_Mohnot_1977,
,Macaque,Rhesus,Macaca mulatta,groupsize,77,1,,Roonwal_Mohnot_1977,
,Macaque,Rhesus,Macaca mulatta,groupsize,30,1,,Roonwal_Mohnot_1977,
,Macaque,Rhesus,Macaca mulatta,groupsize,36,1,,Roonwal_Mohnot_1977,
,Macaque,Rhesus,Macaca mulatta,groupsize,50,1,,Roonwal_Mohnot_1977,
,Macaque,Rhesus,Macaca mulatta,groupsize,100,1,,Roonwal_Mohnot_1977,
,Macaque,Rhesus,Macaca mulatta,groupsize,5,1,,Roonwal_Mohnot_1977,
,Macaque,Rhesus,Macaca mulatta,groupsize,19,1,,Roonwal_Mohnot_1977,
,Macaque,Rhesus,Macaca mulatta,groupsize,55,1,,Roonwal_Mohnot_1977,
,Macaque,Rhesus,Macaca mulatta,groupsize,10,1,,Roonwal_Mohnot_1977,
,Macaque,Rhesus,Macaca mulatta,groupsize,40,1,,Roonwal_Mohnot_1977,
,Macaque,Rhesus,Macaca mulatta,groupsize,8,1,,Roonwal_Mohnot_1977,
,Macaque,Rhesus,Macaca mulatta,groupsize,98,1,,Roonwal_Mohnot_1977,
,Macaque,Rhesus,Macaca mulatta,groupsize,25,1,,Roonwal_Mohnot_1977,
,Macaque,Rhesus,Macaca mulatta,groupsize,35,1,,Roonwal_Mohnot_1977,
,Macaque,Rhesus,Macaca mulatta,groupsize,5,1,,Roonwal_Mohnot_1977,
,Macaque,Rhesus,Macaca mulatta,groupsize,14,1,,Roonwal_Mohnot_1977,
,Macaque,Rhesus,Macaca mulatta,groupsize,5,1,,Roonwal_Mohnot_1977,
,Macaque,Rhesus,Macaca mulatta,groupsize,35,1,,Roonwal_Mohnot_1977,
,Macaque,Rhesus,Macaca mulatta,groupsize,25,1,,Roonwal_Mohnot_1977,
,Macaque,Rhesus,Macaca mulatta,groupsize,35,1,,Roonwal_Mohnot_1977,
,Macaque,Rhesus,Macaca mulatta,groupsize,5,1,,Roonwal_Mohnot_1977,
,Macaque,Rhesus,Macaca mulatta,groupsize,14,1,,Roonwal_Mohnot_1977,
,Macaque,Rhesus,Macaca mulatta,groupsize,90,1,,Roonwal_Mohnot_1977,
,Macaque,Rhesus,Macaca mulatta,groupsize,180,1,,Roonwal_Mohnot_1977,
,Macaque,Rhesus,Macaca mulatta,groupsize,20,1,,Teas_etal_1980,
,Macaque,Rhesus,Macaca mulatta,groupsize,51,1,,Teas_etal_1980,
,Macaque,Rhesus,Macaca mulatta,groupsize,30.3,1,,Teas_etal_1980,
,Macaque,Rhesus,Macaca mulatta,groupsize,15.1,230,0.6,Southwick_etal_1965,
,Macaque,Rhesus,Macaca mulatta,groupsize,19,26,2,Southwick_etal_1965,
,Macaque,Rhesus,Macaca mulatta,groupsize,11.4,34,1.4,Southwick_etal_1965,
,Macaque,Rhesus,Macaca mulatta,groupsize,17.4,50,1.2,Southwick_etal_1965,
,Macaque,Rhesus,Macaca mulatta,groupsize,22.4,39,2.5,Southwick_etal_1965,
,Macaque,Rhesus,Macaca mulatta,groupsize,41.9,15,4.6,Southwick_etal_1965,
,Macaque,Rhesus,Macaca mulatta,groupsize,49.8,5,5.8,Southwick_etal_1965,
,Macaque,Rhesus,Macaca mulatta,groupsize,51,1,,Southwick_etal_1961,
,Macaque,Rhesus,Macaca mulatta,groupsize,34,1,,Southwick_etal_1961,
,Macaque,Rhesus,Macaca mulatta,groupsize,46,1,,Southwick_etal_1961,
,Macaque,Rhesus,Macaca mulatta,groupsize,31,1,,Southwick_etal_1961,
,Macaque,Rhesus,Macaca mulatta,groupsize,78,1,,Southwick_etal_1961,
,Macaque,Rhesus,Macaca mulatta,groupsize,26,1,,Southwick_etal_1961,
,Macaque,Rhesus,Macaca mulatta,groupsize,32,1,,Southwick_etal_1961,
,Macaque,Rhesus,Macaca mulatta,groupsize,21,1,,Southwick_etal_1961,
,Macaque,Rhesus,Macaca mulatta,groupsize,34,1,,Southwick_etal_1961,
,Macaque,Rhesus,Macaca mulatta,groupsize,49,1,,Southwick_etal_1961,
,Macaque,Rhesus,Macaca mulatta,groupsize,74,1,,Southwick_etal_1961,
,Macaque,Rhesus,Macaca mulatta,groupsize,28,1,,Southwick_etal_1961,
,Macaque,Rhesus,Macaca mulatta,groupsize,54,1,,Southwick_etal_1961,
,Macaque,Rhesus,Macaca mulatta,groupsize,55,1,,Southwick_etal_1961,
,Macaque,Rhesus,Macaca mulatta,groupsize,16,1,,Southwick_etal_1961,
,Lemur-Red-Ruffed,Red-ruffed,Varecia rubra,groupsize,31,1,,Vasey_2007,
,Lemur-Red-Ruffed,Red-ruffed,Varecia rubra,groupsize,6,1,,Rigamonti_1993,
,Lemur-Red-Ruffed,Red-ruffed,Varecia rubra,groupsize,5,1,,Rigamonti_1993,
,Lemur-Red-Ruffed,Red-ruffed,Varecia rubra,groupsize,5,1,,Martinez_2010,
,Lemur-Red-Ruffed,Red-ruffed,Varecia rubra,groupsize,6,1,,Martinez_2010,
,Lemur-Red-Ruffed,Red-ruffed,Varecia rubra,groupsize,4,1,,Martinez_2010,
,Lemur-Black-and-White-Ruffed,Black-and-white-ruffed,Varecia variegata,groupsize,2,1,,Ratsimbasafy_2007,
,Lemur-Black-and-White-Ruffed,Black-and-white-ruffed,Varecia variegata,groupsize,3,1,,Ratsimbasafy_2007,
,Lemur-Black-and-White-Ruffed,Black-and-white-ruffed,Varecia variegata,groupsize,2,1,,Pollock_1979,
,Lemur-Black-and-White-Ruffed,Black-and-white-ruffed,Varecia variegata,groupsize,2,1,,Pollock_1979,
,Lemur-Black-and-White-Ruffed,Black-and-white-ruffed,Varecia variegata,groupsize,2,1,,Pollock_1979,
,Lemur-Black-and-White-Ruffed,Black-and-white-ruffed,Varecia variegata,groupsize,2,1,,Petter_1962,from Jolly 1972
,Lemur-Black-and-White-Ruffed,Black-and-white-ruffed,Varecia variegata,groupsize,4,1,,Petter_1962,from Jolly 1972
,Lemur-Black-and-White-Ruffed,Black-and-white-ruffed,Varecia variegata,groupsize,16,1,,Morland_1991,
,Lemur-Black-and-White-Ruffed,Black-and-white-ruffed,Varecia variegata,groupsize,11,1,,Morland_1991,
,Lemur-Black-and-White-Ruffed,Black-and-white-ruffed,Varecia variegata,groupsize,9,1,,Balko_1998,
,Lemur-Black-and-White-Ruffed,Black-and-white-ruffed,Varecia variegata,groupsize,6,1,,Balko_1998,
,Lemur-Black-and-White-Ruffed,Black-and-white-ruffed,Varecia variegata,groupsize,7,1,,Balko_1998,
,Lemur-Black-and-White-Ruffed,Black-and-white-ruffed,Varecia variegata,groupsize,2,1,,Balko_Underwood_2005,
,Lemur-Black-and-White-Ruffed,Black-and-white-ruffed,Varecia variegata,groupsize,2,1,,White_1991,
,Lemur-Black-and-White-Ruffed,Black-and-white-ruffed,Varecia variegata,groupsize,5,1,,Overdorf_etal_2005,
,Lemur-Black-and-White-Ruffed,Black-and-white-ruffed,Varecia variegata,groupsize,5,1,,Overdorf_etal_2005,
,Lemur-Black-and-White-Ruffed,Black-and-white-ruffed,Varecia variegata,groupsize,22,1,,Baden_2011,
,Lemur-Black-and-White-Ruffed,Black-and-white-ruffed,Varecia variegata,groupsize,6,1,,Baden_2011,
,Lemur-Black-and-White-Ruffed,Black-and-white-ruffed,Varecia variegata,groupsize,3,1,,Welch_Katz_1992,
,Lemur-Black-and-White-Ruffed,Black-and-white-ruffed,Varecia variegata,groupsize,4,1,,Welch_Katz_1992,
,Lemur-Black-and-White-Ruffed,Black-and-white-ruffed,Varecia variegata,groupsize,3,1,,Welch_Katz_1992,
,Lemur-Black-and-White-Ruffed,Black-and-white-ruffed,Varecia variegata,groupsize,2,1,,Welch_Katz_1992,
,Lemur-Black-and-White-Ruffed,Black-and-white-ruffed,Varecia variegata,groupsize,3,1,,Welch_Katz_1992,
,Lemur-Black,Black,Eulemur macaco,groupsize,7,27,,Andrews_1990,from Kappeler 1997
,Lemur-Black,Black,Eulemur macaco,groupsize,2,1,,Andrews_1990,from Kappeler 1997
,Lemur-Black,Black,Eulemur macaco,groupsize,12,1,,Andrews_1990,from Kappeler 1997
,Lemur-Black,Black,Eulemur macaco,groupsize,10,1,,Jolly_1966,
,Lemur-Black,Black,Eulemur macaco,groupsize,13,1,,Jolly_1966,
,Lemur-Black,Black,Eulemur macaco,groupsize,6,1,,Jolly_1966,
,Lemur-Black,Black,Eulemur macaco,groupsize,12,1,,Jolly_1966,
,Lemur-Black,Black,Eulemur macaco,groupsize,9,1,,Jolly_1966,
,Lemur-Black,Black,Eulemur macaco,groupsize,11,1,,Jolly_1966,
,Lemur-Black,Black,Eulemur macaco,groupsize,15,1,,Jolly_1966,
,Lemur-Black,Black,Eulemur macaco,groupsize,10,1,,Jolly_1966,
,Lemur-Black,Black,Eulemur macaco,groupsize,9,1,,Jolly_1966,
,Lemur-Black,Black,Eulemur macaco,groupsize,7,1,,Jolly_1966,
,Lemur-Black,Black,Eulemur macaco,groupsize,7,1,,Jolly_1966,
,Lemur-Black,Black,Eulemur macaco,groupsize,9,1,,Jolly_1966,
,Lemur-Black,Black,Eulemur macaco,groupsize,11,1,,Jolly_1966,
,Lemur-Black,Black,Eulemur macaco,groupsize,2,1,,Colquhoum_1993,
,Lemur-Black,Black,Eulemur macaco,groupsize,2,1,,Colquhoum_1993,
,Lemur-Black,Black,Eulemur macaco,groupsize,5,1,,Colquhoum_1993,
,Lemur-Black,Black,Eulemur macaco,groupsize,14,1,,Colquhoum_1993,
,Lemur-Black,Black,Eulemur macaco,groupsize,11,1,,Colquhoum_1993,
,Lemur-Black,Black,Eulemur macaco,groupsize,8,1,,Bayart_Simmen_2005,
,Lemur-Black,Black,Eulemur macaco,groupsize,11,1,,Bayart_Simmen_2005,
,Lemur-Black,Black,Eulemur macaco,groupsize,9,1,,Bayart_Simmen_2005,
,Lemur-Black,Black,Eulemur macaco,groupsize,15,1,,Bayart_Simmen_2005,
,Lemur-Black,Black,Eulemur macaco,groupsize,17,1,,Bayart_Simmen_2005,
,Capuchin,Brown,Sapajus apella,groupsize,5,1,,Freese_Oppeneimer_1981,
,Capuchin,Brown,Sapajus apella,groupsize,5,1,,Thorington_1967,
,Capuchin,Brown,Sapajus apella,groupsize,7,1,,Thorington_1967,
,Capuchin,Brown,Sapajus apella,groupsize,10,1,,Freese_Oppeneimer_1981,
,Capuchin,Brown,Sapajus apella,groupsize,12,1,,Freese_Oppeneimer_1981,
,Capuchin,Brown,Sapajus apella,groupsize,10,1,,Freese_Oppeneimer_1981,
,Capuchin,Brown,Sapajus apella,groupsize,10,1,,Freese_Oppeneimer_1981,
,Capuchin,Brown,Sapajus apella,groupsize,10,1,,Freese_Oppeneimer_1981,
,Capuchin,Brown,Sapajus apella,groupsize,12,1,,Freese_Oppeneimer_1981,
,Capuchin,Brown,Sapajus apella,groupsize,18,1,,Freese_Oppeneimer_1981,
,Capuchin,Brown,Sapajus apella,groupsize,20,1,,Freese_Oppeneimer_1981,
,Capuchin,Brown,Sapajus apella,groupsize,20,1,,Freese_Oppeneimer_1981,
,Capuchin,Brown,Sapajus apella,groupsize,20,1,,Freese_Oppeneimer_1981,
,Capuchin,Brown,Sapajus apella,groupsize,30,1,,Freese_Oppeneimer_1981,
,Capuchin,Brown,Sapajus apella,groupsize,40,1,,Freese_Oppeneimer_1981,
,Capuchin,Brown,Sapajus apella,groupsize,16,1,,Izawa_1980,
,Capuchin,Brown,Sapajus apella,groupsize,21,1,,Izawa_1980,
,Capuchin,Brown,Sapajus apella,groupsize,12,1,,Izawa_1980,
,Capuchin,Brown,Sapajus apella,groupsize,10,1,,Robinson_Janson_1987,
,Capuchin,Brown,Sapajus apella,groupsize,14.4,6,,Fragaszy_etal_2004,
,Capuchin,Brown,Sapajus apella,groupsize,18,1,,Fragaszy_etal_2004,
,Capuchin,Brown,Sapajus apella,groupsize,12.8,1,,Fragaszy_etal_2004,
,Capuchin,Brown,Sapajus apella,groupsize,27,1,,Fragaszy_etal_2004,
,Capuchin,Brown,Sapajus apella,groupsize,7,1,,DiBitetti_2001,estimates from figure
,Capuchin,Brown,Sapajus apella,groupsize,10,1,,DiBitetti_2001,estimates from figure
,Capuchin,Brown,Sapajus apella,groupsize,12,1,,DiBitetti_2001,estimates from figure
,Capuchin,Brown,Sapajus apella,groupsize,14,1,,DiBitetti_2001,estimates from figure
,Capuchin,Brown,Sapajus apella,groupsize,15,1,,DiBitetti_2001,estimates from figure
,Capuchin,Brown,Sapajus apella,groupsize,18,1,,DiBitetti_2001,estimates from figure
,Capuchin,Brown,Sapajus apella,groupsize,27,1,,DiBitetti_2001,estimates from figure
,Capuchin,Brown,Sapajus apella,groupsize,30,1,,DiBitetti_2001,estimates from figure
,Capuchin,Brown,Sapajus apella,groupsize,8,1,,Izar_etal_2012,
,Capuchin,Brown,Sapajus apella,groupsize,19,1,,Izar_etal_2012,
,Gorilla,Lowland,Gorilla gorilla,groupsize,8,1,,Parnell_2002,
,Gorilla,Lowland,Gorilla gorilla,groupsize,9,1,,Parnell_2002,
,Gorilla,Lowland,Gorilla gorilla,groupsize,10,1,,Parnell_2002,
,Gorilla,Lowland,Gorilla gorilla,groupsize,9,1,,Parnell_2002,
,Gorilla,Lowland,Gorilla gorilla,groupsize,9,1,,Parnell_2002,
,Gorilla,Lowland,Gorilla gorilla,groupsize,7,1,,Parnell_2002,
,Gorilla,Lowland,Gorilla gorilla,groupsize,4,1,,Parnell_2002,
,Gorilla,Lowland,Gorilla gorilla,groupsize,6,1,,Parnell_2002,
,Gorilla,Lowland,Gorilla gorilla,groupsize,4,1,,Parnell_2002,
,Gorilla,Lowland,Gorilla gorilla,groupsize,5,1,,Parnell_2002,
,Gorilla,Lowland,Gorilla gorilla,groupsize,3,1,,Parnell_2002,
,Gorilla,Lowland,Gorilla gorilla,groupsize,3,1,,Parnell_2002,
,Gorilla,Lowland,Gorilla gorilla,groupsize,2,1,,Parnell_2002,
,Gorilla,Lowland,Gorilla gorilla,groupsize,6,1,,Nishihara_1994,
,Gorilla,Lowland,Gorilla gorilla,groupsize,9,1,,Nishihara_1994,
,Gorilla,Lowland,Gorilla gorilla,groupsize,9,1,,Nishihara_1994,
,Gorilla,Lowland,Gorilla gorilla,groupsize,5,1,,Nishihara_1994,
,Gorilla,Lowland,Gorilla gorilla,groupsize,10,1,,Nishihara_1994,
,Gorilla,Lowland,Gorilla gorilla,groupsize,5,1,,Mitani_etal_1993,
,Gorilla,Lowland,Gorilla gorilla,groupsize,4,1,,Mitani_etal_1993,
,Gorilla,Lowland,Gorilla gorilla,groupsize,12,1,,Mitani_etal_1993,
,Gorilla,Lowland,Gorilla gorilla,groupsize,4,1,,Mitani_etal_1993,
,Gorilla,Lowland,Gorilla gorilla,groupsize,8,1,,Mitani_etal_1993,
,Gorilla,Lowland,Gorilla gorilla,groupsize,6,1,,Mitani_etal_1993,
,Gorilla,Lowland,Gorilla gorilla,groupsize,12,1,,Mitani_etal_1993,
,Gorilla,Lowland,Gorilla gorilla,groupsize,1,1,,Mitani_etal_1993,
,Gorilla,Lowland,Gorilla gorilla,groupsize,1,1,,Mitani_etal_1993,
,Gorilla,Lowland,Gorilla gorilla,groupsize,1,1,,Mitani_etal_1993,
,Gorilla,Lowland,Gorilla gorilla,groupsize,1,1,,Mitani_etal_1993,
,Gorilla,Lowland,Gorilla gorilla,groupsize,1,1,,Mitani_etal_1993,
,Gorilla,Lowland,Gorilla gorilla,groupsize,22,1,,Magliocca_etal_1999,
,Gorilla,Lowland,Gorilla gorilla,groupsize,21,1,,Magliocca_etal_1999,
,Gorilla,Lowland,Gorilla gorilla,groupsize,17,1,,Magliocca_etal_1999,
,Gorilla,Lowland,Gorilla gorilla,groupsize,17,1,,Magliocca_etal_1999,
,Gorilla,Lowland,Gorilla gorilla,groupsize,16,1,,Magliocca_etal_1999,
,Gorilla,Lowland,Gorilla gorilla,groupsize,15,1,,Magliocca_etal_1999,
,Gorilla,Lowland,Gorilla gorilla,groupsize,15,1,,Magliocca_etal_1999,
,Gorilla,Lowland,Gorilla gorilla,groupsize,15,1,,Magliocca_etal_1999,
,Gorilla,Lowland,Gorilla gorilla,groupsize,14,1,,Magliocca_etal_1999,
,Gorilla,Lowland,Gorilla gorilla,groupsize,14,1,,Magliocca_etal_1999,
,Gorilla,Lowland,Gorilla gorilla,groupsize,14,1,,Magliocca_etal_1999,
,Gorilla,Lowland,Gorilla gorilla,groupsize,13,1,,Magliocca_etal_1999,
,Gorilla,Lowland,Gorilla gorilla,groupsize,13,1,,Magliocca_etal_1999,
,Gorilla,Lowland,Gorilla gorilla,groupsize,11,1,,Magliocca_etal_1999,
,Gorilla,Lowland,Gorilla gorilla,groupsize,11,1,,Magliocca_etal_1999,
,Gorilla,Lowland,Gorilla gorilla,groupsize,11,1,,Magliocca_etal_1999,
,Gorilla,Lowland,Gorilla gorilla,groupsize,11,1,,Magliocca_etal_1999,
,Gorilla,Lowland,Gorilla gorilla,groupsize,11,1,,Magliocca_etal_1999,
,Gorilla,Lowland,Gorilla gorilla,groupsize,11,1,,Magliocca_etal_1999,
,Gorilla,Lowland,Gorilla gorilla,groupsize,10,1,,Magliocca_etal_1999,
,Gorilla,Lowland,Gorilla gorilla,groupsize,10,1,,Magliocca_etal_1999,
,Gorilla,Lowland,Gorilla gorilla,groupsize,9,1,,Magliocca_etal_1999,
,Gorilla,Lowland,Gorilla gorilla,groupsize,9,1,,Magliocca_etal_1999,
,Gorilla,Lowland,Gorilla gorilla,groupsize,8,1,,Magliocca_etal_1999,
,Gorilla,Lowland,Gorilla gorilla,groupsize,6,1,,Magliocca_etal_1999,
,Gorilla,Lowland,Gorilla gorilla,groupsize,6,1,,Magliocca_etal_1999,
,Gorilla,Lowland,Gorilla gorilla,groupsize,6,1,,Magliocca_etal_1999,
,Gorilla,Lowland,Gorilla gorilla,groupsize,5,1,,Magliocca_etal_1999,
,Gorilla,Lowland,Gorilla gorilla,groupsize,5,1,,Magliocca_etal_1999,
,Gorilla,Lowland,Gorilla gorilla,groupsize,5,1,,Magliocca_etal_1999,
,Gorilla,Lowland,Gorilla gorilla,groupsize,4,1,,Magliocca_etal_1999,
,Gorilla,Lowland,Gorilla gorilla,groupsize,2,1,,Magliocca_etal_1999,
,Gorilla,Lowland,Gorilla gorilla,groupsize,35,1,,Bermejo_2004,
,Gorilla,Lowland,Gorilla gorilla,groupsize,20,1,,Bermejo_2004,
,Gorilla,Lowland,Gorilla gorilla,groupsize,17,1,,Bermejo_2004,
,Gorilla,Lowland,Gorilla gorilla,groupsize,15,1,,Bermejo_2004,
,Gorilla,Lowland,Gorilla gorilla,groupsize,5,1,,Yamagiwa_etal_1996,
,Gorilla,Lowland,Gorilla gorilla,groupsize,12,1,,Yamagiwa_etal_1996,
,Gorilla,Lowland,Gorilla gorilla,groupsize,17,1,,Yamagiwa_etal_1996,
,Gorilla,Lowland,Gorilla gorilla,groupsize,20,1,,Yamagiwa_etal_1996,
,Gorilla,Lowland,Gorilla gorilla,groupsize,9,1,,Remis_1993,
,Gorilla,Lowland,Gorilla gorilla,groupsize,18,1,,Remis_1993,
,Gorilla,Lowland,Gorilla gorilla,groupsize,13,1,,Remis_1993,
,Gorilla,Lowland,Gorilla gorilla,groupsize,4,1,,Fay_1989,
,Gorilla,Lowland,Gorilla gorilla,groupsize,4,1,,Tutin_etal_1992,
,Gorilla,Lowland,Gorilla gorilla,groupsize,8,1,,Tutin_etal_1992,
,Gorilla,Lowland,Gorilla gorilla,groupsize,10,1,,Tutin_etal_1992,
,Gorilla,Lowland,Gorilla gorilla,groupsize,15,1,,Tutin_etal_1992,
,Orangutan,Orangutan,Pongo pygmaeus,groupsize,2,1,,Rodman_1973,
,Orangutan,Orangutan,Pongo pygmaeus,groupsize,1,1,,Rodman_1973,
,Orangutan,Orangutan,Pongo pygmaeus,groupsize,2,1,,Rodman_1973,
,Orangutan,Orangutan,Pongo pygmaeus,groupsize,1,1,,Rodman_1973,
,Orangutan,Orangutan,Pongo pygmaeus,groupsize,2,1,,Rodman_1973,
,Orangutan,Orangutan,Pongo pygmaeus,groupsize,2,1,,Rodman_1973,
,Orangutan,Orangutan,Pongo pygmaeus,groupsize,1,1,,Rodman_1973,
,Orangutan,Orangutan,Pongo pygmaeus,groupsize,1,85,,MacKinnon_1974,
,Orangutan,Orangutan,Pongo pygmaeus,groupsize,2,64,,MacKinnon_1974,
,Orangutan,Orangutan,Pongo pygmaeus,groupsize,3,36,,MacKinnon_1974,
,Orangutan,Orangutan,Pongo pygmaeus,groupsize,4,5,,MacKinnon_1974,
,Orangutan,Orangutan,Pongo pygmaeus,groupsize,5,1,,MacKinnon_1974,
,Orangutan,Orangutan,Pongo pygmaeus,groupsize,1,235,,Rijksen_1978,
,Orangutan,Orangutan,Pongo pygmaeus,groupsize,2,97,,Rijksen_1978,
,Orangutan,Orangutan,Pongo pygmaeus,groupsize,3,59,,Rijksen_1978,
,Orangutan,Orangutan,Pongo pygmaeus,groupsize,4,18,,Rijksen_1978,
,Orangutan,Orangutan,Pongo pygmaeus,groupsize,5,9,,Rijksen_1978,
,Orangutan,Orangutan,Pongo pygmaeus,groupsize,6,8,,Rijksen_1978,
,Orangutan,Orangutan,Pongo pygmaeus,groupsize,7,6,,Rijksen_1978,
,Orangutan,Orangutan,Pongo pygmaeus,groupsize,8,2,,Rijksen_1978,
,Spider monkey,Black-handed,Ateles geoffroyi,groupsize,3,1,,Carpenter_1935,
,Spider monkey,Black-handed,Ateles geoffroyi,groupsize,3,1,,Carpenter_1935,
,Spider monkey,Black-handed,Ateles geoffroyi,groupsize,6,1,,Carpenter_1935,
,Spider monkey,Black-handed,Ateles geoffroyi,groupsize,6,1,,Carpenter_1935,
,Spider monkey,Black-handed,Ateles geoffroyi,groupsize,7,1,,Carpenter_1935,
,Spider monkey,Black-handed,Ateles geoffroyi,groupsize,7,1,,Carpenter_1935,
,Spider monkey,Black-handed,Ateles geoffroyi,groupsize,7,1,,Carpenter_1935,
,Spider monkey,Black-handed,Ateles geoffroyi,groupsize,8,1,,Carpenter_1935,
,Spider monkey,Black-handed,Ateles geoffroyi,groupsize,8,1,,Carpenter_1935,
,Spider monkey,Black-handed,Ateles geoffroyi,groupsize,8,1,,Carpenter_1935,
,Spider monkey,Black-handed,Ateles geoffroyi,groupsize,10,1,,Carpenter_1935,
,Spider monkey,Black-handed,Ateles geoffroyi,groupsize,10,1,,Carpenter_1935,
,Spider monkey,Black-handed,Ateles geoffroyi,groupsize,10,1,,Carpenter_1935,
,Spider monkey,Black-handed,Ateles geoffroyi,groupsize,11,1,,Carpenter_1935,
,Spider monkey,Black-handed,Ateles geoffroyi,groupsize,12,1,,Carpenter_1935,
,Spider monkey,Black-handed,Ateles geoffroyi,groupsize,15,1,,Carpenter_1935,
,Spider monkey,Black-handed,Ateles geoffroyi,groupsize,16,1,,Carpenter_1935,
,Spider monkey,Black-handed,Ateles geoffroyi,groupsize,17,1,,Carpenter_1935,
,Spider monkey,Black-handed,Ateles geoffroyi,groupsize,17,1,,Carpenter_1935,
,Spider monkey,Black-handed,Ateles geoffroyi,groupsize,40,1,,Chapman_1988,
,Spider monkey,Black-handed,Ateles geoffroyi,groupsize,16,1,,Ramos-Fernandez_Ayala-Orozoco_2003,
,Spider monkey,Black-handed,Ateles geoffroyi,groupsize,41,1,,Ramos-Fernandez_Ayala-Orozoco_2003,
,Spider monkey,Black-handed,Ateles geoffroyi,groupsize,16,1,,Milton_1993,
,Spider monkey,Black-handed,Ateles geoffroyi,groupsize,9,1,,Estrada_etal_2004,
,Spider monkey,Black-handed,Ateles geoffroyi,groupsize,9,1,,Estrada_etal_2004,
,Spider monkey,Black-handed,Ateles geoffroyi,groupsize,5,1,,Estrada_etal_2004,
,Spider monkey,Black-handed,Ateles geoffroyi,groupsize,8,1,,Estrada_etal_2004,
,Spider monkey,Black-handed,Ateles geoffroyi,groupsize,8,1,,Estrada_etal_2004,
,Spider monkey,Black-handed,Ateles geoffroyi,groupsize,8,1,,Estrada_etal_2004,
,Spider monkey,Black-handed,Ateles geoffroyi,groupsize,4,1,,Estrada_etal_2004,
,Spider monkey,Black-handed,Ateles geoffroyi,groupsize,9,1,,Estrada_etal_2004,
,Spider monkey,Black-handed,Ateles geoffroyi,groupsize,5,1,,Estrada_etal_2004,
,Spider monkey,Black-handed,Ateles geoffroyi,groupsize,3,1,,Estrada_etal_2004,
,Spider monkey,Black-handed,Ateles geoffroyi,groupsize,9,1,,Estrada_etal_2004,
,Spider monkey,Black-handed,Ateles geoffroyi,groupsize,16,1,,Estrada_etal_2004,
,Spider monkey,Black-handed,Ateles geoffroyi,groupsize,6,1,,Estrada_etal_2004,
,Spider monkey,Black-handed,Ateles geoffroyi,groupsize,10,1,,Estrada_etal_2004,
,Spider monkey,Black-handed,Ateles geoffroyi,groupsize,7,1,,Estrada_etal_2004,
,Spider monkey,Black-handed,Ateles geoffroyi,groupsize,8,1,,Estrada_etal_2004,
,Spider monkey,Black-handed,Ateles geoffroyi,groupsize,5,1,,Estrada_etal_2004,
,Spider monkey,Black-handed,Ateles geoffroyi,groupsize,8,1,,Estrada_etal_2004,
,Spider monkey,Black-handed,Ateles geoffroyi,groupsize,11,1,,Estrada_etal_2004,
,Spider monkey,Black-handed,Ateles geoffroyi,groupsize,7,1,,Estrada_etal_2004,
,Spider monkey,Black-handed,Ateles geoffroyi,groupsize,9,1,,Estrada_etal_2004,
,Spider monkey,Black-handed,Ateles geoffroyi,groupsize,6,1,,Estrada_etal_2004,
,Spider monkey,Black-handed,Ateles geoffroyi,groupsize,12,1,,Estrada_etal_2004,
,Spider monkey,Black-handed,Ateles geoffroyi,groupsize,8,1,,Estrada_etal_2004,
,Spider monkey,Black-handed,Ateles geoffroyi,groupsize,11,1,,Estrada_etal_2004,
,Spider monkey,Black-handed,Ateles geoffroyi,groupsize,6,1,,Estrada_etal_2004,
,Spider monkey,Black-handed,Ateles geoffroyi,groupsize,10,1,,Estrada_etal_2004,
,Spider monkey,Black-handed,Ateles geoffroyi,groupsize,15,1,,Dare_1974,in Robinson & Janson 1987
,Spider monkey,Black-handed,Ateles geoffroyi,groupsize,4,1,,Eisenberg_Kuehn_1966,
,Spider monkey,Black-handed,Ateles geoffroyi,groupsize,3,1,,Eisenberg_Kuehn_1966,
,Spider monkey,Black-handed,Ateles geoffroyi,groupsize,4,1,,Eisenberg_Kuehn_1966,
,Spider monkey,Black-handed,Ateles geoffroyi,groupsize,6,1,,Eisenberg_Kuehn_1966,
,Spider monkey,Black-handed,Ateles geoffroyi,groupsize,6,1,,Eisenberg_Kuehn_1966,
,Spider monkey,Black-handed,Ateles geoffroyi,groupsize,4,1,,Eisenberg_Kuehn_1966,
,Spider monkey,Black-handed,Ateles geoffroyi,groupsize,6,1,,Eisenberg_Kuehn_1966,
,Spider monkey,Black-handed,Ateles geoffroyi,groupsize,5,1,,Eisenberg_Kuehn_1966,
,Spider monkey,Black-handed,Ateles geoffroyi,groupsize,6,1,,Eisenberg_Kuehn_1966,
,Spider monkey,Black-handed,Ateles geoffroyi,groupsize,25,1,,Wallace_2008,
,Spider monkey,Black-handed,Ateles geoffroyi,groupsize,36,1,,Campbell_2000,in Wallace_2008
,Tamarin,Cotton-top,Saguinus oedipus,homerange,7.8,1,,Neyman_1977,
,Tamarin,Cotton-top,Saguinus oedipus,homerange,10,1,,Neyman_1977,
,Tamarin,Cotton-top,Saguinus oedipus,homerange,7.8,1,,Neyman_1977,
,Marmoset,Common,Callithrix jacchus,homerange,0.72,1,,Hubrecht_1985,
,Marmoset,Common,Callithrix jacchus,homerange,1.62,1,,Hubrecht_1985,
,Marmoset,Common,Callithrix jacchus,homerange,1.21,1,,Hubrecht_1985,
,Marmoset,Common,Callithrix jacchus,homerange,1.6,1,,Hubrecht_1985,
,Marmoset,Common,Callithrix jacchus,homerange,1.36,1,,Hubrecht_1985,
,Marmoset,Common,Callithrix jacchus,homerange,2,1,,Maier_etal_1982,
,Marmoset,Common,Callithrix jacchus,homerange,5,1,,Maier_etal_1982,
,Marmoset,Common,Callithrix jacchus,homerange,0.6,1,,Stevenson_Rylands_1988,
,Marmoset,Common,Callithrix jacchus,homerange,1,1,,Stevenson_Rylands_1988,
,Marmoset,Common,Callithrix jacchus,homerange,1.3,1,,Stevenson_Rylands_1988,
,Marmoset,Common,Callithrix jacchus,homerange,2.5,1,,Scanlon_etal_1989,
,Marmoset,Common,Callithrix jacchus,homerange,6.5,1,,Scanlon_etal_1989,
,Marmoset,Common,Callithrix jacchus,homerange,5,1,,Alfonso_Langguth_1989,
,Bonobo,Bonobo,Pan paniscus,homerange,5800,1,,Kano_Mulawa_1984,
,Bonobo,Bonobo,Pan paniscus,homerange,3800,1,,Kano_Mulawa_1984,
,Bonobo,Bonobo,Pan paniscus,homerange,2200,1,,Badrian_Badrian_1984,
,Bonobo,Bonobo,Pan paniscus,homerange,4000,1,,Kano_1982,
,Bonobo,Bonobo,Pan paniscus,homerange,5000,1,,Kano_1982,
,Bonobo,Bonobo,Pan paniscus,homerange,6000,1,,Kano_1982,
,Bonobo,Bonobo,Pan paniscus,homerange,1450,1,,Hashimoto_etal_1998,
,Bonobo,Bonobo,Pan paniscus,homerange,2630,1,,Hashimoto_etal_1998,
,Chimpanzee,Chimpanzee,Pan troglodytes,homerange,22800,1,,Tutin_etal_1983,
,Chimpanzee,Chimpanzee,Pan troglodytes,homerange,12200,1,,Izawa_1970,
,Chimpanzee,Chimpanzee,Pan troglodytes,homerange,12400,1,,Izawa_1970,
,Chimpanzee,Chimpanzee,Pan troglodytes,homerange,700,1,,Sugiyama_1968,
,Chimpanzee,Chimpanzee,Pan troglodytes,homerange,800,1,,Sugiyama_1968,
,Chimpanzee,Chimpanzee,Pan troglodytes,homerange,2072,1,,Reynolds_Reynolds_1965,8 square miles
,Chimpanzee,Chimpanzee,Pan troglodytes,homerange,7770,1,,Goodall_1965,30 square miles
,Chimpanzee,Chimpanzee,Pan troglodytes,homerange,1040,1,,Nishida_1979,
,Chimpanzee,Chimpanzee,Pan troglodytes,homerange,1340,1,,Nishida_1979,
,Chimpanzee,Chimpanzee,Pan troglodytes,homerange,1570,1,,Yamagiwa_Basabose_2006,
,Chimpanzee,Chimpanzee,Pan troglodytes,homerange,7200,1,,Baldwin_etal_1982,
,Chimpanzee,Chimpanzee,Pan troglodytes,homerange,2700,1,,Boesch_Boesch_1989,
,Chimpanzee,Chimpanzee,Pan troglodytes,homerange,680,1,,Newton-Fischer_2003,
,Chimpanzee,Chimpanzee,Pan troglodytes,homerange,3800,1,,Ghiglieri_1984,
,Chimpanzee,Chimpanzee,Pan troglodytes,homerange,3400,1,,Nishida_Kawanaka_1972,in Yamagiwa & Basabose
,Chimpanzee,Chimpanzee,Pan troglodytes,homerange,15000,1,,Kano_1971,
,Chimpanzee,Chimpanzee,Pan troglodytes,homerange,56000,1,,Kano_1972,in Yamagiwa & Basabose
,Macaque,Long-tailed,Macaca fascicularis,homerange,37,?,,MacKinnon_MacKinnon_1978,
,Macaque,Long-tailed,Macaca fascicularis,homerange,80,1,,Roonwal_Mohnot_1977,
,Macaque,Long-tailed,Macaca fascicularis,homerange,50,1,,van_Schaik_etal_1983,estimates from figure
,Macaque,Long-tailed,Macaca fascicularis,homerange,55,1,,van_Schaik_etal_1983,estimates from figure
,Macaque,Long-tailed,Macaca fascicularis,homerange,45,1,,van_Schaik_etal_1983,estimates from figure
,Macaque,Long-tailed,Macaca fascicularis,homerange,30,1,,van_Schaik_etal_1983,estimates from figure
,Macaque,Long-tailed,Macaca fascicularis,homerange,60,1,,van_Schaik_etal_1983,estimates from figure
,Macaque,Long-tailed,Macaca fascicularis,homerange,80,1,,Kurland_1973,
,Macaque,Rhesus,Macaca mulatta,homerange,103.6,1,,Neville_1968,0.4 square miles
,Macaque,Rhesus,Macaca mulatta,homerange,103.6,1,,Neville_1968,0.4 square miles
,Macaque,Rhesus,Macaca mulatta,homerange,310.8,1,,Neville_1968,1.2 square miles
,Macaque,Rhesus,Macaca mulatta,homerange,155.4,1,,Neville_1968,0.6 square miles
,Macaque,Rhesus,Macaca mulatta,homerange,5.18,1,,Neville_1968,0.02 square miles
,Macaque,Rhesus,Macaca mulatta,homerange,5.18,1,,Neville_1968,0.02 square miles
,Macaque,Rhesus,Macaca mulatta,homerange,100,1,,Roonwal_Mohnot_1977,
,Macaque,Rhesus,Macaca mulatta,homerange,1600,1,,Roonwal_Mohnot_1977,
,Macaque,Rhesus,Macaca mulatta,homerange,6,1,,Teas_etal_1980,
,Macaque,Rhesus,Macaca mulatta,homerange,15,1,,Teas_etal_1980,
,Macaque,Rhesus,Macaca mulatta,homerange,2.5,1,,Teas_etal_1980,
,Macaque,Rhesus,Macaca mulatta,homerange,24,1,,Teas_etal_1980,
,Lemur-Red-Ruffed,Red-ruffed,Varecia rubra,homerange,57.5,1,,Vasey_2007,
,Lemur-Red-Ruffed,Red-ruffed,Varecia rubra,homerange,23.3,1,,Rigamonti_1993,
,Lemur-Red-Ruffed,Red-ruffed,Varecia rubra,homerange,25.8,1,,Rigamonti_1993,
,Lemur-Red-Ruffed,Red-ruffed,Varecia rubra,homerange,24.5,1,,Martinez_2010,
,Lemur-Red-Ruffed,Red-ruffed,Varecia rubra,homerange,55.6,1,,Martinez_2010,
,Lemur-Black-and-White-Ruffed,Black-and-white-ruffed,Varecia variegata,homerange,200,1,,Balko_1998,
,Lemur-Black-and-White-Ruffed,Black-and-white-ruffed,Varecia variegata,homerange,150,1,,Balko_1998,
,Lemur-Black-and-White-Ruffed,Black-and-white-ruffed,Varecia variegata,homerange,100,1,,Balko_1998,
,Lemur-Black-and-White-Ruffed,Black-and-white-ruffed,Varecia variegata,homerange,100,1,,Balko_1998,
,Lemur-Black-and-White-Ruffed,Black-and-white-ruffed,Varecia variegata,homerange,36.4,1,,Britt_1996,
,Lemur-Black-and-White-Ruffed,Black-and-white-ruffed,Varecia variegata,homerange,42.8,1,,Britt_1996,
,Lemur-Black-and-White-Ruffed,Black-and-white-ruffed,Varecia variegata,homerange,14.4,1,,Britt_1996,
,Lemur-Black-and-White-Ruffed,Black-and-white-ruffed,Varecia variegata,homerange,22,1,,Britt_1996,
,Lemur-Black-and-White-Ruffed,Black-and-white-ruffed,Varecia variegata,homerange,27.2,1,,Britt_1996,
,Lemur-Black-and-White-Ruffed,Black-and-white-ruffed,Varecia variegata,homerange,197,1,,White_1991,
,Lemur-Black-and-White-Ruffed,Black-and-white-ruffed,Varecia variegata,homerange,88,1,,Baden_2011,
,Lemur-Black-and-White-Ruffed,Black-and-white-ruffed,Varecia variegata,homerange,54,1,,Baden_2011,
,Lemur-Black,Black,Eulemur macaco,homerange,3.5,1,,Colquhoum_1993,
,Lemur-Black,Black,Eulemur macaco,homerange,7,1,,Colquhoum_1993,
,Lemur-Black,Black,Eulemur macaco,homerange,6,?,,Jolly_1972,
,Lemur-Black,Black,Eulemur macaco,homerange,40,?,,Jolly_1972,
,Lemur-Black,Black,Eulemur macaco,homerange,24,1,,Bayart_Simmen_2005,
,Lemur-Black,Black,Eulemur macaco,homerange,16,1,,Bayart_Simmen_2005,
,Lemur-Black,Black,Eulemur macaco,homerange,14,1,,Bayart_Simmen_2005,
,Lemur-Black,Black,Eulemur macaco,homerange,3.8,1,,Schwitzer_etal_2007,
,Lemur-Black,Black,Eulemur macaco,homerange,9.7,1,,Schwitzer_etal_2007,
,Lemur-Black,Black,Eulemur macaco,homerange,6.3,1,,Schwitzer_etal_2007,
,Lemur-Black,Black,Eulemur macaco,homerange,19.6,1,,Schwitzer_etal_2007,
,Capuchin,Brown,Sapajus apella,homerange,70,1,,Freese_Oppeneimer_1981,
,Capuchin,Brown,Sapajus apella,homerange,260,1,,Izawa_1980,
,Capuchin,Brown,Sapajus apella,homerange,125,1,,Robinson_Janson_1987,
,Capuchin,Brown,Sapajus apella,homerange,80,1,,Terborgh_1983,in Cheney 1987
,Capuchin,Brown,Sapajus apella,homerange,81,1,,DiBitetti_2001,estimates from figure
,Capuchin,Brown,Sapajus apella,homerange,85,1,,DiBitetti_2001,estimates from figure
,Capuchin,Brown,Sapajus apella,homerange,125,1,,DiBitetti_2001,estimates from figure
,Capuchin,Brown,Sapajus apella,homerange,140,1,,DiBitetti_2001,estimates from figure
,Capuchin,Brown,Sapajus apella,homerange,183,1,,DiBitetti_2001,estimates from figure
,Capuchin,Brown,Sapajus apella,homerange,225,1,,DiBitetti_2001,estimates from figure
,Capuchin,Brown,Sapajus apella,homerange,290,1,,DiBitetti_2001,estimates from figure
,Capuchin,Brown,Sapajus apella,homerange,293,1,,DiBitetti_2001,estimates from figure
,Capuchin,Brown,Sapajus apella,homerange,300,2,50,Izar_etal_2012,
,Gorilla,Lowland,Gorilla gorilla,homerange,1100,1,,Bermejo_2004,
,Gorilla,Lowland,Gorilla gorilla,homerange,1100,1,,Bermejo_2004,
,Gorilla,Lowland,Gorilla gorilla,homerange,700,1,,Tutin_1996,
,Gorilla,Lowland,Gorilla gorilla,homerange,1400,1,,Tutin_1996,
,Gorilla,Lowland,Gorilla gorilla,homerange,2170,1,,Tutin_1996,
,Gorilla,Lowland,Gorilla gorilla,homerange,2300,1,,Remis_1994,
,Gorilla,Lowland,Gorilla gorilla,homerange,270,1,,Yamagiwa_etal_1996,
,Gorilla,Lowland,Gorilla gorilla,homerange,650,1,,Yamagiwa_etal_1996,
,Gorilla,Lowland,Gorilla gorilla,homerange,4000,1,,Robbins_etal_2006,
,Gorilla,Lowland,Gorilla gorilla,homerange,4230,1,,Yamagiwa_Basabose_2006,
,Gorilla,Lowland,Gorilla gorilla,homerange,1830,1,,Cipolletta_2004,
,Gorilla,Lowland,Gorilla gorilla,homerange,1580,1,,Doran-Sheehy_etal_2004,
,Orangutan,Orangutan,Pongo pygmaeus,homerange,60,1,,Rodman_Mitani_1987,
,Orangutan,Orangutan,Pongo pygmaeus,homerange,150,1,,Rodman_Mitani_1987,
,Orangutan,Orangutan,Pongo pygmaeus,homerange,100,1,,Rijksen_1978,
,Orangutan,Orangutan,Pongo pygmaeus,homerange,200,1,,Rijksen_1978,
,Orangutan,Orangutan,Pongo pygmaeus,homerange,200,1,,Rijksen_1978,
,Orangutan,Orangutan,Pongo pygmaeus,homerange,65,1,,Horr_1975,0.25 square miles
,Orangutan,Orangutan,Pongo pygmaeus,homerange,518,1,,Horr_1975,2 square miles
,Orangutan,Orangutan,Pongo pygmaeus,homerange,350,1,,Galdikas_1988,
,Orangutan,Orangutan,Pongo pygmaeus,homerange,600,1,,Galdikas_1988,
,Orangutan,Orangutan,Pongo pygmaeus,homerange,850,1,,Singleton_vanSchaik_2001,
,Orangutan,Orangutan,Pongo pygmaeus,homerange,950,1,,Singleton_vanSchaik_2001,
,Orangutan,Orangutan,Pongo pygmaeus,homerange,850,1,,Singleton_vanSchaik_2001,
,Orangutan,Orangutan,Pongo pygmaeus,homerange,2500,1,,Singleton_vanSchaik_2001,
,Orangutan,Orangutan,Pongo pygmaeus,homerange,1500,1,,Singleton_vanSchaik_2001,
,Orangutan,Orangutan,Pongo pygmaeus,homerange,2500,1,,Singleton_vanSchaik_2001,
,Orangutan,Orangutan,Pongo pygmaeus,homerange,850,1,,Singleton_vanSchaik_2001,
,Orangutan,Orangutan,Pongo pygmaeus,homerange,850,1,,Singleton_vanSchaik_2001,
,Spider monkey,Black-handed,Ateles geoffroyi,homerange,115,1,,Dare_1974,in Robinson & Janson 1987
,Spider monkey,Black-handed,Ateles geoffroyi,homerange,962,1,,Campbell_2000,in Wallace_2008
,Spider monkey,Black-handed,Ateles geoffroyi,homerange,170,1,,Chapman_1990,
,Spider monkey,Black-handed,Ateles geoffroyi,homerange,158,1,,Wallace_2008,
,Spider monkey,Black-handed,Ateles geoffroyi,homerange,95,1,,Ramos-Fernandez_Ayala-Orozoco_2003,
,Spider monkey,Black-handed,Ateles geoffroyi,homerange,166,1,,Ramos-Fernandez_Ayala-Orozoco_2003,
,Spider monkey,Black-handed,Ateles geoffroyi,homerange,98,1,,Fedigan_etal_1988,
,Spider monkey,Black-handed,Ateles geoffroyi,homerange,88,1,,Fedigan_etal_1988,
,Spider monkey,Black-handed,Ateles geoffroyi,homerange,57,1,,Fedigan_etal_1988,
,Spider monkey,Black-handed,Ateles geoffroyi,homerange,61,1,,Fedigan_etal_1988,
,Spider monkey,Black-handed,Ateles geoffroyi,homerange,55,1,,Fedigan_etal_1988,
,Spider monkey,Black-handed,Ateles geoffroyi,homerange,40,1,,Fedigan_etal_1988,
,Spider monkey,Black-handed,Ateles geoffroyi,homerange,37,1,,Fedigan_etal_1988,
,Spider monkey,Black-handed,Ateles geoffroyi,homerange,42,1,,Fedigan_etal_1988,
,Spider monkey,Black-handed,Ateles geoffroyi,homerange,32,1,,Fedigan_etal_1988,
,Spider monkey,Black-handed,Ateles geoffroyi,homerange,53,1,,Fedigan_etal_1988,
,Spider monkey,Black-handed,Ateles geoffroyi,homerange,25,1,,Fedigan_etal_1988,
,Spider monkey,Black-handed,Ateles geoffroyi,homerange,36,1,,Fedigan_etal_1988,
,Spider monkey,Black-handed,Ateles geoffroyi,homerange,49,1,,Fedigan_etal_1988,
,Spider monkey,Black-handed,Ateles geoffroyi,homerange,250,1,,Coelho_etal_1976,
,Tamarin,Cotton-top,Saguinus oedipus,lifespan,26.2,1,,Weigl_2005,
,Marmoset,Common,Callithrix jacchus,lifespan,23,1,,Weigl_2005,
,Bonobo,Bonobo,Pan paniscus,lifespan,50,1,,Weigl_2005,
,Chimpanzee,Chimpanzee,Pan troglodytes,lifespan,59.4,1,,Hakeem_etal_1996,
,Macaque,Long-tailed,Macaca fascicularis,lifespan,37.1,1,,Jones_1982,
,Macaque,Rhesus,Macaca mulatta,lifespan,40,1,,Mattison_etal_2012,
,Lemur-Red-Ruffed,Red-ruffed,Varecia rubra,lifespan,35,1,,Weigl_2005,
,Lemur-Black-and-White-Ruffed,Black-and-white-ruffed,Varecia variegata,lifespan,34,1,,Weigl_2005,
,Lemur-Black,Black,Eulemur macaco,lifespan,28,1,,Hakeem_etal_1996,
,Capuchin,Brown,Sapajus apella,lifespan,45.1,1,,Hakeem_etal_1996,
,Gorilla,Lowland,Gorilla gorilla,lifespan,54,1,,Hakeem_etal_1996,
,Orangutan,Orangutan,Pongo pygmaeus,lifespan,59,1,,Hakeem_etal_1996,
,Spider monkey,Black-handed,Ateles geoffroyi,lifespan,48,1,,Hakeem_etal_1996,
