"subject","species","type","latin_name","exp_cond","indiff","body_wt","indiff_ref","body_wt_ref"
"AG","Tamarin","Cotton-top","Saguinus oedipus","2v6",7.6,0.413,"Stevens_etal_2005","Stevens_etal_2005"
"DW","Tamarin","Cotton-top","Saguinus oedipus","2v6",8.4,0.322,"Stevens_etal_2005","Stevens_etal_2005"
"JG","Tamarin","Cotton-top","Saguinus oedipus","2v6",9.2,0.431,"Stevens_etal_2005","Stevens_etal_2005"
"JK","Tamarin","Cotton-top","Saguinus oedipus","2v6",5.6,0.376,"Stevens_etal_2005","Stevens_etal_2005"
"SP","Tamarin","Cotton-top","Saguinus oedipus","2v6",6.7,0.435,"Stevens_etal_2005","Stevens_etal_2005"
"UB","Tamarin","Cotton-top","Saguinus oedipus","2v6",9.8,0.404,"Stevens_etal_2005","Stevens_etal_2005"
"Ant","Marmoset","Common","Callithrix jacchus","2v6",10,0.254,"Stevens_etal_2005","Stevens_etal_2005"
"Des","Marmoset","Common","Callithrix jacchus","2v6",16.2,0.34,"Stevens_etal_2005","Stevens_etal_2005"
"Jul","Marmoset","Common","Callithrix jacchus","2v6",12.8,0.394,"Stevens_etal_2005","Stevens_etal_2005"
"Oth","Marmoset","Common","Callithrix jacchus","2v6",13.8,0.294,"Stevens_etal_2005","Stevens_etal_2005"
"Rom","Marmoset","Common","Callithrix jacchus","2v6",19,0.335,"Stevens_etal_2005","Stevens_etal_2005"
"Joey","Bonobo","Bonobo","Pan paniscus","2v6",92,39.1,"Rosati_etal_2007","Smith_Jungers_1997"
"Kuno","Bonobo","Bonobo","Pan paniscus","2v6",80,39.1,"Rosati_etal_2007","Smith_Jungers_1997"
"Limbuko","Bonobo","Bonobo","Pan paniscus","2v6",59,39.1,"Rosati_etal_2007","Smith_Jungers_1997"
"Ulindi","Bonobo","Bonobo","Pan paniscus","2v6",91,39.1,"Rosati_etal_2007","Smith_Jungers_1997"
"Yasa","Bonobo","Bonobo","Pan paniscus","2v6",50,39.1,"Rosati_etal_2007","Smith_Jungers_1997"
"Dorien","Chimpanzee","Chimpanzee","Pan troglodytes","2v6",162,44.967,"Rosati_etal_2007","Smith_Jungers_1997"
"Fraukje","Chimpanzee","Chimpanzee","Pan troglodytes","2v6",106,44.967,"Rosati_etal_2007","Smith_Jungers_1997"
"Patrick","Chimpanzee","Chimpanzee","Pan troglodytes","2v6",108,44.967,"Rosati_etal_2007","Smith_Jungers_1997"
"Robert","Chimpanzee","Chimpanzee","Pan troglodytes","2v6",157,44.967,"Rosati_etal_2007","Smith_Jungers_1997"
"Sandra","Chimpanzee","Chimpanzee","Pan troglodytes","2v6",80,44.967,"Rosati_etal_2007","Smith_Jungers_1997"
"Female","Macaque","Long-tailed","Macaca fascicularis","2v6",46,4.475,"Tobin_Logue_1994","Smith_Jungers_1997"
"Male","Macaque","Long-tailed","Macaca fascicularis","2v6",31.6,4.475,"Tobin_Logue_1994","Smith_Jungers_1997"
"Blumchen","Lemur","Red-ruffed","Varecia rubra","2v6",16.6,3.47,"present_study","Vasey_2003"
"Gustav","Lemur","Black-and-white-ruffed","Varecia variegata","2v6",9.2,3.515,"present_study","Vasey_2003"
"Ole","Lemur","Black-and-white-ruffed","Varecia variegata","2v6",19.8,3.515,"present_study","Vasey_2003"
"Puppi","Lemur","Black-and-white-ruffed","Varecia variegata","2v6",24.6,3.515,"present_study","Vasey_2003"
"Uta","Lemur","Black","Eulemur macaco","2v6",14.8,3.515,"present_study","Vasey_2003"
"Cammello","Capuchin","Brown","Cebus apella","2v6",78,3.085,"Addessi_etal_2011","Smith_Jungers_1997"
"Carlotta","Capuchin","Brown","Cebus apella","2v6",111,3.085,"Addessi_etal_2011","Smith_Jungers_1997"
"Gal","Capuchin","Brown","Cebus apella","2v6",73,3.085,"Addessi_etal_2011","Smith_Jungers_1997"
"Paprica","Capuchin","Brown","Cebus apella","2v6",138,3.085,"Addessi_etal_2011","Smith_Jungers_1997"
"Pedro","Capuchin","Brown","Cebus apella","2v6",39,3.085,"Addessi_etal_2011","Smith_Jungers_1997"
"Penelope","Capuchin","Brown","Cebus apella","2v6",57,3.085,"Addessi_etal_2011","Smith_Jungers_1997"
"Pippi","Capuchin","Brown","Cebus apella","2v6",131,3.085,"Addessi_etal_2011","Smith_Jungers_1997"
"Roberta","Capuchin","Brown","Cebus apella","2v6",116,3.085,"Addessi_etal_2011","Smith_Jungers_1997"
"Robin Hood","Capuchin","Brown","Cebus apella","2v6",38,3.085,"Addessi_etal_2011","Smith_Jungers_1997"
"Robinia","Capuchin","Brown","Cebus apella","2v6",83,3.085,"Addessi_etal_2011","Smith_Jungers_1997"
"Robot","Capuchin","Brown","Cebus apella","2v6",59,3.085,"Addessi_etal_2011","Smith_Jungers_1997"
"Rubens","Capuchin","Brown","Cebus apella","2v6",82,3.085,"Addessi_etal_2011","Smith_Jungers_1997"
"Rucola","Capuchin","Brown","Cebus apella","2v6",80,3.085,"Addessi_etal_2011","Smith_Jungers_1997"
"Sandokan","Capuchin","Brown","Cebus apella","2v6",58,3.085,"Addessi_etal_2011","Smith_Jungers_1997"
"Saroma","Capuchin","Brown","Cebus apella","2v6",99,3.085,"Addessi_etal_2011","Smith_Jungers_1997"
"Vispo","Capuchin","Brown","Cebus apella","2v6",56,3.085,"Addessi_etal_2011","Smith_Jungers_1997"
4038,"Rat","Wistar","Rattus norvegicus","1v3",30.89,0.3,"Perry_etal_2005","Perry_etal_2005"
4045,"Rat","Wistar","Rattus norvegicus","1v3",25.49,0.3,"Perry_etal_2005","Perry_etal_2005"
4054,"Rat","Wistar","Rattus norvegicus","1v3",14.71,0.3,"Perry_etal_2005","Perry_etal_2005"
4056,"Rat","Wistar","Rattus norvegicus","1v3",20.83,0.3,"Perry_etal_2005","Perry_etal_2005"
4059,"Rat","Wistar","Rattus norvegicus","1v3",15.19,0.3,"Perry_etal_2005","Perry_etal_2005"
4085,"Rat","Wistar","Rattus norvegicus","1v3",17.67,0.3,"Perry_etal_2005","Perry_etal_2005"
5027,"Rat","Wistar","Rattus norvegicus","1v3",14,0.3,"Perry_etal_2005","Perry_etal_2005"
6220,"Rat","Wistar","Rattus norvegicus","1v3",13.05,0.3,"Perry_etal_2005","Perry_etal_2005"
4015,"Rat","Wistar","Rattus norvegicus","1v3",6.48,0.3,"Perry_etal_2005","Perry_etal_2005"
4040,"Rat","Wistar","Rattus norvegicus","1v3",7.17,0.3,"Perry_etal_2005","Perry_etal_2005"
4053,"Rat","Wistar","Rattus norvegicus","1v3",9.16,0.3,"Perry_etal_2005","Perry_etal_2005"
5022,"Rat","Wistar","Rattus norvegicus","1v3",3.75,0.3,"Perry_etal_2005","Perry_etal_2005"
5023,"Rat","Wistar","Rattus norvegicus","1v3",3.05,0.3,"Perry_etal_2005","Perry_etal_2005"
5024,"Rat","Wistar","Rattus norvegicus","1v3",2.87,0.3,"Perry_etal_2005","Perry_etal_2005"
6002,"Rat","Wistar","Rattus norvegicus","1v3",3.68,0.3,"Perry_etal_2005","Perry_etal_2005"
6009,"Rat","Wistar","Rattus norvegicus","1v3",6.49,0.3,"Perry_etal_2005","Perry_etal_2005"
6056,"Rat","Wistar","Rattus norvegicus","1v3",4.49,0.3,"Perry_etal_2005","Perry_etal_2005"
6214,"Rat","Wistar","Rattus norvegicus","1v3",4.33,0.3,"Perry_etal_2005","Perry_etal_2005"
6216,"Rat","Wistar","Rattus norvegicus","1v3",3.97,0.3,"Perry_etal_2005","Perry_etal_2005"
6217,"Rat","Wistar","Rattus norvegicus","1v3",3.95,0.3,"Perry_etal_2005","Perry_etal_2005"
6221,"Rat","Wistar","Rattus norvegicus","1v3",4.27,0.3,"Perry_etal_2005","Perry_etal_2005"
"P81","Pigeon","White Carneau","Columba livia","other",3.02,0.614,"Green_etal_2007","Kangas_Branch_2006"
"P82","Pigeon","White Carneau","Columba livia","other",8.11,0.614,"Green_etal_2007","Kangas_Branch_2006"
"P83","Pigeon","White Carneau","Columba livia","other",3.23,0.614,"Green_etal_2007","Kangas_Branch_2006"
"P84","Pigeon","White Carneau","Columba livia","other",4.95,0.614,"Green_etal_2007","Kangas_Branch_2006"
"P91","Pigeon","White Carneau","Columba livia","other",5.66,0.614,"Green_etal_2007","Kangas_Branch_2006"
"P92","Pigeon","White Carneau","Columba livia","other",4.28,0.614,"Green_etal_2007","Kangas_Branch_2006"
"P93","Pigeon","White Carneau","Columba livia","other",5.29,0.614,"Green_etal_2007","Kangas_Branch_2006"
"Bebe","Gorilla","Lowland","Gorilla gorilla","1v3",25,122.025,"Amici_etal_2008","Smith_Jungers_1997"
"Gorgo","Gorilla","Lowland","Gorilla gorilla","1v3",30,122.025,"Amici_etal_2008","Smith_Jungers_1997"
"Kibara","Gorilla","Lowland","Gorilla gorilla","1v3",48,122.025,"Amici_etal_2008","Smith_Jungers_1997"
"Viringik","Gorilla","Lowland","Gorilla gorilla","1v3",73,122.025,"Amici_etal_2008","Smith_Jungers_1997"
"Bimbo","Orangutan","Orangutan","Pongo pygmaeus","1v3",30,56.95,"Amici_etal_2008","Smith_Jungers_1997"
"Dokana","Orangutan","Orangutan","Pongo pygmaeus","1v3",76,56.95,"Amici_etal_2008","Smith_Jungers_1997"
"Dunja","Orangutan","Orangutan","Pongo pygmaeus","1v3",85,56.95,"Amici_etal_2008","Smith_Jungers_1997"
"Kila","Orangutan","Orangutan","Pongo pygmaeus","1v3",27,56.95,"Amici_etal_2008","Smith_Jungers_1997"
"Padana","Orangutan","Orangutan","Pongo pygmaeus","1v3",44,56.95,"Amici_etal_2008","Smith_Jungers_1997"
"Pagai","Orangutan","Orangutan","Pongo pygmaeus","1v3",21,56.95,"Amici_etal_2008","Smith_Jungers_1997"
"Pini","Orangutan","Orangutan","Pongo pygmaeus","1v3",74,56.95,"Amici_etal_2008","Smith_Jungers_1997"
"Raja","Orangutan","Orangutan","Pongo pygmaeus","1v3",40,56.95,"Amici_etal_2008","Smith_Jungers_1997"
"5_1 ","Spider monkey","Black-handed","Ateles geoffroyi","1v3",89,7.535,"Amici_etal_2008","Smith_Jungers_1997"
"5_11","Spider monkey","Black-handed","Ateles geoffroyi","1v3",60,7.535,"Amici_etal_2008","Smith_Jungers_1997"
"5_2 ","Spider monkey","Black-handed","Ateles geoffroyi","1v3",123,7.535,"Amici_etal_2008","Smith_Jungers_1997"
"5_21","Spider monkey","Black-handed","Ateles geoffroyi","1v3",87,7.535,"Amici_etal_2008","Smith_Jungers_1997"
"5_23","Spider monkey","Black-handed","Ateles geoffroyi","1v3",121,7.535,"Amici_etal_2008","Smith_Jungers_1997"
"5_24","Spider monkey","Black-handed","Ateles geoffroyi","1v3",60,7.535,"Amici_etal_2008","Smith_Jungers_1997"
"5_3 ","Spider monkey","Black-handed","Ateles geoffroyi","1v3",96,7.535,"Amici_etal_2008","Smith_Jungers_1997"
"5_31","Spider monkey","Black-handed","Ateles geoffroyi","1v3",73,7.535,"Amici_etal_2008","Smith_Jungers_1997"
"5_32","Spider monkey","Black-handed","Ateles geoffroyi","1v3",40,7.535,"Amici_etal_2008","Smith_Jungers_1997"
"5_4 ","Spider monkey","Black-handed","Ateles geoffroyi","1v3",70,7.535,"Amici_etal_2008","Smith_Jungers_1997"
"5_8 ","Spider monkey","Black-handed","Ateles geoffroyi","1v3",42,7.535,"Amici_etal_2008","Smith_Jungers_1997"
"5_9 ","Spider monkey","Black-handed","Ateles geoffroyi","1v3",51,7.535,"Amici_etal_2008","Smith_Jungers_1997"
"Cognac","Capuchin","Brown","Cebus apella","1v3",24,3.035,"Amici_etal_2008","Smith_Jungers_1997"
"Paquita","Capuchin","Brown","Cebus apella","1v3",7,3.035,"Amici_etal_2008","Smith_Jungers_1997"
"Pedro","Capuchin","Brown","Cebus apella","1v3",25,3.035,"Amici_etal_2008","Smith_Jungers_1997"
"Penelope","Capuchin","Brown","Cebus apella","1v3",36,3.035,"Amici_etal_2008","Smith_Jungers_1997"
"Pepe","Capuchin","Brown","Cebus apella","1v3",30,3.035,"Amici_etal_2008","Smith_Jungers_1997"
"Pippi","Capuchin","Brown","Cebus apella","1v3",18,3.035,"Amici_etal_2008","Smith_Jungers_1997"
"Quincey","Capuchin","Brown","Cebus apella","1v3",27,3.035,"Amici_etal_2008","Smith_Jungers_1997"
"Roberta","Capuchin","Brown","Cebus apella","1v3",16,3.035,"Amici_etal_2008","Smith_Jungers_1997"
"Robinia","Capuchin","Brown","Cebus apella","1v3",32,3.035,"Amici_etal_2008","Smith_Jungers_1997"
"Rubens","Capuchin","Brown","Cebus apella","1v3",20,3.035,"Amici_etal_2008","Smith_Jungers_1997"
"Sandokan","Capuchin","Brown","Cebus apella","1v3",16,3.035,"Amici_etal_2008","Smith_Jungers_1997"
"Vispo","Capuchin","Brown","Cebus apella","1v3",9,3.035,"Amici_etal_2008","Smith_Jungers_1997"
"Anastasi","Macaque","Long-tailed","Macaca fascicularis","1v3",33,4.475,"Amici_etal_2008","Smith_Jungers_1997"
"Cleo","Macaque","Long-tailed","Macaca fascicularis","1v3",46,4.475,"Amici_etal_2008","Smith_Jungers_1997"
"Cornea","Macaque","Long-tailed","Macaca fascicularis","1v3",6,4.475,"Amici_etal_2008","Smith_Jungers_1997"
"Era ","Macaque","Long-tailed","Macaca fascicularis","1v3",19,4.475,"Amici_etal_2008","Smith_Jungers_1997"
"Icetea","Macaque","Long-tailed","Macaca fascicularis","1v3",32,4.475,"Amici_etal_2008","Smith_Jungers_1997"
"Linea","Macaque","Long-tailed","Macaca fascicularis","1v3",33,4.475,"Amici_etal_2008","Smith_Jungers_1997"
"Logica","Macaque","Long-tailed","Macaca fascicularis","1v3",24,4.475,"Amici_etal_2008","Smith_Jungers_1997"
"Ofelia","Macaque","Long-tailed","Macaca fascicularis","1v3",23,4.475,"Amici_etal_2008","Smith_Jungers_1997"
"Salvador","Macaque","Long-tailed","Macaca fascicularis","1v3",9,4.475,"Amici_etal_2008","Smith_Jungers_1997"
"Sea ","Macaque","Long-tailed","Macaca fascicularis","1v3",7,4.475,"Amici_etal_2008","Smith_Jungers_1997"
"Video","Macaque","Long-tailed","Macaca fascicularis","1v3",39,4.475,"Amici_etal_2008","Smith_Jungers_1997"
"Zargasso","Macaque","Long-tailed","Macaca fascicularis","1v3",21,4.475,"Amici_etal_2008","Smith_Jungers_1997"
