survey,item_1,item_2,item_3,item_4,item_5,item_6,item_7,item_8,item_9,item_10,item_11,item_12,item_13
dog_behavior_destructive,0.1919869119470762,-0.39965262694272663,0.23290616784204732,-0.39965262694272663,NA,NA,NA,NA,NA,NA,NA,NA,NA
dog_behavior_destructive,0.1919869119470762,0.39965262694272663,0.23290616784204732,-1.19895788082818,NA,NA,NA,NA,NA,NA,NA,NA,NA
dog_behavior_destructive,0.1919869119470762,1.19895788082818,1.1645308392102367,0.39965262694272663,NA,NA,NA,NA,NA,NA,NA,NA,NA
dog_behavior_destructive,0.1919869119470762,0.39965262694272663,-0.698718503526142,-0.39965262694272663,NA,NA,NA,NA,NA,NA,NA,NA,NA
dog_behavior_destructive,-0.9599345597353804,1.19895788082818,1.1645308392102367,-0.39965262694272663,NA,NA,NA,NA,NA,NA,NA,NA,NA
dog_behavior_destructive,-0.9599345597353804,1.19895788082818,0.23290616784204732,1.19895788082818,NA,NA,NA,NA,NA,NA,NA,NA,NA
dog_behavior_destructive,-0.9599345597353804,-1.19895788082818,-0.698718503526142,0.39965262694272663,NA,NA,NA,NA,NA,NA,NA,NA,NA
dog_behavior_destructive,-0.9599345597353804,-1.19895788082818,2.0961555105784258,1.9982631347136333,NA,NA,NA,NA,NA,NA,NA,NA,NA
dog_behavior_destructive,0.1919869119470762,-1.19895788082818,-1.6303431748943313,-1.19895788082818,NA,NA,NA,NA,NA,NA,NA,NA,NA
dog_behavior_destructive,1.343908383629533,1.19895788082818,-1.6303431748943313,1.9982631347136333,NA,NA,NA,NA,NA,NA,NA,NA,NA
dog_behavior_destructive,-0.9599345597353804,1.19895788082818,0.23290616784204732,-0.39965262694272663,NA,NA,NA,NA,NA,NA,NA,NA,NA
dog_behavior_destructive,-0.9599345597353804,-1.19895788082818,-0.698718503526142,0.39965262694272663,NA,NA,NA,NA,NA,NA,NA,NA,NA
dog_behavior_destructive,-0.9599345597353804,1.19895788082818,-0.698718503526142,-0.39965262694272663,NA,NA,NA,NA,NA,NA,NA,NA,NA
dog_behavior_destructive,0.1919869119470762,-0.39965262694272663,0.23290616784204732,0.39965262694272663,NA,NA,NA,NA,NA,NA,NA,NA,NA
dog_behavior_destructive,-0.9599345597353804,1.19895788082818,1.1645308392102367,1.19895788082818,NA,NA,NA,NA,NA,NA,NA,NA,NA
dog_behavior_destructive,0.1919869119470762,-0.39965262694272663,-0.698718503526142,-1.19895788082818,NA,NA,NA,NA,NA,NA,NA,NA,NA
dog_behavior_destructive,2.4958298553119898,1.19895788082818,1.1645308392102367,0.39965262694272663,NA,NA,NA,NA,NA,NA,NA,NA,NA
dog_behavior_destructive,1.343908383629533,0.39965262694272663,1.1645308392102367,0.39965262694272663,NA,NA,NA,NA,NA,NA,NA,NA,NA
dog_behavior_destructive,0.1919869119470762,-0.39965262694272663,-0.698718503526142,-0.39965262694272663,NA,NA,NA,NA,NA,NA,NA,NA,NA
dog_behavior_destructive,0.1919869119470762,-1.19895788082818,0.23290616784204732,-1.19895788082818,NA,NA,NA,NA,NA,NA,NA,NA,NA
dog_behavior_destructive,-0.9599345597353804,-1.19895788082818,-1.6303431748943313,-1.19895788082818,NA,NA,NA,NA,NA,NA,NA,NA,NA
dog_behavior_destructive,-0.9599345597353804,-1.19895788082818,0.23290616784204732,-1.19895788082818,NA,NA,NA,NA,NA,NA,NA,NA,NA
dog_behavior_destructive,1.343908383629533,-0.39965262694272663,0.23290616784204732,-0.39965262694272663,NA,NA,NA,NA,NA,NA,NA,NA,NA
dog_behavior_destructive,1.343908383629533,-0.39965262694272663,-0.698718503526142,1.19895788082818,NA,NA,NA,NA,NA,NA,NA,NA,NA
dog_behavior_destructive,-0.7556571563677491,-1.2622236700397411,-1.688078468421798,0.7762095113605302,NA,NA,NA,NA,NA,NA,NA,NA,NA
dog_behavior_destructive,1.6338533110654034,-0.14343450795906146,-1.0362461885361531,0.22580640330488144,NA,NA,NA,NA,NA,NA,NA,NA,NA
dog_behavior_destructive,-0.7556571563677491,-1.2622236700397411,-1.0362461885361531,-0.8749998128064159,NA,NA,NA,NA,NA,NA,NA,NA,NA
dog_behavior_destructive,0.04084633277663512,-0.7028290889994012,-1.0362461885361531,-0.8749998128064159,NA,NA,NA,NA,NA,NA,NA,NA,NA
dog_behavior_destructive,-0.7556571563677491,2.0941438162022976,0.26741837123513623,1.8770157274718275,NA,NA,NA,NA,NA,NA,NA,NA,NA
dog_behavior_destructive,-0.7556571563677491,0.975354654121618,-1.0362461885361531,1.326612619416179,NA,NA,NA,NA,NA,NA,NA,NA,NA
dog_behavior_destructive,2.4303568002097875,0.975354654121618,0.919250651120781,0.22580640330488144,NA,NA,NA,NA,NA,NA,NA,NA,NA
dog_behavior_destructive,0.04084633277663512,-0.14343450795906146,-0.3844139086505085,-1.4254029208620647,NA,NA,NA,NA,NA,NA,NA,NA,NA
dog_behavior_destructive,-0.7556571563677491,-1.2622236700397411,2.2229152108920704,1.8770157274718275,NA,NA,NA,NA,NA,NA,NA,NA,NA
dog_behavior_destructive,-0.7556571563677491,0.4159600730812783,-0.3844139086505085,-1.4254029208620647,NA,NA,NA,NA,NA,NA,NA,NA,NA
dog_behavior_destructive,0.04084633277663512,-0.7028290889994012,-0.3844139086505085,0.22580640330488144,NA,NA,NA,NA,NA,NA,NA,NA,NA
dog_behavior_destructive,0.04084633277663512,-0.7028290889994012,-1.0362461885361531,-0.8749998128064159,NA,NA,NA,NA,NA,NA,NA,NA,NA
dog_behavior_destructive,-0.7556571563677491,-0.7028290889994012,0.26741837123513623,1.326612619416179,NA,NA,NA,NA,NA,NA,NA,NA,NA
dog_behavior_destructive,0.8373498219210194,1.5347492351619578,-1.0362461885361531,-0.32459670475076724,NA,NA,NA,NA,NA,NA,NA,NA,NA
dog_behavior_destructive,-0.7556571563677491,0.975354654121618,0.26741837123513623,-0.32459670475076724,NA,NA,NA,NA,NA,NA,NA,NA,NA
dog_behavior_destructive,-0.7556571563677491,-0.14343450795906146,-1.0362461885361531,-0.8749998128064159,NA,NA,NA,NA,NA,NA,NA,NA,NA
dog_behavior_destructive,0.04084633277663512,0.4159600730812783,0.26741837123513623,0.7762095113605302,NA,NA,NA,NA,NA,NA,NA,NA,NA
dog_behavior_destructive,-0.7556571563677491,-0.7028290889994012,0.919250651120781,0.7762095113605302,NA,NA,NA,NA,NA,NA,NA,NA,NA
dog_behavior_destructive,-0.7556571563677491,-1.2622236700397411,0.919250651120781,1.8770157274718275,NA,NA,NA,NA,NA,NA,NA,NA,NA
dog_behavior_destructive,-0.7556571563677491,0.975354654121618,-1.0362461885361531,-0.32459670475076724,NA,NA,NA,NA,NA,NA,NA,NA,NA
dog_behavior_destructive,0.8373498219210194,0.4159600730812783,-0.3844139086505085,-0.8749998128064159,NA,NA,NA,NA,NA,NA,NA,NA,NA
dog_behavior_destructive,-0.7556571563677491,-1.2622236700397411,1.5710829310064256,-0.32459670475076724,NA,NA,NA,NA,NA,NA,NA,NA,NA
dog_behavior_destructive,0.04084633277663512,1.5347492351619578,-0.3844139086505085,-0.8749998128064159,NA,NA,NA,NA,NA,NA,NA,NA,NA
dog_behavior_destructive,-0.7556571563677491,1.5347492351619578,0.26741837123513623,-0.8749998128064159,NA,NA,NA,NA,NA,NA,NA,NA,NA
dog_behavior_destructive,0.04084633277663512,0.975354654121618,-0.3844139086505085,0.22580640330488144,NA,NA,NA,NA,NA,NA,NA,NA,NA
dog_behavior_destructive,1.6338533110654034,1.5347492351619578,1.5710829310064256,-0.8749998128064159,NA,NA,NA,NA,NA,NA,NA,NA,NA
dog_behavior_destructive,-0.7556571563677491,-0.7028290889994012,-1.0362461885361531,0.22580640330488144,NA,NA,NA,NA,NA,NA,NA,NA,NA
dog_behavior_destructive,0.8373498219210194,-0.14343450795906146,0.919250651120781,-0.8749998128064159,NA,NA,NA,NA,NA,NA,NA,NA,NA
dog_behavior_destructive,-0.7556571563677491,-0.14343450795906146,-0.3844139086505085,1.326612619416179,NA,NA,NA,NA,NA,NA,NA,NA,NA
dog_behavior_destructive,-0.7556571563677491,-0.7028290889994012,-0.3844139086505085,-1.4254029208620647,NA,NA,NA,NA,NA,NA,NA,NA,NA
dog_behavior_destructive,0.04084633277663512,0.4159600730812783,0.26741837123513623,0.7762095113605302,NA,NA,NA,NA,NA,NA,NA,NA,NA
dog_behavior_destructive,0.04084633277663512,1.5347492351619578,2.2229152108920704,1.326612619416179,NA,NA,NA,NA,NA,NA,NA,NA,NA
dog_behavior_destructive,1.6338533110654034,0.4159600730812783,1.5710829310064256,-0.8749998128064159,NA,NA,NA,NA,NA,NA,NA,NA,NA
dog_behavior_destructive,0.04084633277663512,-0.7028290889994012,-1.0362461885361531,-0.8749998128064159,NA,NA,NA,NA,NA,NA,NA,NA,NA
dog_behavior_destructive,0.8373498219210194,-0.14343450795906146,0.26741837123513623,0.22580640330488144,NA,NA,NA,NA,NA,NA,NA,NA,NA
dog_behavior_destructive,-0.7556571563677491,-0.7028290889994012,0.26741837123513623,0.7762095113605302,NA,NA,NA,NA,NA,NA,NA,NA,NA
dog_behavior_destructive,3.226860289354172,-1.2622236700397411,0.919250651120781,-0.8749998128064159,NA,NA,NA,NA,NA,NA,NA,NA,NA
dog_behavior_destructive,0.04084633277663512,-0.7028290889994012,0.26741837123513623,0.7762095113605302,NA,NA,NA,NA,NA,NA,NA,NA,NA
dog_behavior_destructive,-0.7556571563677491,-1.2622236700397411,-1.0362461885361531,-0.8749998128064159,NA,NA,NA,NA,NA,NA,NA,NA,NA
dog_behavior_aggressive,-0.951207211014918,-0.9157192073264961,-0.6965495754202504,-0.8164965809277261,-0.8932101108555855,-0.47461034941703484,NA,NA,NA,NA,NA,NA,NA
dog_behavior_aggressive,-0.951207211014918,-0.9157192073264961,-0.6965495754202504,-0.8164965809277261,-0.8932101108555855,-0.47461034941703484,NA,NA,NA,NA,NA,NA,NA
dog_behavior_aggressive,0.8048676400895458,1.43898732579878,0.823194952769387,0.4082482904638629,1.5802948115137279,-0.47461034941703484,NA,NA,NA,NA,NA,NA,NA
dog_behavior_aggressive,0.8048676400895458,0.6540851480903546,0.823194952769387,0.4082482904638629,-0.06870847006581439,0.40159337258364475,NA,NA,NA,NA,NA,NA,NA
dog_behavior_aggressive,-0.07316978546268613,-0.13081702961807076,0.823194952769387,0.4082482904638629,-0.06870847006581439,0.40159337258364475,NA,NA,NA,NA,NA,NA,NA
dog_behavior_aggressive,-0.951207211014918,-0.9157192073264961,-0.6965495754202504,-0.8164965809277261,-0.8932101108555855,-0.47461034941703484,NA,NA,NA,NA,NA,NA,NA
dog_behavior_aggressive,0.8048676400895458,0.6540851480903546,-0.6965495754202504,0.4082482904638629,0.7557931707239568,0.40159337258364475,NA,NA,NA,NA,NA,NA,NA
dog_behavior_aggressive,2.5609424911940097,2.2238895035072055,2.3429394809590245,2.8577380332470406,2.4047964523034993,0.40159337258364475,NA,NA,NA,NA,NA,NA,NA
dog_behavior_aggressive,-0.951207211014918,-0.9157192073264961,-0.6965495754202504,-0.8164965809277261,-0.06870847006581439,-0.47461034941703484,NA,NA,NA,NA,NA,NA,NA
dog_behavior_aggressive,-0.951207211014918,-0.9157192073264961,-0.6965495754202504,-0.8164965809277261,-0.8932101108555855,-0.47461034941703484,NA,NA,NA,NA,NA,NA,NA
dog_behavior_aggressive,1.6829050656417777,0.6540851480903546,-0.6965495754202504,-0.8164965809277261,0.7557931707239568,-0.47461034941703484,NA,NA,NA,NA,NA,NA,NA
dog_behavior_aggressive,0.8048676400895458,2.2238895035072055,-0.6965495754202504,1.632993161855452,2.4047964523034993,3.030204538585683,NA,NA,NA,NA,NA,NA,NA
dog_behavior_aggressive,-0.07316978546268613,-0.9157192073264961,0.823194952769387,0.4082482904638629,-0.8932101108555855,-0.47461034941703484,NA,NA,NA,NA,NA,NA,NA
dog_behavior_aggressive,-0.07316978546268613,-0.13081702961807076,-0.6965495754202504,-0.8164965809277261,-0.06870847006581439,-0.47461034941703484,NA,NA,NA,NA,NA,NA,NA
dog_behavior_aggressive,-0.07316978546268613,-0.13081702961807076,0.823194952769387,0.4082482904638629,-0.06870847006581439,-0.47461034941703484,NA,NA,NA,NA,NA,NA,NA
dog_behavior_aggressive,-0.07316978546268613,-0.13081702961807076,-0.6965495754202504,0.4082482904638629,-0.06870847006581439,-0.47461034941703484,NA,NA,NA,NA,NA,NA,NA
dog_behavior_aggressive,-0.951207211014918,-0.9157192073264961,0.823194952769387,0.4082482904638629,-0.8932101108555855,-0.47461034941703484,NA,NA,NA,NA,NA,NA,NA
dog_behavior_aggressive,0.8048676400895458,-0.13081702961807076,2.3429394809590245,1.632993161855452,-0.06870847006581439,0.40159337258364475,NA,NA,NA,NA,NA,NA,NA
dog_behavior_aggressive,-0.951207211014918,-0.13081702961807076,-0.6965495754202504,-0.8164965809277261,-0.8932101108555855,-0.47461034941703484,NA,NA,NA,NA,NA,NA,NA
dog_behavior_aggressive,0.8048676400895458,-0.9157192073264961,0.823194952769387,0.4082482904638629,-0.8932101108555855,-0.47461034941703484,NA,NA,NA,NA,NA,NA,NA
dog_behavior_aggressive,-0.951207211014918,-0.13081702961807076,-0.6965495754202504,-0.8164965809277261,-0.06870847006581439,-0.47461034941703484,NA,NA,NA,NA,NA,NA,NA
dog_behavior_aggressive,-0.951207211014918,-0.13081702961807076,-0.6965495754202504,-0.8164965809277261,-0.06870847006581439,-0.47461034941703484,NA,NA,NA,NA,NA,NA,NA
dog_behavior_aggressive,0.8048676400895458,1.43898732579878,-0.6965495754202504,-0.8164965809277261,0.7557931707239568,3.030204538585683,NA,NA,NA,NA,NA,NA,NA
dog_behavior_aggressive,-0.951207211014918,-0.9157192073264961,-0.6965495754202504,-0.8164965809277261,-0.8932101108555855,-0.47461034941703484,NA,NA,NA,NA,NA,NA,NA
dog_behavior_aggressive,-0.7071067811865475,-0.8728715609439696,-0.4440741665792453,-0.7269565904495865,-0.6786286605901338,-0.4373616323137715,NA,NA,NA,NA,NA,NA,NA
dog_behavior_aggressive,0,-0.21821789023599247,1.66527812467217,0.4543478690309915,0.12338702919820606,1.6947763252158652,NA,NA,NA,NA,NA,NA,NA
dog_behavior_aggressive,2.82842712474619,2.4003967925959158,3.774630415923585,1.6356523285115694,0.925402718986546,3.826914282745502,NA,NA,NA,NA,NA,NA,NA
dog_behavior_aggressive,0,-0.21821789023599247,-0.4440741665792453,0.4543478690309915,0.12338702919820606,-0.4373616323137715,NA,NA,NA,NA,NA,NA,NA
dog_behavior_aggressive,0,0.4364357804719846,1.66527812467217,-0.7269565904495865,1.7274184087748858,-0.4373616323137715,NA,NA,NA,NA,NA,NA,NA
dog_behavior_aggressive,0,1.0910894511799618,-0.4440741665792453,0.4543478690309915,2.5294340985632258,1.6947763252158652,NA,NA,NA,NA,NA,NA,NA
dog_behavior_aggressive,-0.7071067811865475,-0.8728715609439696,-0.4440741665792453,-0.7269565904495865,-0.6786286605901338,-0.4373616323137715,NA,NA,NA,NA,NA,NA,NA
dog_behavior_aggressive,-0.7071067811865475,-0.8728715609439696,-0.4440741665792453,-0.7269565904495865,-0.6786286605901338,-0.4373616323137715,NA,NA,NA,NA,NA,NA,NA
dog_behavior_aggressive,-0.7071067811865475,-0.21821789023599247,-0.4440741665792453,-0.7269565904495865,-0.6786286605901338,-0.4373616323137715,NA,NA,NA,NA,NA,NA,NA
dog_behavior_aggressive,-0.7071067811865475,-0.8728715609439696,-0.4440741665792453,-0.7269565904495865,-0.6786286605901338,-0.4373616323137715,NA,NA,NA,NA,NA,NA,NA
dog_behavior_aggressive,-0.7071067811865475,-0.8728715609439696,-0.4440741665792453,-0.7269565904495865,-0.6786286605901338,-0.4373616323137715,NA,NA,NA,NA,NA,NA,NA
dog_behavior_aggressive,-0.7071067811865475,1.0910894511799618,1.66527812467217,0.4543478690309915,0.925402718986546,1.6947763252158652,NA,NA,NA,NA,NA,NA,NA
dog_behavior_aggressive,-0.7071067811865475,2.4003967925959158,1.66527812467217,-0.7269565904495865,2.5294340985632258,-0.4373616323137715,NA,NA,NA,NA,NA,NA,NA
dog_behavior_aggressive,0.7071067811865475,-0.21821789023599247,1.66527812467217,0.4543478690309915,0.12338702919820606,-0.4373616323137715,NA,NA,NA,NA,NA,NA,NA
dog_behavior_aggressive,0,-0.21821789023599247,-0.4440741665792453,-0.7269565904495865,-0.6786286605901338,-0.4373616323137715,NA,NA,NA,NA,NA,NA,NA
dog_behavior_aggressive,-0.7071067811865475,-0.8728715609439696,-0.4440741665792453,0.4543478690309915,-0.6786286605901338,-0.4373616323137715,NA,NA,NA,NA,NA,NA,NA
dog_behavior_aggressive,0,-0.21821789023599247,-0.4440741665792453,0.4543478690309915,-0.6786286605901338,-0.4373616323137715,NA,NA,NA,NA,NA,NA,NA
dog_behavior_aggressive,2.1213203435596424,1.745743121887939,-0.4440741665792453,2.8169567879921473,1.7274184087748858,-0.4373616323137715,NA,NA,NA,NA,NA,NA,NA
dog_behavior_aggressive,-0.7071067811865475,-0.21821789023599247,-0.4440741665792453,-0.7269565904495865,-0.6786286605901338,1.6947763252158652,NA,NA,NA,NA,NA,NA,NA
dog_behavior_aggressive,0,-0.21821789023599247,-0.4440741665792453,-0.7269565904495865,-0.6786286605901338,-0.4373616323137715,NA,NA,NA,NA,NA,NA,NA
dog_behavior_aggressive,-0.7071067811865475,-0.8728715609439696,-0.4440741665792453,-0.7269565904495865,-0.6786286605901338,-0.4373616323137715,NA,NA,NA,NA,NA,NA,NA
dog_behavior_aggressive,-0.7071067811865475,-0.21821789023599247,-0.4440741665792453,0.4543478690309915,0.12338702919820606,-0.4373616323137715,NA,NA,NA,NA,NA,NA,NA
dog_behavior_aggressive,-0.7071067811865475,-0.21821789023599247,-0.4440741665792453,-0.7269565904495865,-0.6786286605901338,-0.4373616323137715,NA,NA,NA,NA,NA,NA,NA
dog_behavior_aggressive,0,-0.21821789023599247,1.66527812467217,0.4543478690309915,0.12338702919820606,1.6947763252158652,NA,NA,NA,NA,NA,NA,NA
dog_behavior_aggressive,-0.7071067811865475,1.745743121887939,-0.4440741665792453,1.6356523285115694,1.7274184087748858,-0.4373616323137715,NA,NA,NA,NA,NA,NA,NA
dog_behavior_aggressive,0.7071067811865475,0.4364357804719846,-0.4440741665792453,-0.7269565904495865,-0.6786286605901338,-0.4373616323137715,NA,NA,NA,NA,NA,NA,NA
dog_behavior_aggressive,1.414213562373095,-0.8728715609439696,-0.4440741665792453,1.6356523285115694,0.12338702919820606,1.6947763252158652,NA,NA,NA,NA,NA,NA,NA
dog_behavior_aggressive,-0.7071067811865475,-0.8728715609439696,-0.4440741665792453,-0.7269565904495865,-0.6786286605901338,-0.4373616323137715,NA,NA,NA,NA,NA,NA,NA
dog_behavior_aggressive,-0.7071067811865475,-0.8728715609439696,-0.4440741665792453,-0.7269565904495865,-0.6786286605901338,-0.4373616323137715,NA,NA,NA,NA,NA,NA,NA
dog_behavior_aggressive,0.7071067811865475,-0.8728715609439696,-0.4440741665792453,-0.7269565904495865,-0.6786286605901338,-0.4373616323137715,NA,NA,NA,NA,NA,NA,NA
dog_behavior_aggressive,2.1213203435596424,-0.21821789023599247,-0.4440741665792453,0.4543478690309915,0.12338702919820606,-0.4373616323137715,NA,NA,NA,NA,NA,NA,NA
dog_behavior_aggressive,2.1213203435596424,1.745743121887939,NA,0.4543478690309915,0.925402718986546,-0.4373616323137715,NA,NA,NA,NA,NA,NA,NA
dog_behavior_aggressive,-0.7071067811865475,-0.8728715609439696,-0.4440741665792453,-0.7269565904495865,-0.6786286605901338,-0.4373616323137715,NA,NA,NA,NA,NA,NA,NA
dog_behavior_aggressive,0.7071067811865475,-0.21821789023599247,-0.4440741665792453,0.4543478690309915,-0.6786286605901338,-0.4373616323137715,NA,NA,NA,NA,NA,NA,NA
dog_behavior_aggressive,-0.7071067811865475,-0.8728715609439696,-0.4440741665792453,-0.7269565904495865,-0.6786286605901338,-0.4373616323137715,NA,NA,NA,NA,NA,NA,NA
dog_behavior_aggressive,-0.7071067811865475,-0.8728715609439696,-0.4440741665792453,-0.7269565904495865,-0.6786286605901338,-0.4373616323137715,NA,NA,NA,NA,NA,NA,NA
dog_behavior_aggressive,-0.7071067811865475,0.4364357804719846,-0.4440741665792453,-0.7269565904495865,-0.6786286605901338,-0.4373616323137715,NA,NA,NA,NA,NA,NA,NA
dog_behavior_aggressive,-0.7071067811865475,-0.21821789023599247,-0.4440741665792453,-0.7269565904495865,-0.6786286605901338,-0.4373616323137715,NA,NA,NA,NA,NA,NA,NA
dog_behavior_aggressive,1.414213562373095,1.745743121887939,-0.4440741665792453,2.8169567879921473,1.7274184087748858,-0.4373616323137715,NA,NA,NA,NA,NA,NA,NA
dog_behavior_nervous,0.4531634835874828,0.3435423503290711,0.9405829598857133,0.4314266402998391,NA,NA,NA,NA,NA,NA,NA,NA,NA
dog_behavior_nervous,-0.4531634835874828,0.3435423503290711,0.16216947584236446,-0.5098678476270823,NA,NA,NA,NA,NA,NA,NA,NA,NA
dog_behavior_nervous,-0.4531634835874828,0.3435423503290711,-0.61624400820098435,-0.5098678476270823,NA,NA,NA,NA,NA,NA,NA,NA,NA
dog_behavior_nervous,0.4531634835874828,0.3435423503290711,-0.61624400820098435,-0.5098678476270823,NA,NA,NA,NA,NA,NA,NA,NA,NA
dog_behavior_nervous,1.3594904507624486,0.3435423503290711,0.9405829598857133,-0.5098678476270823,NA,NA,NA,NA,NA,NA,NA,NA,NA
dog_behavior_nervous,1.3594904507624486,1.168043991118842,0.9405829598857133,1.3727211282267606,NA,NA,NA,NA,NA,NA,NA,NA,NA
dog_behavior_nervous,-0.4531634835874828,0.3435423503290711,-0.61624400820098435,0.4314266402998391,NA,NA,NA,NA,NA,NA,NA,NA,NA
dog_behavior_nervous,2.265817417937414,1.992545631908613,1.7189964439290621,2.314015616153682,NA,NA,NA,NA,NA,NA,NA,NA,NA
dog_behavior_nervous,-0.4531634835874828,0.3435423503290711,0.16216947584236446,-0.5098678476270823,NA,NA,NA,NA,NA,NA,NA,NA,NA
dog_behavior_nervous,-1.3594904507624486,-0.48095929046069985,-0.61624400820098435,-0.5098678476270823,NA,NA,NA,NA,NA,NA,NA,NA,NA
dog_behavior_nervous,0.4531634835874828,-0.48095929046069985,1.7189964439290621,1.3727211282267606,NA,NA,NA,NA,NA,NA,NA,NA,NA
dog_behavior_nervous,-1.3594904507624486,-1.3054609312504708,-1.3946574922443333,-1.4511623355540038,NA,NA,NA,NA,NA,NA,NA,NA,NA
dog_behavior_nervous,0.4531634835874828,0.3435423503290711,0.9405829598857133,0.4314266402998391,NA,NA,NA,NA,NA,NA,NA,NA,NA
dog_behavior_nervous,-0.4531634835874828,0.3435423503290711,-0.61624400820098435,-0.5098678476270823,NA,NA,NA,NA,NA,NA,NA,NA,NA
dog_behavior_nervous,1.3594904507624486,1.168043991118842,0.16216947584236446,-0.5098678476270823,NA,NA,NA,NA,NA,NA,NA,NA,NA
dog_behavior_nervous,-0.4531634835874828,-0.48095929046069985,0.16216947584236446,-0.5098678476270823,NA,NA,NA,NA,NA,NA,NA,NA,NA
dog_behavior_nervous,-1.3594904507624486,-1.3054609312504708,-1.3946574922443333,-0.5098678476270823,NA,NA,NA,NA,NA,NA,NA,NA,NA
dog_behavior_nervous,-0.4531634835874828,-1.3054609312504708,-0.61624400820098435,-0.5098678476270823,NA,NA,NA,NA,NA,NA,NA,NA,NA
dog_behavior_nervous,-1.3594904507624486,-1.3054609312504708,-1.3946574922443333,-1.4511623355540038,NA,NA,NA,NA,NA,NA,NA,NA,NA
dog_behavior_nervous,-0.4531634835874828,-1.3054609312504708,-0.61624400820098435,-0.5098678476270823,NA,NA,NA,NA,NA,NA,NA,NA,NA
dog_behavior_nervous,-0.4531634835874828,-1.3054609312504708,-1.3946574922443333,-0.5098678476270823,NA,NA,NA,NA,NA,NA,NA,NA,NA
dog_behavior_nervous,1.3594904507624486,1.992545631908613,1.7189964439290621,2.314015616153682,NA,NA,NA,NA,NA,NA,NA,NA,NA
dog_behavior_nervous,0.4531634835874828,0.3435423503290711,0.16216947584236446,0.4314266402998391,NA,NA,NA,NA,NA,NA,NA,NA,NA
dog_behavior_nervous,-0.4531634835874828,-0.48095929046069985,0.16216947584236446,0.4314266402998391,NA,NA,NA,NA,NA,NA,NA,NA,NA
dog_behavior_nervous,-1.3706249929552583,-1.8040310863744862,-1.5048377267547206,-1.615999638566632,NA,NA,NA,NA,NA,NA,NA,NA,NA
dog_behavior_nervous,-0.7490624961499668,-0.2745264696656827,-0.8379210069429694,-0.9309563135220815,NA,NA,NA,NA,NA,NA,NA,NA,NA
dog_behavior_nervous,1.1156249942659078,1.2549781470431207,-0.17100428713121824,1.12417366161157,NA,NA,NA,NA,NA,NA,NA,NA,NA
dog_behavior_nervous,0.4940624974606162,0.490225838688719,0.4959124326805329,-0.24591298847753099,NA,NA,NA,NA,NA,NA,NA,NA,NA
dog_behavior_nervous,-0.7490624961499668,0.490225838688719,1.162829152492284,-0.24591298847753099,NA,NA,NA,NA,NA,NA,NA,NA,NA
dog_behavior_nervous,0.4940624974606162,-1.0392787780200845,0.4959124326805329,-0.24591298847753099,NA,NA,NA,NA,NA,NA,NA,NA,NA
dog_behavior_nervous,1.1156249942659078,1.2549781470431207,-0.8379210069429694,0.4391303365670195,NA,NA,NA,NA,NA,NA,NA,NA,NA
dog_behavior_nervous,-1.3706249929552583,1.2549781470431207,-1.5048377267547206,-1.615999638566632,NA,NA,NA,NA,NA,NA,NA,NA,NA
dog_behavior_nervous,0.4940624974606162,1.2549781470431207,-0.17100428713121824,-0.24591298847753099,NA,NA,NA,NA,NA,NA,NA,NA,NA
dog_behavior_nervous,0.4940624974606162,0.490225838688719,0.4959124326805329,-0.9309563135220815,NA,NA,NA,NA,NA,NA,NA,NA,NA
dog_behavior_nervous,-0.7490624961499668,-1.0392787780200845,1.162829152492284,-0.9309563135220815,NA,NA,NA,NA,NA,NA,NA,NA,NA
dog_behavior_nervous,-0.12749999934467526,-1.0392787780200845,-0.8379210069429694,-0.24591298847753099,NA,NA,NA,NA,NA,NA,NA,NA,NA
dog_behavior_nervous,-0.12749999934467526,-1.0392787780200845,-0.8379210069429694,-0.24591298847753099,NA,NA,NA,NA,NA,NA,NA,NA,NA
dog_behavior_nervous,0.4940624974606162,0.490225838688719,1.162829152492284,0.4391303365670195,NA,NA,NA,NA,NA,NA,NA,NA,NA
dog_behavior_nervous,-0.12749999934467526,-0.2745264696656827,-0.17100428713121824,-0.9309563135220815,NA,NA,NA,NA,NA,NA,NA,NA,NA
dog_behavior_nervous,-0.7490624961499668,-1.0392787780200845,-0.8379210069429694,-1.615999638566632,NA,NA,NA,NA,NA,NA,NA,NA,NA
dog_behavior_nervous,0.4940624974606162,0.490225838688719,1.162829152492284,1.12417366161157,NA,NA,NA,NA,NA,NA,NA,NA,NA
dog_behavior_nervous,-1.3706249929552583,-0.2745264696656827,-0.17100428713121824,1.12417366161157,NA,NA,NA,NA,NA,NA,NA,NA,NA
dog_behavior_nervous,1.737187491071199,2.0197304553975224,1.162829152492284,1.12417366161157,NA,NA,NA,NA,NA,NA,NA,NA,NA
dog_behavior_nervous,-1.3706249929552583,-1.8040310863744862,-1.5048377267547206,-0.9309563135220815,NA,NA,NA,NA,NA,NA,NA,NA,NA
dog_behavior_nervous,1.1156249942659078,1.2549781470431207,0.4959124326805329,0.4391303365670195,NA,NA,NA,NA,NA,NA,NA,NA,NA
dog_behavior_nervous,0.4940624974606162,1.2549781470431207,1.162829152492284,-0.9309563135220815,NA,NA,NA,NA,NA,NA,NA,NA,NA
dog_behavior_nervous,-0.7490624961499668,-1.0392787780200845,-0.8379210069429694,1.12417366161157,NA,NA,NA,NA,NA,NA,NA,NA,NA
dog_behavior_nervous,0.4940624974606162,0.490225838688719,-0.17100428713121824,1.12417366161157,NA,NA,NA,NA,NA,NA,NA,NA,NA
dog_behavior_nervous,1.737187491071199,1.2549781470431207,1.162829152492284,1.8092169866561205,NA,NA,NA,NA,NA,NA,NA,NA,NA
dog_behavior_nervous,-1.3706249929552583,-0.2745264696656827,-1.5048377267547206,-1.615999638566632,NA,NA,NA,NA,NA,NA,NA,NA,NA
dog_behavior_nervous,1.737187491071199,0.490225838688719,0.4959124326805329,-0.9309563135220815,NA,NA,NA,NA,NA,NA,NA,NA,NA
dog_behavior_nervous,1.737187491071199,-1.0392787780200845,0.4959124326805329,0.4391303365670195,NA,NA,NA,NA,NA,NA,NA,NA,NA
dog_behavior_nervous,-0.7490624961499668,-1.0392787780200845,-0.8379210069429694,-0.24591298847753099,NA,NA,NA,NA,NA,NA,NA,NA,NA
dog_behavior_nervous,1.1156249942659078,-1.0392787780200845,1.162829152492284,-0.24591298847753099,NA,NA,NA,NA,NA,NA,NA,NA,NA
dog_behavior_nervous,-0.7490624961499668,-0.2745264696656827,1.162829152492284,1.12417366161157,NA,NA,NA,NA,NA,NA,NA,NA,NA
dog_behavior_nervous,0.4940624974606162,0.490225838688719,0.4959124326805329,0.4391303365670195,NA,NA,NA,NA,NA,NA,NA,NA,NA
dog_behavior_nervous,-1.3706249929552583,0.490225838688719,-1.5048377267547206,-0.9309563135220815,NA,NA,NA,NA,NA,NA,NA,NA,NA
dog_behavior_nervous,-0.12749999934467526,-0.2745264696656827,1.162829152492284,0.4391303365670195,NA,NA,NA,NA,NA,NA,NA,NA,NA
dog_behavior_nervous,-0.7490624961499668,-1.0392787780200845,-1.5048377267547206,1.12417366161157,NA,NA,NA,NA,NA,NA,NA,NA,NA
dog_behavior_nervous,-0.7490624961499668,-1.0392787780200845,-1.5048377267547206,-0.9309563135220815,NA,NA,NA,NA,NA,NA,NA,NA,NA
dog_behavior_nervous,1.1156249942659078,1.2549781470431207,1.162829152492284,1.12417366161157,NA,NA,NA,NA,NA,NA,NA,NA,NA
dog_behavior_nervous,-0.7490624961499668,0.490225838688719,0.4959124326805329,1.8092169866561205,NA,NA,NA,NA,NA,NA,NA,NA,NA
dog_behavior_nervous,-0.7490624961499668,-0.2745264696656827,0.4959124326805329,0.4391303365670195,NA,NA,NA,NA,NA,NA,NA,NA,NA
dog_behavior_disobedient,-0.9095394684417762,-1.323775265058595,-1.1473412488845423,-0.18895876482390414,-0.565194165260439,0.6372389240525752,NA,NA,NA,NA,NA,NA,NA
dog_behavior_disobedient,-0.9095394684417762,-1.323775265058595,-0.04589364995538153,-1.0959608359786432,-1.695582495781317,-0.8921344936736051,NA,NA,NA,NA,NA,NA,NA
dog_behavior_disobedient,0.39792351744327714,-0.33094381626464886,-0.04589364995538153,-0.18895876482390414,-0.565194165260439,0.6372389240525752,NA,NA,NA,NA,NA,NA,NA
dog_behavior_disobedient,-0.9095394684417762,-0.33094381626464886,-0.04589364995538153,-0.18895876482390414,0.565194165260439,-0.8921344936736051,NA,NA,NA,NA,NA,NA,NA
dog_behavior_disobedient,-0.9095394684417762,-1.323775265058595,-1.1473412488845423,-1.0959608359786432,-1.695582495781317,-0.8921344936736051,NA,NA,NA,NA,NA,NA,NA
dog_behavior_disobedient,0.39792351744327714,0.6618876325292973,1.055553948973779,-0.18895876482390414,-0.565194165260439,2.1666123417787557,NA,NA,NA,NA,NA,NA,NA
dog_behavior_disobedient,-0.9095394684417762,-0.33094381626464886,-0.04589364995538153,-1.0959608359786432,-0.565194165260439,-0.8921344936736051,NA,NA,NA,NA,NA,NA,NA
dog_behavior_disobedient,1.7053865033283304,1.6547190813232433,2.1570015479029396,2.5320474486403133,-0.565194165260439,0.6372389240525752,NA,NA,NA,NA,NA,NA,NA
dog_behavior_disobedient,0.39792351744327714,0.6618876325292973,-1.1473412488845423,-0.18895876482390414,-0.565194165260439,-0.8921344936736051,NA,NA,NA,NA,NA,NA,NA
dog_behavior_disobedient,-0.9095394684417762,0.6618876325292973,-0.04589364995538153,-0.18895876482390414,-0.565194165260439,0.6372389240525752,NA,NA,NA,NA,NA,NA,NA
dog_behavior_disobedient,0.39792351744327714,-0.33094381626464886,1.055553948973779,-0.18895876482390414,-0.565194165260439,0.6372389240525752,NA,NA,NA,NA,NA,NA,NA
dog_behavior_disobedient,0.39792351744327714,-0.33094381626464886,1.055553948973779,-0.18895876482390414,-0.565194165260439,0.6372389240525752,NA,NA,NA,NA,NA,NA,NA
dog_behavior_disobedient,-0.9095394684417762,-0.33094381626464886,-0.04589364995538153,-0.18895876482390414,-0.565194165260439,-0.8921344936736051,NA,NA,NA,NA,NA,NA,NA
dog_behavior_disobedient,0.39792351744327714,-1.323775265058595,-0.04589364995538153,-0.18895876482390414,0.565194165260439,0.6372389240525752,NA,NA,NA,NA,NA,NA,NA
dog_behavior_disobedient,1.7053865033283304,-0.33094381626464886,1.055553948973779,1.6250453774855742,0.565194165260439,2.1666123417787557,NA,NA,NA,NA,NA,NA,NA
dog_behavior_disobedient,-0.9095394684417762,-0.33094381626464886,-1.1473412488845423,-0.18895876482390414,0.565194165260439,-0.8921344936736051,NA,NA,NA,NA,NA,NA,NA
dog_behavior_disobedient,NA,-0.33094381626464886,-0.04589364995538153,0.718043306330835,1.695582495781317,0.6372389240525752,NA,NA,NA,NA,NA,NA,NA
dog_behavior_disobedient,0.39792351744327714,1.6547190813232433,1.055553948973779,-0.18895876482390414,-0.565194165260439,-0.8921344936736051,NA,NA,NA,NA,NA,NA,NA
dog_behavior_disobedient,-0.9095394684417762,-1.323775265058595,-0.04589364995538153,-1.0959608359786432,1.695582495781317,-0.8921344936736051,NA,NA,NA,NA,NA,NA,NA
dog_behavior_disobedient,-0.9095394684417762,-0.33094381626464886,-0.04589364995538153,-0.18895876482390414,0.565194165260439,-0.8921344936736051,NA,NA,NA,NA,NA,NA,NA
dog_behavior_disobedient,-0.9095394684417762,0.6618876325292973,-1.1473412488845423,-1.0959608359786432,-0.565194165260439,0.6372389240525752,NA,NA,NA,NA,NA,NA,NA
dog_behavior_disobedient,1.7053865033283304,1.6547190813232433,-2.248788847813703,2.5320474486403133,1.695582495781317,-0.8921344936736051,NA,NA,NA,NA,NA,NA,NA
dog_behavior_disobedient,1.7053865033283304,1.6547190813232433,1.055553948973779,0.718043306330835,1.695582495781317,-0.8921344936736051,NA,NA,NA,NA,NA,NA,NA
dog_behavior_disobedient,0.39792351744327714,0.6618876325292973,-0.04589364995538153,-0.18895876482390414,0.565194165260439,0.6372389240525752,NA,NA,NA,NA,NA,NA,NA
dog_behavior_disobedient,-2.6141652977046457,-2.0689364824706846,-2.477574960837806,-1.5898433287449272,-1.7329376596565185,-0.7509555527933877,NA,NA,NA,NA,NA,NA,NA
dog_behavior_disobedient,0.571848658872891,1.8353468796110908,-0.0819033044905057,1.3627228532099376,2.823325400563991,0.5224038628127916,NA,NA,NA,NA,NA,NA,NA
dog_behavior_disobedient,2.6958579632579154,-0.7675086951100928,-0.0819033044905057,0.3785341258916493,2.0639482238605726,3.0691226940251504,NA,NA,NA,NA,NA,NA,NA
dog_behavior_disobedient,-1.5521606455121333,-1.4182225887903885,-0.8804605232729391,-0.605654601426639,-0.9735604829531003,-0.7509555527933877,NA,NA,NA,NA,NA,NA,NA
dog_behavior_disobedient,0.571848658872891,-0.11679480142979685,-0.0819033044905057,2.346911580528226,0.5451938704537362,-0.7509555527933877,NA,NA,NA,NA,NA,NA,NA
dog_behavior_disobedient,-1.5521606455121333,-1.4182225887903885,-1.6790177420553727,-0.605654601426639,-0.214183306249682,-0.7509555527933877,NA,NA,NA,NA,NA,NA,NA
dog_behavior_disobedient,0.571848658872891,1.184632985930795,1.5152111330743612,0.3785341258916493,-0.214183306249682,0.5224038628127916,NA,NA,NA,NA,NA,NA,NA
dog_behavior_disobedient,0.571848658872891,0.533919092250499,-0.0819033044905057,2.346911580528226,-0.9735604829531003,-0.7509555527933877,NA,NA,NA,NA,NA,NA,NA
dog_behavior_disobedient,0.571848658872891,1.8353468796110908,1.5152111330743612,-0.605654601426639,-0.9735604829531003,-0.7509555527933877,NA,NA,NA,NA,NA,NA,NA
dog_behavior_disobedient,-0.4901559933196212,0.533919092250499,0.7166539142919277,-0.605654601426639,-0.9735604829531003,0.5224038628127916,NA,NA,NA,NA,NA,NA,NA
dog_behavior_disobedient,0.571848658872891,1.8353468796110908,-0.8804605232729391,-0.605654601426639,-1.7329376596565185,-0.7509555527933877,NA,NA,NA,NA,NA,NA,NA
dog_behavior_disobedient,-0.4901559933196212,-1.4182225887903885,-0.8804605232729391,-1.5898433287449272,-0.214183306249682,-0.7509555527933877,NA,NA,NA,NA,NA,NA,NA
dog_behavior_disobedient,-0.4901559933196212,-0.11679480142979685,-0.8804605232729391,-0.605654601426639,1.3045710471571546,-0.7509555527933877,NA,NA,NA,NA,NA,NA,NA
dog_behavior_disobedient,0.571848658872891,-0.7675086951100928,-0.0819033044905057,-0.605654601426639,0.5451938704537362,-0.7509555527933877,NA,NA,NA,NA,NA,NA,NA
dog_behavior_disobedient,-0.4901559933196212,-0.7675086951100928,-0.0819033044905057,-0.605654601426639,-0.214183306249682,3.0691226940251504,NA,NA,NA,NA,NA,NA,NA
dog_behavior_disobedient,-0.4901559933196212,-0.11679480142979685,-0.8804605232729391,-0.605654601426639,0.5451938704537362,0.5224038628127916,NA,NA,NA,NA,NA,NA,NA
dog_behavior_disobedient,-1.5521606455121333,-0.11679480142979685,0.7166539142919277,-0.605654601426639,-0.214183306249682,-0.7509555527933877,NA,NA,NA,NA,NA,NA,NA
dog_behavior_disobedient,0.571848658872891,1.184632985930795,1.5152111330743612,0.3785341258916493,-0.9735604829531003,0.5224038628127916,NA,NA,NA,NA,NA,NA,NA
dog_behavior_disobedient,-0.4901559933196212,-0.7675086951100928,-1.6790177420553727,1.3627228532099376,-0.214183306249682,1.7957632784189708,NA,NA,NA,NA,NA,NA,NA
dog_behavior_disobedient,-0.4901559933196212,-0.7675086951100928,-0.8804605232729391,0.3785341258916493,-0.9735604829531003,0.5224038628127916,NA,NA,NA,NA,NA,NA,NA
dog_behavior_disobedient,1.6338533110654032,1.184632985930795,0.7166539142919277,0.3785341258916493,-0.9735604829531003,-0.7509555527933877,NA,NA,NA,NA,NA,NA,NA
dog_behavior_disobedient,0.571848658872891,1.8353468796110908,-0.8804605232729391,0.3785341258916493,-0.214183306249682,-0.7509555527933877,NA,NA,NA,NA,NA,NA,NA
dog_behavior_disobedient,-0.4901559933196212,-0.11679480142979685,-0.0819033044905057,-0.605654601426639,-0.214183306249682,0.5224038628127916,NA,NA,NA,NA,NA,NA,NA
dog_behavior_disobedient,0.571848658872891,1.184632985930795,0.7166539142919277,-0.605654601426639,-0.9735604829531003,0.5224038628127916,NA,NA,NA,NA,NA,NA,NA
dog_behavior_disobedient,1.6338533110654032,-0.7675086951100928,-0.0819033044905057,0.3785341258916493,0.5451938704537362,-0.7509555527933877,NA,NA,NA,NA,NA,NA,NA
dog_behavior_disobedient,0.571848658872891,0.533919092250499,0.7166539142919277,0.3785341258916493,1.3045710471571546,-0.7509555527933877,NA,NA,NA,NA,NA,NA,NA
dog_behavior_disobedient,0.571848658872891,-0.11679480142979685,-0.0819033044905057,-0.605654601426639,-0.9735604829531003,0.5224038628127916,NA,NA,NA,NA,NA,NA,NA
dog_behavior_disobedient,0.571848658872891,1.184632985930795,0.7166539142919277,0.3785341258916493,0.5451938704537362,-0.7509555527933877,NA,NA,NA,NA,NA,NA,NA
dog_behavior_disobedient,0.571848658872891,-0.11679480142979685,-0.0819033044905057,1.3627228532099376,1.3045710471571546,0.5224038628127916,NA,NA,NA,NA,NA,NA,NA
dog_behavior_disobedient,-0.4901559933196212,-0.11679480142979685,-0.0819033044905057,-0.605654601426639,-0.214183306249682,-0.7509555527933877,NA,NA,NA,NA,NA,NA,NA
dog_behavior_disobedient,0.571848658872891,-0.11679480142979685,-0.0819033044905057,0.3785341258916493,0.5451938704537362,0.5224038628127916,NA,NA,NA,NA,NA,NA,NA
dog_behavior_disobedient,-0.4901559933196212,-0.7675086951100928,0.7166539142919277,-1.5898433287449272,-0.214183306249682,-0.7509555527933877,NA,NA,NA,NA,NA,NA,NA
dog_behavior_disobedient,-0.4901559933196212,0.533919092250499,2.313768351856795,0.3785341258916493,-0.214183306249682,-0.7509555527933877,NA,NA,NA,NA,NA,NA,NA
dog_behavior_disobedient,-0.4901559933196212,-0.11679480142979685,0.7166539142919277,-0.605654601426639,0.5451938704537362,0.5224038628127916,NA,NA,NA,NA,NA,NA,NA
dog_behavior_disobedient,-0.4901559933196212,-0.11679480142979685,0.7166539142919277,2.346911580528226,1.3045710471571546,-0.7509555527933877,NA,NA,NA,NA,NA,NA,NA
dog_behavior_disobedient,0.571848658872891,-0.7675086951100928,0.7166539142919277,-0.605654601426639,1.3045710471571546,0.5224038628127916,NA,NA,NA,NA,NA,NA,NA
dog_behavior_disobedient,0.571848658872891,-0.11679480142979685,-0.0819033044905057,-0.605654601426639,-0.214183306249682,-0.7509555527933877,NA,NA,NA,NA,NA,NA,NA
dog_behavior_disobedient,-0.4901559933196212,-0.7675086951100928,0.7166539142919277,0.3785341258916493,-0.214183306249682,0.5224038628127916,NA,NA,NA,NA,NA,NA,NA
dog_behavior_disobedient,-1.5521606455121333,-0.7675086951100928,-1.6790177420553727,-0.605654601426639,-0.214183306249682,0.5224038628127916,NA,NA,NA,NA,NA,NA,NA
dog_behavior_excitable,-0.6115420998078531,1.0764857074676595,-0.5021881942620118,NA,NA,NA,NA,NA,NA,NA,NA,NA,NA
dog_behavior_excitable,-0.6115420998078531,-0.44325882072197764,1.9083151381956458,NA,NA,NA,NA,NA,NA,NA,NA,NA,NA
dog_behavior_excitable,-0.6115420998078531,0.316613443372841,1.9083151381956458,NA,NA,NA,NA,NA,NA,NA,NA,NA,NA
dog_behavior_excitable,-0.6115420998078531,-0.44325882072197764,1.9083151381956458,NA,NA,NA,NA,NA,NA,NA,NA,NA,NA
dog_behavior_excitable,1.2230841996157067,0.316613443372841,-0.5021881942620118,NA,NA,NA,NA,NA,NA,NA,NA,NA,NA
dog_behavior_excitable,1.2230841996157067,1.0764857074676595,-0.5021881942620118,NA,NA,NA,NA,NA,NA,NA,NA,NA,NA
dog_behavior_excitable,-1.528855249519633,-1.2031310848167962,1.9083151381956458,NA,NA,NA,NA,NA,NA,NA,NA,NA,NA
dog_behavior_excitable,0.3057710499039268,1.0764857074676595,-0.5021881942620118,NA,NA,NA,NA,NA,NA,NA,NA,NA,NA
dog_behavior_excitable,0.3057710499039268,-1.9630033489116148,-0.5021881942620118,NA,NA,NA,NA,NA,NA,NA,NA,NA,NA
dog_behavior_excitable,-0.6115420998078531,-0.44325882072197764,-0.5021881942620118,NA,NA,NA,NA,NA,NA,NA,NA,NA,NA
dog_behavior_excitable,-1.528855249519633,-0.44325882072197764,-0.5021881942620118,NA,NA,NA,NA,NA,NA,NA,NA,NA,NA
dog_behavior_excitable,-0.6115420998078531,0.316613443372841,-0.5021881942620118,NA,NA,NA,NA,NA,NA,NA,NA,NA,NA
dog_behavior_excitable,-1.528855249519633,-1.2031310848167962,-0.5021881942620118,NA,NA,NA,NA,NA,NA,NA,NA,NA,NA
dog_behavior_excitable,-0.6115420998078531,1.0764857074676595,-0.5021881942620118,NA,NA,NA,NA,NA,NA,NA,NA,NA,NA
dog_behavior_excitable,1.2230841996157067,1.0764857074676595,-0.5021881942620118,NA,NA,NA,NA,NA,NA,NA,NA,NA,NA
dog_behavior_excitable,0.3057710499039268,-1.2031310848167962,1.9083151381956458,NA,NA,NA,NA,NA,NA,NA,NA,NA,NA
dog_behavior_excitable,1.2230841996157067,1.0764857074676595,-0.5021881942620118,NA,NA,NA,NA,NA,NA,NA,NA,NA,NA
dog_behavior_excitable,1.2230841996157067,0.316613443372841,-0.5021881942620118,NA,NA,NA,NA,NA,NA,NA,NA,NA,NA
dog_behavior_excitable,0.3057710499039268,-0.44325882072197764,-0.5021881942620118,NA,NA,NA,NA,NA,NA,NA,NA,NA,NA
dog_behavior_excitable,0.3057710499039268,0.316613443372841,-0.5021881942620118,NA,NA,NA,NA,NA,NA,NA,NA,NA,NA
dog_behavior_excitable,1.2230841996157067,-0.44325882072197764,-0.5021881942620118,NA,NA,NA,NA,NA,NA,NA,NA,NA,NA
dog_behavior_excitable,-1.528855249519633,-1.9630033489116148,-0.5021881942620118,NA,NA,NA,NA,NA,NA,NA,NA,NA,NA
dog_behavior_excitable,1.2230841996157067,1.0764857074676595,-0.5021881942620118,NA,NA,NA,NA,NA,NA,NA,NA,NA,NA
dog_behavior_excitable,0.3057710499039268,1.0764857074676595,-0.5021881942620118,NA,NA,NA,NA,NA,NA,NA,NA,NA,NA
dog_behavior_excitable,-1.1550523988677726,-0.1543678445730428,-0.5896163991384017,NA,NA,NA,NA,NA,NA,NA,NA,NA,NA
dog_behavior_excitable,0.7219077492923581,0.5145594819101426,-0.5896163991384017,NA,NA,NA,NA,NA,NA,NA,NA,NA,NA
dog_behavior_excitable,1.3475611320124017,1.1834868083933279,-0.5896163991384017,NA,NA,NA,NA,NA,NA,NA,NA,NA,NA
dog_behavior_excitable,0.0962543665723146,0.5145594819101426,-0.5896163991384017,NA,NA,NA,NA,NA,NA,NA,NA,NA,NA
dog_behavior_excitable,-1.780705781587816,1.1834868083933279,-0.5896163991384017,NA,NA,NA,NA,NA,NA,NA,NA,NA,NA
dog_behavior_excitable,-1.780705781587816,-2.8300771505057845,-0.5896163991384017,NA,NA,NA,NA,NA,NA,NA,NA,NA,NA
dog_behavior_excitable,1.3475611320124017,1.1834868083933279,-0.5896163991384017,NA,NA,NA,NA,NA,NA,NA,NA,NA,NA
dog_behavior_excitable,-1.1550523988677726,-0.8232951710562282,0.5053854849757727,NA,NA,NA,NA,NA,NA,NA,NA,NA,NA
dog_behavior_excitable,0.7219077492923581,1.1834868083933279,-0.5896163991384017,NA,NA,NA,NA,NA,NA,NA,NA,NA,NA
dog_behavior_excitable,0.0962543665723146,1.1834868083933279,2.6953892532041217,NA,NA,NA,NA,NA,NA,NA,NA,NA,NA
dog_behavior_excitable,0.7219077492923581,-0.1543678445730428,-0.5896163991384017,NA,NA,NA,NA,NA,NA,NA,NA,NA,NA
dog_behavior_excitable,-1.780705781587816,-0.1543678445730428,-0.5896163991384017,NA,NA,NA,NA,NA,NA,NA,NA,NA,NA
dog_behavior_excitable,-0.529399016147729,-1.4922224975394136,-0.5896163991384017,NA,NA,NA,NA,NA,NA,NA,NA,NA,NA
dog_behavior_excitable,0.0962543665723146,0.5145594819101426,2.6953892532041217,NA,NA,NA,NA,NA,NA,NA,NA,NA,NA
dog_behavior_excitable,-0.529399016147729,-0.8232951710562282,0.5053854849757727,NA,NA,NA,NA,NA,NA,NA,NA,NA,NA
dog_behavior_excitable,0.0962543665723146,0.5145594819101426,-0.5896163991384017,NA,NA,NA,NA,NA,NA,NA,NA,NA,NA
dog_behavior_excitable,-1.1550523988677726,0.5145594819101426,1.6003873690899473,NA,NA,NA,NA,NA,NA,NA,NA,NA,NA
dog_behavior_excitable,0.7219077492923581,0.5145594819101426,-0.5896163991384017,NA,NA,NA,NA,NA,NA,NA,NA,NA,NA
dog_behavior_excitable,-1.1550523988677726,-2.161149824022599,0.5053854849757727,NA,NA,NA,NA,NA,NA,NA,NA,NA,NA
dog_behavior_excitable,0.0962543665723146,-0.8232951710562282,-0.5896163991384017,NA,NA,NA,NA,NA,NA,NA,NA,NA,NA
dog_behavior_excitable,1.3475611320124017,1.1834868083933279,-0.5896163991384017,NA,NA,NA,NA,NA,NA,NA,NA,NA,NA
dog_behavior_excitable,0.7219077492923581,-0.1543678445730428,-0.5896163991384017,NA,NA,NA,NA,NA,NA,NA,NA,NA,NA
dog_behavior_excitable,0.7219077492923581,0.5145594819101426,2.6953892532041217,NA,NA,NA,NA,NA,NA,NA,NA,NA,NA
dog_behavior_excitable,0.7219077492923581,-0.1543678445730428,-0.5896163991384017,NA,NA,NA,NA,NA,NA,NA,NA,NA,NA
dog_behavior_excitable,-1.1550523988677726,-0.1543678445730428,-0.5896163991384017,NA,NA,NA,NA,NA,NA,NA,NA,NA,NA
dog_behavior_excitable,0.7219077492923581,0.5145594819101426,1.6003873690899473,NA,NA,NA,NA,NA,NA,NA,NA,NA,NA
dog_behavior_excitable,1.3475611320124017,-0.1543678445730428,0.5053854849757727,NA,NA,NA,NA,NA,NA,NA,NA,NA,NA
dog_behavior_excitable,0.0962543665723146,-0.8232951710562282,-0.5896163991384017,NA,NA,NA,NA,NA,NA,NA,NA,NA,NA
dog_behavior_excitable,0.0962543665723146,-2.161149824022599,0.5053854849757727,NA,NA,NA,NA,NA,NA,NA,NA,NA,NA
dog_behavior_excitable,-0.529399016147729,0.5145594819101426,-0.5896163991384017,NA,NA,NA,NA,NA,NA,NA,NA,NA,NA
dog_behavior_excitable,1.3475611320124017,-0.1543678445730428,-0.5896163991384017,NA,NA,NA,NA,NA,NA,NA,NA,NA,NA
dog_behavior_excitable,0.7219077492923581,0.5145594819101426,-0.5896163991384017,NA,NA,NA,NA,NA,NA,NA,NA,NA,NA
dog_behavior_excitable,0.0962543665723146,0.5145594819101426,-0.5896163991384017,NA,NA,NA,NA,NA,NA,NA,NA,NA,NA
dog_behavior_excitable,-0.529399016147729,0.5145594819101426,0.5053854849757727,NA,NA,NA,NA,NA,NA,NA,NA,NA,NA
dog_behavior_excitable,-1.1550523988677726,-0.1543678445730428,-0.5896163991384017,NA,NA,NA,NA,NA,NA,NA,NA,NA,NA
dog_behavior_excitable,1.3475611320124017,-1.4922224975394136,-0.5896163991384017,NA,NA,NA,NA,NA,NA,NA,NA,NA,NA
dog_behavior_excitable,0.7219077492923581,1.1834868083933279,0.5053854849757727,NA,NA,NA,NA,NA,NA,NA,NA,NA,NA
dog_behavior_excitable,0.0962543665723146,0.5145594819101426,-0.5896163991384017,NA,NA,NA,NA,NA,NA,NA,NA,NA,NA
dog_behavior_excitable,-1.780705781587816,-0.1543678445730428,0.5053854849757727,NA,NA,NA,NA,NA,NA,NA,NA,NA,NA
dog_obedience,4,4,4,4,4,4,3,NA,NA,NA,NA,NA,NA
dog_obedience,5,4,4,5,5,5,2,NA,NA,NA,NA,NA,NA
dog_obedience,5,2,3,3,5,4,3,NA,NA,NA,NA,NA,NA
dog_obedience,5,3,5,2,3,4,3,NA,NA,NA,NA,NA,NA
dog_obedience,5,3,5,5,5,4,2,NA,NA,NA,NA,NA,NA
dog_obedience,3,1,1,4,3,3,1,NA,NA,NA,NA,NA,NA
dog_obedience,5,5,4,4,4,3,3,NA,NA,NA,NA,NA,NA
dog_obedience,NA,NA,NA,NA,NA,NA,NA,NA,NA,NA,NA,NA,NA
dog_obedience,5,5,5,4,4,5,4,NA,NA,NA,NA,NA,NA
dog_obedience,4,3,3,4,4,4,1,NA,NA,NA,NA,NA,NA
dog_obedience,5,1,1,4,4,2,4,NA,NA,NA,NA,NA,NA
dog_obedience,4,5,4,3,3,4,4,NA,NA,NA,NA,NA,NA
dog_obedience,5,3,4,4,5,2,4,NA,NA,NA,NA,NA,NA
dog_obedience,4,4,3,3,4,3,1,NA,NA,NA,NA,NA,NA
dog_obedience,4,3,NA,3,1,2,1,NA,NA,NA,NA,NA,NA
dog_obedience,5,4,3,4,5,5,4,NA,NA,NA,NA,NA,NA
dog_obedience,4,2,2,2,3,2,1,NA,NA,NA,NA,NA,NA
dog_obedience,5,3,1,3,4,2,2,NA,NA,NA,NA,NA,NA
dog_obedience,5,4,4,2,5,3,2,NA,NA,NA,NA,NA,NA
dog_obedience,5,1,4,3,4,1,1,NA,NA,NA,NA,NA,NA
dog_obedience,5,5,5,4,4,2,2,NA,NA,NA,NA,NA,NA
dog_obedience,5,5,5,2,1,1,1,NA,NA,NA,NA,NA,NA
dog_obedience,5,4,2,1,3,3,1,NA,NA,NA,NA,NA,NA
dog_obedience,4,3,5,2,4,3,1,NA,NA,NA,NA,NA,NA
dog_obedience,5,5,5,5,5,5,5,5,NA,NA,NA,NA,NA
dog_obedience,4,4,5,1,2,3,3,3,NA,NA,NA,NA,NA
dog_obedience,4,1,1,4,4,2,1,3,NA,NA,NA,NA,NA
dog_obedience,4,4,4,4,4,3,1,4,NA,NA,NA,NA,NA
dog_obedience,5,1,2,2,4,3,4,3,NA,NA,NA,NA,NA
dog_obedience,5,4,5,4,4,2,5,4,NA,NA,NA,NA,NA
dog_obedience,4,3,2,3,4,2,1,2,NA,NA,NA,NA,NA
dog_obedience,5,4,4,5,3,4,3,3,NA,NA,NA,NA,NA
dog_obedience,5,5,3,4,4,3,2,3,NA,NA,NA,NA,NA
dog_obedience,5,4,NA,4,4,4,2,3,NA,NA,NA,NA,NA
dog_obedience,5,4,3,5,4,4,3,4,NA,NA,NA,NA,NA
dog_obedience,5,4,4,3,5,3,4,4,NA,NA,NA,NA,NA
dog_obedience,5,4,5,2,4,3,3,3,NA,NA,NA,NA,NA
dog_obedience,5,3,2,3,4,2,2,3,NA,NA,NA,NA,NA
dog_obedience,3,3,4,3,4,2,2,3,NA,NA,NA,NA,NA
dog_obedience,5,4,2,4,4,4,1,4,NA,NA,NA,NA,NA
dog_obedience,5,4,4,4,4,2,4,4,NA,NA,NA,NA,NA
dog_obedience,5,3,5,5,4,5,1,2,NA,NA,NA,NA,NA
dog_obedience,3,5,5,4,4,3,2,4,NA,NA,NA,NA,NA
dog_obedience,5,3,2,4,4,3,3,3,NA,NA,NA,NA,NA
dog_obedience,5,4,2,4,4,3,1,2,NA,NA,NA,NA,NA
dog_obedience,5,5,1,3,4,3,1,3,NA,NA,NA,NA,NA
dog_obedience,5,2,3,3,4,3,2,3,NA,NA,NA,NA,NA
dog_obedience,5,3,4,5,5,2,1,3,NA,NA,NA,NA,NA
dog_obedience,4,2,4,2,4,2,4,3,NA,NA,NA,NA,NA
dog_obedience,5,2,3,3,4,2,1,3,NA,NA,NA,NA,NA
dog_obedience,5,5,5,4,4,4,2,4,NA,NA,NA,NA,NA
dog_obedience,5,5,5,3,4,5,4,3,NA,NA,NA,NA,NA
dog_obedience,4,4,4,3,3,1,3,3,NA,NA,NA,NA,NA
dog_obedience,5,4,5,3,4,3,3,3,NA,NA,NA,NA,NA
dog_obedience,4,3,2,3,4,4,1,3,NA,NA,NA,NA,NA
dog_obedience,5,3,3,2,4,3,2,3,NA,NA,NA,NA,NA
dog_obedience,5,3,3,3,4,3,3,3,NA,NA,NA,NA,NA
dog_obedience,4,3,4,4,4,4,3,4,NA,NA,NA,NA,NA
dog_obedience,5,3,1,3,3,2,4,3,NA,NA,NA,NA,NA
dog_obedience,3,5,4,3,5,4,2,3,NA,NA,NA,NA,NA
dog_obedience,5,4,5,3,5,3,3,4,NA,NA,NA,NA,NA
dog_obedience,5,4,3,3,4,4,2,3,NA,NA,NA,NA,NA
dog_obedience,5,5,5,4,4,4,4,4,NA,NA,NA,NA,NA
dog_problem_behaviors,1,1,1,1,1,3,1,3,3,1,1,3,3
dog_problem_behaviors,1,1,1,1,1,1,1,3,3,1,1,3,1
dog_problem_behaviors,3,1,3,1,3,3,1,3,3,2,1,3,3
dog_problem_behaviors,3,2,3,1,2,3,2,2,2,1,1,1,2
dog_problem_behaviors,3,3,3,1,1,3,1,3,2,3,1,2,2
dog_problem_behaviors,2,1,2,1,1,2,2,3,3,3,1,3,3
dog_problem_behaviors,3,1,3,1,2,2,1,2,1,2,1,1,1
dog_problem_behaviors,3,3,3,3,3,1,3,1,3,3,1,1,3
dog_problem_behaviors,2,1,3,1,1,2,1,3,3,1,1,1,1
dog_problem_behaviors,1,1,1,1,1,1,1,2,1,1,1,1,1
dog_problem_behaviors,3,1,3,3,3,3,3,1,3,1,1,1,3
dog_problem_behaviors,3,3,3,3,3,1,1,3,3,3,1,1,1
dog_problem_behaviors,3,3,2,1,1,3,2,3,2,1,1,1,2
dog_problem_behaviors,3,1,3,1,1,1,1,3,3,3,1,3,2
dog_problem_behaviors,3,NA,3,NA,NA,NA,NA,3,3,3,NA,3,3
dog_problem_behaviors,3,1,3,1,1,1,1,3,2,2,2,1,1
dog_problem_behaviors,3,1,2,1,1,1,1,1,1,1,2,3,3
dog_problem_behaviors,3,3,3,1,1,1,1,3,3,2,1,2,3
dog_problem_behaviors,3,1,2,1,1,1,1,3,3,2,1,1,3
dog_problem_behaviors,3,3,3,1,1,1,1,3,3,1,1,3,1
dog_problem_behaviors,1,1,3,1,2,1,1,3,1,1,1,2,1
dog_problem_behaviors,1,1,2,1,1,3,3,3,1,1,1,3,1
dog_problem_behaviors,3,1,3,2,3,3,2,2,3,3,1,2,3
dog_problem_behaviors,3,1,3,1,1,1,1,3,3,2,2,NA,1
dog_problem_behaviors,1,1,1,1,1,1,1,3,2,1,1,1,1
dog_problem_behaviors,1,1,3,1,1,1,1,3,1,2,1,1,1
dog_problem_behaviors,3,3,3,1,3,3,3,3,3,3,1,2,1
dog_problem_behaviors,1,1,1,1,1,3,1,3,1,1,1,1,3
dog_problem_behaviors,3,1,3,1,1,1,1,3,3,1,1,1,3
dog_problem_behaviors,1,1,3,1,1,3,2,3,1,3,1,3,1
dog_problem_behaviors,3,1,3,1,1,1,1,3,3,2,3,1,2
dog_problem_behaviors,3,1,3,1,1,1,1,3,3,1,1,2,2
dog_problem_behaviors,1,1,1,1,1,1,1,3,3,3,1,1,1
dog_problem_behaviors,1,1,1,3,1,3,1,3,3,1,3,1,1
dog_problem_behaviors,1,1,1,1,1,1,1,3,2,1,1,2,1
dog_problem_behaviors,3,1,3,3,3,3,1,1,1,1,1,1,1
dog_problem_behaviors,3,2,3,1,3,3,1,3,1,3,1,1,3
dog_problem_behaviors,1,1,3,1,1,2,1,3,3,1,2,2,3
dog_problem_behaviors,3,1,3,1,1,1,1,2,3,1,1,1,3
dog_problem_behaviors,1,1,1,1,1,2,1,3,3,2,2,3,3
dog_problem_behaviors,2,1,2,1,1,3,1,3,3,1,2,1,1
dog_problem_behaviors,3,2,3,1,2,2,1,2,3,1,1,3,3
dog_problem_behaviors,3,1,3,1,3,3,3,2,2,3,2,1,1
dog_problem_behaviors,1,1,1,1,1,1,1,3,3,1,1,1,1
dog_problem_behaviors,3,1,3,1,1,3,2,3,3,1,1,3,3
dog_problem_behaviors,1,1,3,1,1,1,1,3,3,3,1,3,1
dog_problem_behaviors,1,1,1,1,1,1,1,3,1,1,3,NA,3
dog_problem_behaviors,3,NA,3,3,3,3,3,3,3,3,1,3,3
dog_problem_behaviors,3,1,3,2,2,3,3,1,3,2,2,2,2
dog_problem_behaviors,3,1,3,1,1,1,1,3,3,1,1,1,3
dog_problem_behaviors,3,1,1,1,1,3,1,3,1,3,2,1,1
dog_problem_behaviors,1,1,1,1,NA,3,1,3,1,2,1,2,2
dog_problem_behaviors,3,1,3,1,1,1,1,3,3,3,1,1,3
dog_problem_behaviors,1,1,1,1,1,3,1,3,3,1,1,1,1
dog_problem_behaviors,3,3,3,2,2,3,2,3,3,3,1,3,3
dog_problem_behaviors,3,3,3,1,1,3,2,3,3,3,1,1,3
dog_problem_behaviors,1,1,1,1,1,1,NA,3,3,2,1,3,2
dog_problem_behaviors,2,1,2,1,1,2,1,3,2,1,1,1,2
dog_problem_behaviors,3,1,3,1,2,2,1,3,3,1,1,3,2
dog_problem_behaviors,2,1,1,1,1,2,1,3,3,3,1,3,3
dog_problem_behaviors,1,1,3,1,1,3,1,3,3,1,2,1,3
dog_problem_behaviors,1,1,1,1,1,3,1,3,3,1,1,1,1
dog_problem_behaviors,2,2,3,2,2,2,1,2,1,2,1,2,1
dias_behavioral_regulation,NA,NA,NA,NA,NA,NA,NA,NA,NA,NA,NA,NA,NA
dias_behavioral_regulation,NA,NA,NA,NA,NA,NA,NA,NA,NA,NA,NA,NA,NA
dias_behavioral_regulation,NA,NA,NA,NA,NA,NA,NA,NA,NA,NA,NA,NA,NA
dias_behavioral_regulation,NA,NA,NA,NA,NA,NA,NA,NA,NA,NA,NA,NA,NA
dias_behavioral_regulation,NA,NA,NA,NA,NA,NA,NA,NA,NA,NA,NA,NA,NA
dias_behavioral_regulation,NA,NA,NA,NA,NA,NA,NA,NA,NA,NA,NA,NA,NA
dias_behavioral_regulation,NA,NA,NA,NA,NA,NA,NA,NA,NA,NA,NA,NA,NA
dias_behavioral_regulation,NA,NA,NA,NA,NA,NA,NA,NA,NA,NA,NA,NA,NA
dias_behavioral_regulation,NA,NA,NA,NA,NA,NA,NA,NA,NA,NA,NA,NA,NA
dias_behavioral_regulation,NA,NA,NA,NA,NA,NA,NA,NA,NA,NA,NA,NA,NA
dias_behavioral_regulation,NA,NA,NA,NA,NA,NA,NA,NA,NA,NA,NA,NA,NA
dias_behavioral_regulation,NA,NA,NA,NA,NA,NA,NA,NA,NA,NA,NA,NA,NA
dias_behavioral_regulation,NA,NA,NA,NA,NA,NA,NA,NA,NA,NA,NA,NA,NA
dias_behavioral_regulation,NA,NA,NA,NA,NA,NA,NA,NA,NA,NA,NA,NA,NA
dias_behavioral_regulation,NA,NA,NA,NA,NA,NA,NA,NA,NA,NA,NA,NA,NA
dias_behavioral_regulation,NA,NA,NA,NA,NA,NA,NA,NA,NA,NA,NA,NA,NA
dias_behavioral_regulation,NA,NA,NA,NA,NA,NA,NA,NA,NA,NA,NA,NA,NA
dias_behavioral_regulation,NA,NA,NA,NA,NA,NA,NA,NA,NA,NA,NA,NA,NA
dias_behavioral_regulation,NA,NA,NA,NA,NA,NA,NA,NA,NA,NA,NA,NA,NA
dias_behavioral_regulation,NA,NA,NA,NA,NA,NA,NA,NA,NA,NA,NA,NA,NA
dias_behavioral_regulation,NA,NA,NA,NA,NA,NA,NA,NA,NA,NA,NA,NA,NA
dias_behavioral_regulation,NA,NA,NA,NA,NA,NA,NA,NA,NA,NA,NA,NA,NA
dias_behavioral_regulation,NA,NA,NA,NA,NA,NA,NA,NA,NA,NA,NA,NA,NA
dias_behavioral_regulation,NA,NA,NA,NA,NA,NA,NA,NA,NA,NA,NA,NA,NA
dias_behavioral_regulation,1,1,1,1,1,1,1,1,1,1,NA,NA,NA
dias_behavioral_regulation,1,2,4,4,1,3,3,4,1,1,NA,NA,NA
dias_behavioral_regulation,3,NA,NA,NA,3,NA,2,NA,NA,NA,NA,NA,NA
dias_behavioral_regulation,2,1,1,2,3,2,4,3,1,1,NA,NA,NA
dias_behavioral_regulation,3,2,4,3,4,3,2,5,3,2,NA,NA,NA
dias_behavioral_regulation,4,1,1,1,4,2,2,2,1,1,NA,NA,NA
dias_behavioral_regulation,3,1,5,3,4,2,4,4,2,4,NA,NA,NA
dias_behavioral_regulation,4,4,3,2,3,3,3,2,3,4,NA,NA,NA
dias_behavioral_regulation,1,1,4,3,NA,NA,2,5,1,1,NA,NA,NA
dias_behavioral_regulation,3,3,3,4,4,5,3,5,2,NA,NA,NA,NA
dias_behavioral_regulation,1,2,4,4,5,3,2,3,4,2,NA,NA,NA
dias_behavioral_regulation,1,1,1,1,1,2,4,3,1,1,NA,NA,NA
dias_behavioral_regulation,4,3,4,3,4,4,3,3,3,4,NA,NA,NA
dias_behavioral_regulation,3,2,4,4,4,1,2,3,2,3,NA,NA,NA
dias_behavioral_regulation,3,1,3,2,3,2,2,2,1,4,NA,NA,NA
dias_behavioral_regulation,4,3,4,NA,2,1,4,2,3,1,NA,NA,NA
dias_behavioral_regulation,4,1,3,3,4,3,3,3,2,1,NA,NA,NA
dias_behavioral_regulation,3,1,4,2,3,3,3,3,1,1,NA,NA,NA
dias_behavioral_regulation,1,1,1,1,5,2,2,1,1,2,NA,NA,NA
dias_behavioral_regulation,1,1,2,3,3,2,2,2,1,1,NA,NA,NA
dias_behavioral_regulation,5,NA,3,5,5,5,2,3,1,3,NA,NA,NA
dias_behavioral_regulation,1,1,2,1,4,2,2,5,1,2,NA,NA,NA
dias_behavioral_regulation,1,1,2,2,3,2,2,2,1,2,NA,NA,NA
dias_behavioral_regulation,3,2,2,4,2,3,3,4,1,2,NA,NA,NA
dias_behavioral_regulation,3,1,2,2,3,3,3,4,2,2,NA,NA,NA
dias_behavioral_regulation,4,4,4,1,5,3,5,3,2,4,NA,NA,NA
dias_behavioral_regulation,5,4,2,1,2,2,3,3,2,2,NA,NA,NA
dias_behavioral_regulation,2,1,4,2,3,2,2,2,3,2,NA,NA,NA
dias_behavioral_regulation,1,1,3,3,5,2,3,3,3,2,NA,NA,NA
dias_behavioral_regulation,1,2,NA,NA,2,3,2,2,1,1,NA,NA,NA
dias_behavioral_regulation,2,4,3,2,3,3,3,3,3,4,NA,NA,NA
dias_behavioral_regulation,2,2,4,1,4,3,3,3,1,1,NA,NA,NA
dias_behavioral_regulation,3,5,5,5,4,1,4,5,3,1,NA,NA,NA
dias_behavioral_regulation,3,1,2,2,2,3,4,3,3,1,NA,NA,NA
dias_behavioral_regulation,2,2,4,3,NA,2,4,3,4,2,NA,NA,NA
dias_behavioral_regulation,2,4,5,2,5,1,4,4,2,4,NA,NA,NA
dias_behavioral_regulation,4,2,2,4,4,2,4,4,2,2,NA,NA,NA
dias_behavioral_regulation,4,1,2,2,4,2,3,4,4,4,NA,NA,NA
dias_behavioral_regulation,2,1,1,NA,NA,1,3,3,1,1,NA,NA,NA
dias_aggression,NA,NA,NA,NA,NA,NA,NA,NA,NA,NA,NA,NA,NA
dias_aggression,NA,NA,NA,NA,NA,NA,NA,NA,NA,NA,NA,NA,NA
dias_aggression,NA,NA,NA,NA,NA,NA,NA,NA,NA,NA,NA,NA,NA
dias_aggression,NA,NA,NA,NA,NA,NA,NA,NA,NA,NA,NA,NA,NA
dias_aggression,NA,NA,NA,NA,NA,NA,NA,NA,NA,NA,NA,NA,NA
dias_aggression,NA,NA,NA,NA,NA,NA,NA,NA,NA,NA,NA,NA,NA
dias_aggression,NA,NA,NA,NA,NA,NA,NA,NA,NA,NA,NA,NA,NA
dias_aggression,NA,NA,NA,NA,NA,NA,NA,NA,NA,NA,NA,NA,NA
dias_aggression,NA,NA,NA,NA,NA,NA,NA,NA,NA,NA,NA,NA,NA
dias_aggression,NA,NA,NA,NA,NA,NA,NA,NA,NA,NA,NA,NA,NA
dias_aggression,NA,NA,NA,NA,NA,NA,NA,NA,NA,NA,NA,NA,NA
dias_aggression,NA,NA,NA,NA,NA,NA,NA,NA,NA,NA,NA,NA,NA
dias_aggression,NA,NA,NA,NA,NA,NA,NA,NA,NA,NA,NA,NA,NA
dias_aggression,NA,NA,NA,NA,NA,NA,NA,NA,NA,NA,NA,NA,NA
dias_aggression,NA,NA,NA,NA,NA,NA,NA,NA,NA,NA,NA,NA,NA
dias_aggression,NA,NA,NA,NA,NA,NA,NA,NA,NA,NA,NA,NA,NA
dias_aggression,NA,NA,NA,NA,NA,NA,NA,NA,NA,NA,NA,NA,NA
dias_aggression,NA,NA,NA,NA,NA,NA,NA,NA,NA,NA,NA,NA,NA
dias_aggression,NA,NA,NA,NA,NA,NA,NA,NA,NA,NA,NA,NA,NA
dias_aggression,NA,NA,NA,NA,NA,NA,NA,NA,NA,NA,NA,NA,NA
dias_aggression,NA,NA,NA,NA,NA,NA,NA,NA,NA,NA,NA,NA,NA
dias_aggression,NA,NA,NA,NA,NA,NA,NA,NA,NA,NA,NA,NA,NA
dias_aggression,NA,NA,NA,NA,NA,NA,NA,NA,NA,NA,NA,NA,NA
dias_aggression,NA,NA,NA,NA,NA,NA,NA,NA,NA,NA,NA,NA,NA
dias_aggression,1,1,1,1,1,NA,NA,NA,NA,NA,NA,NA,NA
dias_aggression,1,1,1,1,2,NA,NA,NA,NA,NA,NA,NA,NA
dias_aggression,NA,2,NA,NA,NA,NA,NA,NA,NA,NA,NA,NA,NA
dias_aggression,2,1,1,3,2,NA,NA,NA,NA,NA,NA,NA,NA
dias_aggression,1,3,3,2,2,NA,NA,NA,NA,NA,NA,NA,NA
dias_aggression,2,2,NA,2,3,NA,NA,NA,NA,NA,NA,NA,NA
dias_aggression,1,1,1,2,1,NA,NA,NA,NA,NA,NA,NA,NA
dias_aggression,1,1,1,1,2,NA,NA,NA,NA,NA,NA,NA,NA
dias_aggression,1,1,1,3,1,NA,NA,NA,NA,NA,NA,NA,NA
dias_aggression,1,1,1,1,1,NA,NA,NA,NA,NA,NA,NA,NA
dias_aggression,1,NA,3,1,2,NA,NA,NA,NA,NA,NA,NA,NA
dias_aggression,1,2,2,3,3,NA,NA,NA,NA,NA,NA,NA,NA
dias_aggression,1,3,5,2,2,NA,NA,NA,NA,NA,NA,NA,NA
dias_aggression,1,2,1,2,1,NA,NA,NA,NA,NA,NA,NA,NA
dias_aggression,NA,NA,NA,1,1,NA,NA,NA,NA,NA,NA,NA,NA
dias_aggression,1,1,1,2,1,NA,NA,NA,NA,NA,NA,NA,NA
dias_aggression,1,1,3,2,2,NA,NA,NA,NA,NA,NA,NA,NA
dias_aggression,1,2,4,3,3,NA,NA,NA,NA,NA,NA,NA,NA
dias_aggression,2,1,1,3,2,NA,NA,NA,NA,NA,NA,NA,NA
dias_aggression,1,1,1,1,2,NA,NA,NA,NA,NA,NA,NA,NA
dias_aggression,1,1,1,3,1,NA,NA,NA,NA,NA,NA,NA,NA
dias_aggression,1,1,1,1,2,NA,NA,NA,NA,NA,NA,NA,NA
dias_aggression,1,1,1,1,1,NA,NA,NA,NA,NA,NA,NA,NA
dias_aggression,1,1,2,2,2,NA,NA,NA,NA,NA,NA,NA,NA
dias_aggression,2,2,2,3,4,NA,NA,NA,NA,NA,NA,NA,NA
dias_aggression,1,1,1,2,2,NA,NA,NA,NA,NA,NA,NA,NA
dias_aggression,4,1,3,4,2,NA,NA,NA,NA,NA,NA,NA,NA
dias_aggression,1,1,1,2,3,NA,NA,NA,NA,NA,NA,NA,NA
dias_aggression,5,5,1,2,1,NA,NA,NA,NA,NA,NA,NA,NA
dias_aggression,2,2,1,2,3,NA,NA,NA,NA,NA,NA,NA,NA
dias_aggression,3,2,3,3,3,NA,NA,NA,NA,NA,NA,NA,NA
dias_aggression,1,NA,4,3,3,NA,NA,NA,NA,NA,NA,NA,NA
dias_aggression,1,1,1,1,1,NA,NA,NA,NA,NA,NA,NA,NA
dias_aggression,1,1,1,3,2,NA,NA,NA,NA,NA,NA,NA,NA
dias_aggression,1,3,1,2,2,NA,NA,NA,NA,NA,NA,NA,NA
dias_aggression,1,1,1,1,1,NA,NA,NA,NA,NA,NA,NA,NA
dias_aggression,1,1,1,3,2,NA,NA,NA,NA,NA,NA,NA,NA
dias_aggression,1,1,1,3,2,NA,NA,NA,NA,NA,NA,NA,NA
dias_aggression,3,1,1,3,2,NA,NA,NA,NA,NA,NA,NA,NA
dias_responsiveness,NA,NA,NA,NA,NA,NA,NA,NA,NA,NA,NA,NA,NA
dias_responsiveness,NA,NA,NA,NA,NA,NA,NA,NA,NA,NA,NA,NA,NA
dias_responsiveness,NA,NA,NA,NA,NA,NA,NA,NA,NA,NA,NA,NA,NA
dias_responsiveness,NA,NA,NA,NA,NA,NA,NA,NA,NA,NA,NA,NA,NA
dias_responsiveness,NA,NA,NA,NA,NA,NA,NA,NA,NA,NA,NA,NA,NA
dias_responsiveness,NA,NA,NA,NA,NA,NA,NA,NA,NA,NA,NA,NA,NA
dias_responsiveness,NA,NA,NA,NA,NA,NA,NA,NA,NA,NA,NA,NA,NA
dias_responsiveness,NA,NA,NA,NA,NA,NA,NA,NA,NA,NA,NA,NA,NA
dias_responsiveness,NA,NA,NA,NA,NA,NA,NA,NA,NA,NA,NA,NA,NA
dias_responsiveness,NA,NA,NA,NA,NA,NA,NA,NA,NA,NA,NA,NA,NA
dias_responsiveness,NA,NA,NA,NA,NA,NA,NA,NA,NA,NA,NA,NA,NA
dias_responsiveness,NA,NA,NA,NA,NA,NA,NA,NA,NA,NA,NA,NA,NA
dias_responsiveness,NA,NA,NA,NA,NA,NA,NA,NA,NA,NA,NA,NA,NA
dias_responsiveness,NA,NA,NA,NA,NA,NA,NA,NA,NA,NA,NA,NA,NA
dias_responsiveness,NA,NA,NA,NA,NA,NA,NA,NA,NA,NA,NA,NA,NA
dias_responsiveness,NA,NA,NA,NA,NA,NA,NA,NA,NA,NA,NA,NA,NA
dias_responsiveness,NA,NA,NA,NA,NA,NA,NA,NA,NA,NA,NA,NA,NA
dias_responsiveness,NA,NA,NA,NA,NA,NA,NA,NA,NA,NA,NA,NA,NA
dias_responsiveness,NA,NA,NA,NA,NA,NA,NA,NA,NA,NA,NA,NA,NA
dias_responsiveness,NA,NA,NA,NA,NA,NA,NA,NA,NA,NA,NA,NA,NA
dias_responsiveness,NA,NA,NA,NA,NA,NA,NA,NA,NA,NA,NA,NA,NA
dias_responsiveness,NA,NA,NA,NA,NA,NA,NA,NA,NA,NA,NA,NA,NA
dias_responsiveness,NA,NA,NA,NA,NA,NA,NA,NA,NA,NA,NA,NA,NA
dias_responsiveness,NA,NA,NA,NA,NA,NA,NA,NA,NA,NA,NA,NA,NA
dias_responsiveness,5,5,5,5,1,NA,NA,NA,NA,NA,NA,NA,NA
dias_responsiveness,NA,3,1,4,3,NA,NA,NA,NA,NA,NA,NA,NA
dias_responsiveness,4,NA,NA,NA,4,NA,NA,NA,NA,NA,NA,NA,NA
dias_responsiveness,4,4,4,4,4,NA,NA,NA,NA,NA,NA,NA,NA
dias_responsiveness,1,3,2,4,5,NA,NA,NA,NA,NA,NA,NA,NA
dias_responsiveness,5,4,2,3,2,NA,NA,NA,NA,NA,NA,NA,NA
dias_responsiveness,4,4,2,5,5,NA,NA,NA,NA,NA,NA,NA,NA
dias_responsiveness,4,3,3,4,3,NA,NA,NA,NA,NA,NA,NA,NA
dias_responsiveness,5,NA,3,5,5,NA,NA,NA,NA,NA,NA,NA,NA
dias_responsiveness,1,1,1,5,5,NA,NA,NA,NA,NA,NA,NA,NA
dias_responsiveness,2,3,3,4,4,NA,NA,NA,NA,NA,NA,NA,NA
dias_responsiveness,2,4,2,3,3,NA,NA,NA,NA,NA,NA,NA,NA
dias_responsiveness,3,2,2,4,4,NA,NA,NA,NA,NA,NA,NA,NA
dias_responsiveness,3,5,4,5,4,NA,NA,NA,NA,NA,NA,NA,NA
dias_responsiveness,1,4,3,5,5,NA,NA,NA,NA,NA,NA,NA,NA
dias_responsiveness,5,5,3,5,2,NA,NA,NA,NA,NA,NA,NA,NA
dias_responsiveness,3,3,3,4,4,NA,NA,NA,NA,NA,NA,NA,NA
dias_responsiveness,5,3,4,3,4,NA,NA,NA,NA,NA,NA,NA,NA
dias_responsiveness,4,4,4,4,5,NA,NA,NA,NA,NA,NA,NA,NA
dias_responsiveness,4,4,3,4,3,NA,NA,NA,NA,NA,NA,NA,NA
dias_responsiveness,5,1,5,5,4,NA,NA,NA,NA,NA,NA,NA,NA
dias_responsiveness,1,4,4,4,3,NA,NA,NA,NA,NA,NA,NA,NA
dias_responsiveness,3,4,2,5,4,NA,NA,NA,NA,NA,NA,NA,NA
dias_responsiveness,2,3,2,4,3,NA,NA,NA,NA,NA,NA,NA,NA
dias_responsiveness,2,3,1,2,3,NA,NA,NA,NA,NA,NA,NA,NA
dias_responsiveness,4,3,3,4,3,NA,NA,NA,NA,NA,NA,NA,NA
dias_responsiveness,5,4,NA,4,2,NA,NA,NA,NA,NA,NA,NA,NA
dias_responsiveness,3,4,3,3,2,NA,NA,NA,NA,NA,NA,NA,NA
dias_responsiveness,5,4,4,5,4,NA,NA,NA,NA,NA,NA,NA,NA
dias_responsiveness,2,3,4,3,3,NA,NA,NA,NA,NA,NA,NA,NA
dias_responsiveness,4,3,2,3,4,NA,NA,NA,NA,NA,NA,NA,NA
dias_responsiveness,4,3,1,3,1,NA,NA,NA,NA,NA,NA,NA,NA
dias_responsiveness,1,5,5,5,4,NA,NA,NA,NA,NA,NA,NA,NA
dias_responsiveness,3,3,3,4,4,NA,NA,NA,NA,NA,NA,NA,NA
dias_responsiveness,4,4,2,4,3,NA,NA,NA,NA,NA,NA,NA,NA
dias_responsiveness,4,5,5,5,5,NA,NA,NA,NA,NA,NA,NA,NA
dias_responsiveness,4,4,3,4,4,NA,NA,NA,NA,NA,NA,NA,NA
dias_responsiveness,1,4,2,4,3,NA,NA,NA,NA,NA,NA,NA,NA
dias_responsiveness,5,5,3,4,4,NA,NA,NA,NA,NA,NA,NA,NA
mdors,7,2,7,7,3,7,3,7,4,NA,NA,NA,NA
mdors,7,4,7,7,4,7,3,7,6,NA,NA,NA,NA
mdors,5,3,7,7,4,7,3,6,3,NA,NA,NA,NA
mdors,7,1,3,2,5,7,1,7,3,NA,NA,NA,NA
mdors,7,5,7,7,5,7,3,7,3,NA,NA,NA,NA
mdors,7,4,5,6,5,7,3,7,3,NA,NA,NA,NA
mdors,5,4,4,6,5,1,2,7,3,NA,NA,NA,NA
mdors,1,3,4,1,4,6,4,7,4,NA,NA,NA,NA
mdors,5,3,5,5,4,7,2,6,3,NA,NA,NA,NA
mdors,6,3,7,7,3,7,3,6,3,NA,NA,NA,NA
mdors,5,3,NA,6,3,7,3,4,4,NA,NA,NA,NA
mdors,7,4,6,7,5,7,3,7,4,NA,NA,NA,NA
mdors,7,3,6,7,3,7,3,7,3,NA,NA,NA,NA
mdors,7,5,7,7,5,7,3,7,3,NA,NA,NA,NA
mdors,7,1,1,7,5,7,4,7,5,NA,NA,NA,NA
mdors,5,6,5,7,6,7,4,7,3,NA,NA,NA,NA
mdors,7,2,7,1,3,7,3,7,3,NA,NA,NA,NA
mdors,7,3,5,7,4,7,3,7,4,NA,NA,NA,NA
mdors,6,4,6,7,5,7,3,7,5,NA,NA,NA,NA
mdors,7,3,7,7,5,7,3,7,5,NA,NA,NA,NA
mdors,5,4,4,3,3,6,2,6,3,NA,NA,NA,NA
mdors,7,5,4,7,3,7,1,4,3,NA,NA,NA,NA
mdors,7,4,4,5,3,7,2,6,3,NA,NA,NA,NA
mdors,5,5,6,7,5,7,3,7,4,NA,NA,NA,NA
mdors,7,3,7,7,7,7,5,7,6,NA,NA,NA,NA
mdors,6,4,7,7,5,7,3,7,6,NA,NA,NA,NA
mdors,6,4,7,7,3,7,3,6,3,NA,NA,NA,NA
mdors,5,5,6,7,5,7,3,6,3,NA,NA,NA,NA
mdors,6,5,7,7,5,7,3,5,3,NA,NA,NA,NA
mdors,6,5,7,1,4,6,3,7,4,NA,NA,NA,NA
mdors,6,4,7,7,5,7,3,7,4,NA,NA,NA,NA
mdors,7,5,5,7,5,7,3,6,5,NA,NA,NA,NA
mdors,6,3,7,1,4,7,4,7,7,NA,NA,NA,NA
mdors,7,5,7,7,5,7,4,7,6,NA,NA,NA,NA
mdors,7,5,7,7,5,7,3,6,5,NA,NA,NA,NA
mdors,7,4,7,1,5,6,3,7,5,NA,NA,NA,NA
mdors,6,4,7,6,4,7,3,7,5,NA,NA,NA,NA
mdors,7,5,7,7,5,7,4,7,4,NA,NA,NA,NA
mdors,7,6,7,7,6,5,4,6,6,NA,NA,NA,NA
mdors,7,5,7,7,4,7,3,7,3,NA,NA,NA,NA
mdors,6,4,6,5,4,6,3,5,5,NA,NA,NA,NA
mdors,1,1,7,7,3,7,2,4,3,NA,NA,NA,NA
mdors,7,6,7,7,6,7,4,7,5,NA,NA,NA,NA
mdors,7,4,1,4,3,6,3,7,6,NA,NA,NA,NA
mdors,5,1,7,7,4,7,3,6,5,NA,NA,NA,NA
mdors,7,6,1,7,4,7,5,6,1,NA,NA,NA,NA
mdors,6,5,7,6,5,7,4,7,5,NA,NA,NA,NA
mdors,7,3,7,1,5,7,3,7,5,NA,NA,NA,NA
mdors,7,5,7,1,4,4,3,6,6,NA,NA,NA,NA
mdors,7,5,7,7,5,7,3,7,4,NA,NA,NA,NA
mdors,6,5,5,7,5,7,3,7,4,NA,NA,NA,NA
mdors,6,4,7,1,6,6,1,7,7,NA,NA,NA,NA
mdors,6,6,7,6,7,7,3,7,4,NA,NA,NA,NA
mdors,7,5,7,1,5,3,3,6,5,NA,NA,NA,NA
mdors,7,5,7,7,5,7,4,7,5,NA,NA,NA,NA
mdors,6,1,6,1,5,4,3,6,5,NA,NA,NA,NA
mdors,7,1,1,7,4,7,3,7,4,NA,NA,NA,NA
mdors,7,5,6,7,5,7,3,7,4,NA,NA,NA,NA
mdors,7,4,1,7,5,7,3,7,3,NA,NA,NA,NA
mdors,5,5,5,7,5,3,3,6,3,NA,NA,NA,NA
mdors,6,4,5,3,5,7,3,7,4,NA,NA,NA,NA
mdors,7,5,7,7,5,7,3,7,3,NA,NA,NA,NA
mdors,7,3,7,7,3,7,3,7,3,NA,NA,NA,NA
owner_personality_extraversion,2,3,NA,NA,NA,NA,NA,NA,NA,NA,NA,NA,NA
owner_personality_extraversion,5,7,NA,NA,NA,NA,NA,NA,NA,NA,NA,NA,NA
owner_personality_extraversion,2,5,NA,NA,NA,NA,NA,NA,NA,NA,NA,NA,NA
owner_personality_extraversion,1,5,NA,NA,NA,NA,NA,NA,NA,NA,NA,NA,NA
owner_personality_extraversion,3,7,NA,NA,NA,NA,NA,NA,NA,NA,NA,NA,NA
owner_personality_extraversion,3,5,NA,NA,NA,NA,NA,NA,NA,NA,NA,NA,NA
owner_personality_extraversion,3,4,NA,NA,NA,NA,NA,NA,NA,NA,NA,NA,NA
owner_personality_extraversion,4,6,NA,NA,NA,NA,NA,NA,NA,NA,NA,NA,NA
owner_personality_extraversion,4,6,NA,NA,NA,NA,NA,NA,NA,NA,NA,NA,NA
owner_personality_extraversion,3,5,NA,NA,NA,NA,NA,NA,NA,NA,NA,NA,NA
owner_personality_extraversion,2,4,NA,NA,NA,NA,NA,NA,NA,NA,NA,NA,NA
owner_personality_extraversion,1,3,NA,NA,NA,NA,NA,NA,NA,NA,NA,NA,NA
owner_personality_extraversion,4,5,NA,NA,NA,NA,NA,NA,NA,NA,NA,NA,NA
owner_personality_extraversion,4,6,NA,NA,NA,NA,NA,NA,NA,NA,NA,NA,NA
owner_personality_extraversion,1,3,NA,NA,NA,NA,NA,NA,NA,NA,NA,NA,NA
owner_personality_extraversion,4,5,NA,NA,NA,NA,NA,NA,NA,NA,NA,NA,NA
owner_personality_extraversion,3,6,NA,NA,NA,NA,NA,NA,NA,NA,NA,NA,NA
owner_personality_extraversion,5,7,NA,NA,NA,NA,NA,NA,NA,NA,NA,NA,NA
owner_personality_extraversion,3,5,NA,NA,NA,NA,NA,NA,NA,NA,NA,NA,NA
owner_personality_extraversion,4,6,NA,NA,NA,NA,NA,NA,NA,NA,NA,NA,NA
owner_personality_extraversion,5,7,NA,NA,NA,NA,NA,NA,NA,NA,NA,NA,NA
owner_personality_extraversion,5,7,NA,NA,NA,NA,NA,NA,NA,NA,NA,NA,NA
owner_personality_extraversion,3,5,NA,NA,NA,NA,NA,NA,NA,NA,NA,NA,NA
owner_personality_extraversion,4,6,NA,NA,NA,NA,NA,NA,NA,NA,NA,NA,NA
owner_personality_extraversion,2,4,NA,NA,NA,NA,NA,NA,NA,NA,NA,NA,NA
owner_personality_extraversion,3,6,NA,NA,NA,NA,NA,NA,NA,NA,NA,NA,NA
owner_personality_extraversion,2,3,NA,NA,NA,NA,NA,NA,NA,NA,NA,NA,NA
owner_personality_extraversion,1,6,NA,NA,NA,NA,NA,NA,NA,NA,NA,NA,NA
owner_personality_extraversion,4,6,NA,NA,NA,NA,NA,NA,NA,NA,NA,NA,NA
owner_personality_extraversion,2,3,NA,NA,NA,NA,NA,NA,NA,NA,NA,NA,NA
owner_personality_extraversion,4,7,NA,NA,NA,NA,NA,NA,NA,NA,NA,NA,NA
owner_personality_extraversion,4,6,NA,NA,NA,NA,NA,NA,NA,NA,NA,NA,NA
owner_personality_extraversion,2,4,NA,NA,NA,NA,NA,NA,NA,NA,NA,NA,NA
owner_personality_extraversion,1,3,NA,NA,NA,NA,NA,NA,NA,NA,NA,NA,NA
owner_personality_extraversion,4,5,NA,NA,NA,NA,NA,NA,NA,NA,NA,NA,NA
owner_personality_extraversion,2,5,NA,NA,NA,NA,NA,NA,NA,NA,NA,NA,NA
owner_personality_extraversion,4,5,NA,NA,NA,NA,NA,NA,NA,NA,NA,NA,NA
owner_personality_extraversion,3,4,NA,NA,NA,NA,NA,NA,NA,NA,NA,NA,NA
owner_personality_extraversion,2,4,NA,NA,NA,NA,NA,NA,NA,NA,NA,NA,NA
owner_personality_extraversion,3,5,NA,NA,NA,NA,NA,NA,NA,NA,NA,NA,NA
owner_personality_extraversion,2,3,NA,NA,NA,NA,NA,NA,NA,NA,NA,NA,NA
owner_personality_extraversion,3,6,NA,NA,NA,NA,NA,NA,NA,NA,NA,NA,NA
owner_personality_extraversion,3,6,NA,NA,NA,NA,NA,NA,NA,NA,NA,NA,NA
owner_personality_extraversion,3,4,NA,NA,NA,NA,NA,NA,NA,NA,NA,NA,NA
owner_personality_extraversion,3,6,NA,NA,NA,NA,NA,NA,NA,NA,NA,NA,NA
owner_personality_extraversion,5,5,NA,NA,NA,NA,NA,NA,NA,NA,NA,NA,NA
owner_personality_extraversion,3,4,NA,NA,NA,NA,NA,NA,NA,NA,NA,NA,NA
owner_personality_extraversion,2,4,NA,NA,NA,NA,NA,NA,NA,NA,NA,NA,NA
owner_personality_extraversion,2,5,NA,NA,NA,NA,NA,NA,NA,NA,NA,NA,NA
owner_personality_extraversion,5,7,NA,NA,NA,NA,NA,NA,NA,NA,NA,NA,NA
owner_personality_extraversion,4,6,NA,NA,NA,NA,NA,NA,NA,NA,NA,NA,NA
owner_personality_extraversion,2,4,NA,NA,NA,NA,NA,NA,NA,NA,NA,NA,NA
owner_personality_extraversion,2,5,NA,NA,NA,NA,NA,NA,NA,NA,NA,NA,NA
owner_personality_extraversion,2,5,NA,NA,NA,NA,NA,NA,NA,NA,NA,NA,NA
owner_personality_extraversion,1,3,NA,NA,NA,NA,NA,NA,NA,NA,NA,NA,NA
owner_personality_extraversion,3,3,NA,NA,NA,NA,NA,NA,NA,NA,NA,NA,NA
owner_personality_extraversion,1,5,NA,NA,NA,NA,NA,NA,NA,NA,NA,NA,NA
owner_personality_extraversion,4,4,NA,NA,NA,NA,NA,NA,NA,NA,NA,NA,NA
owner_personality_extraversion,3,4,NA,NA,NA,NA,NA,NA,NA,NA,NA,NA,NA
owner_personality_extraversion,5,6,NA,NA,NA,NA,NA,NA,NA,NA,NA,NA,NA
owner_personality_extraversion,2,4,NA,NA,NA,NA,NA,NA,NA,NA,NA,NA,NA
owner_personality_extraversion,2,6,NA,NA,NA,NA,NA,NA,NA,NA,NA,NA,NA
owner_personality_extraversion,4,5,NA,NA,NA,NA,NA,NA,NA,NA,NA,NA,NA
owner_personality_agreeableness,5,5,NA,NA,NA,NA,NA,NA,NA,NA,NA,NA,NA
owner_personality_agreeableness,5,4,NA,NA,NA,NA,NA,NA,NA,NA,NA,NA,NA
owner_personality_agreeableness,4,5,NA,NA,NA,NA,NA,NA,NA,NA,NA,NA,NA
owner_personality_agreeableness,4,2,NA,NA,NA,NA,NA,NA,NA,NA,NA,NA,NA
owner_personality_agreeableness,7,5,NA,NA,NA,NA,NA,NA,NA,NA,NA,NA,NA
owner_personality_agreeableness,6,4,NA,NA,NA,NA,NA,NA,NA,NA,NA,NA,NA
owner_personality_agreeableness,6,2,NA,NA,NA,NA,NA,NA,NA,NA,NA,NA,NA
owner_personality_agreeableness,7,4,NA,NA,NA,NA,NA,NA,NA,NA,NA,NA,NA
owner_personality_agreeableness,6,5,NA,NA,NA,NA,NA,NA,NA,NA,NA,NA,NA
owner_personality_agreeableness,6,4,NA,NA,NA,NA,NA,NA,NA,NA,NA,NA,NA
owner_personality_agreeableness,6,4,NA,NA,NA,NA,NA,NA,NA,NA,NA,NA,NA
owner_personality_agreeableness,7,4,NA,NA,NA,NA,NA,NA,NA,NA,NA,NA,NA
owner_personality_agreeableness,6,4,NA,NA,NA,NA,NA,NA,NA,NA,NA,NA,NA
owner_personality_agreeableness,4,4,NA,NA,NA,NA,NA,NA,NA,NA,NA,NA,NA
owner_personality_agreeableness,NA,3,NA,NA,NA,NA,NA,NA,NA,NA,NA,NA,NA
owner_personality_agreeableness,7,5,NA,NA,NA,NA,NA,NA,NA,NA,NA,NA,NA
owner_personality_agreeableness,5,5,NA,NA,NA,NA,NA,NA,NA,NA,NA,NA,NA
owner_personality_agreeableness,7,5,NA,NA,NA,NA,NA,NA,NA,NA,NA,NA,NA
owner_personality_agreeableness,6,5,NA,NA,NA,NA,NA,NA,NA,NA,NA,NA,NA
owner_personality_agreeableness,6,5,NA,NA,NA,NA,NA,NA,NA,NA,NA,NA,NA
owner_personality_agreeableness,6,5,NA,NA,NA,NA,NA,NA,NA,NA,NA,NA,NA
owner_personality_agreeableness,3,5,NA,NA,NA,NA,NA,NA,NA,NA,NA,NA,NA
owner_personality_agreeableness,5,4,NA,NA,NA,NA,NA,NA,NA,NA,NA,NA,NA
owner_personality_agreeableness,6,4,NA,NA,NA,NA,NA,NA,NA,NA,NA,NA,NA
owner_personality_agreeableness,5,2,NA,NA,NA,NA,NA,NA,NA,NA,NA,NA,NA
owner_personality_agreeableness,7,3,NA,NA,NA,NA,NA,NA,NA,NA,NA,NA,NA
owner_personality_agreeableness,7,5,NA,NA,NA,NA,NA,NA,NA,NA,NA,NA,NA
owner_personality_agreeableness,6,4,NA,NA,NA,NA,NA,NA,NA,NA,NA,NA,NA
owner_personality_agreeableness,6,4,NA,NA,NA,NA,NA,NA,NA,NA,NA,NA,NA
owner_personality_agreeableness,7,5,NA,NA,NA,NA,NA,NA,NA,NA,NA,NA,NA
owner_personality_agreeableness,5,4,NA,NA,NA,NA,NA,NA,NA,NA,NA,NA,NA
owner_personality_agreeableness,7,5,NA,NA,NA,NA,NA,NA,NA,NA,NA,NA,NA
owner_personality_agreeableness,7,4,NA,NA,NA,NA,NA,NA,NA,NA,NA,NA,NA
owner_personality_agreeableness,7,4,NA,NA,NA,NA,NA,NA,NA,NA,NA,NA,NA
owner_personality_agreeableness,6,4,NA,NA,NA,NA,NA,NA,NA,NA,NA,NA,NA
owner_personality_agreeableness,6,2,NA,NA,NA,NA,NA,NA,NA,NA,NA,NA,NA
owner_personality_agreeableness,6,5,NA,NA,NA,NA,NA,NA,NA,NA,NA,NA,NA
owner_personality_agreeableness,NA,4,NA,NA,NA,NA,NA,NA,NA,NA,NA,NA,NA
owner_personality_agreeableness,5,4,NA,NA,NA,NA,NA,NA,NA,NA,NA,NA,NA
owner_personality_agreeableness,7,5,NA,NA,NA,NA,NA,NA,NA,NA,NA,NA,NA
owner_personality_agreeableness,5,3,NA,NA,NA,NA,NA,NA,NA,NA,NA,NA,NA
owner_personality_agreeableness,4,1,NA,NA,NA,NA,NA,NA,NA,NA,NA,NA,NA
owner_personality_agreeableness,4,5,NA,NA,NA,NA,NA,NA,NA,NA,NA,NA,NA
owner_personality_agreeableness,7,4,NA,NA,NA,NA,NA,NA,NA,NA,NA,NA,NA
owner_personality_agreeableness,7,4,NA,NA,NA,NA,NA,NA,NA,NA,NA,NA,NA
owner_personality_agreeableness,7,5,NA,NA,NA,NA,NA,NA,NA,NA,NA,NA,NA
owner_personality_agreeableness,6,4,NA,NA,NA,NA,NA,NA,NA,NA,NA,NA,NA
owner_personality_agreeableness,6,5,NA,NA,NA,NA,NA,NA,NA,NA,NA,NA,NA
owner_personality_agreeableness,5,3,NA,NA,NA,NA,NA,NA,NA,NA,NA,NA,NA
owner_personality_agreeableness,7,5,NA,NA,NA,NA,NA,NA,NA,NA,NA,NA,NA
owner_personality_agreeableness,7,5,NA,NA,NA,NA,NA,NA,NA,NA,NA,NA,NA
owner_personality_agreeableness,5,4,NA,NA,NA,NA,NA,NA,NA,NA,NA,NA,NA
owner_personality_agreeableness,6,4,NA,NA,NA,NA,NA,NA,NA,NA,NA,NA,NA
owner_personality_agreeableness,7,3,NA,NA,NA,NA,NA,NA,NA,NA,NA,NA,NA
owner_personality_agreeableness,4,4,NA,NA,NA,NA,NA,NA,NA,NA,NA,NA,NA
owner_personality_agreeableness,7,5,NA,NA,NA,NA,NA,NA,NA,NA,NA,NA,NA
owner_personality_agreeableness,6,3,NA,NA,NA,NA,NA,NA,NA,NA,NA,NA,NA
owner_personality_agreeableness,5,4,NA,NA,NA,NA,NA,NA,NA,NA,NA,NA,NA
owner_personality_agreeableness,6,4,NA,NA,NA,NA,NA,NA,NA,NA,NA,NA,NA
owner_personality_agreeableness,6,4,NA,NA,NA,NA,NA,NA,NA,NA,NA,NA,NA
owner_personality_agreeableness,7,5,NA,NA,NA,NA,NA,NA,NA,NA,NA,NA,NA
owner_personality_agreeableness,7,4,NA,NA,NA,NA,NA,NA,NA,NA,NA,NA,NA
owner_personality_agreeableness,6,5,NA,NA,NA,NA,NA,NA,NA,NA,NA,NA,NA
owner_personality_conscientiousness,5,7,NA,NA,NA,NA,NA,NA,NA,NA,NA,NA,NA
owner_personality_conscientiousness,5,7,NA,NA,NA,NA,NA,NA,NA,NA,NA,NA,NA
owner_personality_conscientiousness,5,7,NA,NA,NA,NA,NA,NA,NA,NA,NA,NA,NA
owner_personality_conscientiousness,1,3,NA,NA,NA,NA,NA,NA,NA,NA,NA,NA,NA
owner_personality_conscientiousness,5,7,NA,NA,NA,NA,NA,NA,NA,NA,NA,NA,NA
owner_personality_conscientiousness,3,6,NA,NA,NA,NA,NA,NA,NA,NA,NA,NA,NA
owner_personality_conscientiousness,3,5,NA,NA,NA,NA,NA,NA,NA,NA,NA,NA,NA
owner_personality_conscientiousness,4,6,NA,NA,NA,NA,NA,NA,NA,NA,NA,NA,NA
owner_personality_conscientiousness,5,7,NA,NA,NA,NA,NA,NA,NA,NA,NA,NA,NA
owner_personality_conscientiousness,3,4,NA,NA,NA,NA,NA,NA,NA,NA,NA,NA,NA
owner_personality_conscientiousness,3,6,NA,NA,NA,NA,NA,NA,NA,NA,NA,NA,NA
owner_personality_conscientiousness,4,7,NA,NA,NA,NA,NA,NA,NA,NA,NA,NA,NA
owner_personality_conscientiousness,4,7,NA,NA,NA,NA,NA,NA,NA,NA,NA,NA,NA
owner_personality_conscientiousness,4,6,NA,NA,NA,NA,NA,NA,NA,NA,NA,NA,NA
owner_personality_conscientiousness,4,7,NA,NA,NA,NA,NA,NA,NA,NA,NA,NA,NA
owner_personality_conscientiousness,5,7,NA,NA,NA,NA,NA,NA,NA,NA,NA,NA,NA
owner_personality_conscientiousness,3,7,NA,NA,NA,NA,NA,NA,NA,NA,NA,NA,NA
owner_personality_conscientiousness,5,7,NA,NA,NA,NA,NA,NA,NA,NA,NA,NA,NA
owner_personality_conscientiousness,5,7,NA,NA,NA,NA,NA,NA,NA,NA,NA,NA,NA
owner_personality_conscientiousness,4,6,NA,NA,NA,NA,NA,NA,NA,NA,NA,NA,NA
owner_personality_conscientiousness,5,7,NA,NA,NA,NA,NA,NA,NA,NA,NA,NA,NA
owner_personality_conscientiousness,5,7,NA,NA,NA,NA,NA,NA,NA,NA,NA,NA,NA
owner_personality_conscientiousness,4,7,NA,NA,NA,NA,NA,NA,NA,NA,NA,NA,NA
owner_personality_conscientiousness,2,7,NA,NA,NA,NA,NA,NA,NA,NA,NA,NA,NA
owner_personality_conscientiousness,2,6,NA,NA,NA,NA,NA,NA,NA,NA,NA,NA,NA
owner_personality_conscientiousness,NA,7,NA,NA,NA,NA,NA,NA,NA,NA,NA,NA,NA
owner_personality_conscientiousness,5,7,NA,NA,NA,NA,NA,NA,NA,NA,NA,NA,NA
owner_personality_conscientiousness,4,7,NA,NA,NA,NA,NA,NA,NA,NA,NA,NA,NA
owner_personality_conscientiousness,4,6,NA,NA,NA,NA,NA,NA,NA,NA,NA,NA,NA
owner_personality_conscientiousness,5,7,NA,NA,NA,NA,NA,NA,NA,NA,NA,NA,NA
owner_personality_conscientiousness,5,7,NA,NA,NA,NA,NA,NA,NA,NA,NA,NA,NA
owner_personality_conscientiousness,5,7,NA,NA,NA,NA,NA,NA,NA,NA,NA,NA,NA
owner_personality_conscientiousness,4,5,NA,NA,NA,NA,NA,NA,NA,NA,NA,NA,NA
owner_personality_conscientiousness,4,7,NA,NA,NA,NA,NA,NA,NA,NA,NA,NA,NA
owner_personality_conscientiousness,4,6,NA,NA,NA,NA,NA,NA,NA,NA,NA,NA,NA
owner_personality_conscientiousness,4,7,NA,NA,NA,NA,NA,NA,NA,NA,NA,NA,NA
owner_personality_conscientiousness,5,7,NA,NA,NA,NA,NA,NA,NA,NA,NA,NA,NA
owner_personality_conscientiousness,4,6,NA,NA,NA,NA,NA,NA,NA,NA,NA,NA,NA
owner_personality_conscientiousness,4,5,NA,NA,NA,NA,NA,NA,NA,NA,NA,NA,NA
owner_personality_conscientiousness,4,4,NA,NA,NA,NA,NA,NA,NA,NA,NA,NA,NA
owner_personality_conscientiousness,5,6,NA,NA,NA,NA,NA,NA,NA,NA,NA,NA,NA
owner_personality_conscientiousness,4,3,NA,NA,NA,NA,NA,NA,NA,NA,NA,NA,NA
owner_personality_conscientiousness,5,7,NA,NA,NA,NA,NA,NA,NA,NA,NA,NA,NA
owner_personality_conscientiousness,5,6,NA,NA,NA,NA,NA,NA,NA,NA,NA,NA,NA
owner_personality_conscientiousness,4,6,NA,NA,NA,NA,NA,NA,NA,NA,NA,NA,NA
owner_personality_conscientiousness,4,4,NA,NA,NA,NA,NA,NA,NA,NA,NA,NA,NA
owner_personality_conscientiousness,4,6,NA,NA,NA,NA,NA,NA,NA,NA,NA,NA,NA
owner_personality_conscientiousness,4,5,NA,NA,NA,NA,NA,NA,NA,NA,NA,NA,NA
owner_personality_conscientiousness,4,6,NA,NA,NA,NA,NA,NA,NA,NA,NA,NA,NA
owner_personality_conscientiousness,5,7,NA,NA,NA,NA,NA,NA,NA,NA,NA,NA,NA
owner_personality_conscientiousness,5,7,NA,NA,NA,NA,NA,NA,NA,NA,NA,NA,NA
owner_personality_conscientiousness,5,7,NA,NA,NA,NA,NA,NA,NA,NA,NA,NA,NA
owner_personality_conscientiousness,4,6,NA,NA,NA,NA,NA,NA,NA,NA,NA,NA,NA
owner_personality_conscientiousness,5,7,NA,NA,NA,NA,NA,NA,NA,NA,NA,NA,NA
owner_personality_conscientiousness,3,5,NA,NA,NA,NA,NA,NA,NA,NA,NA,NA,NA
owner_personality_conscientiousness,5,6,NA,NA,NA,NA,NA,NA,NA,NA,NA,NA,NA
owner_personality_conscientiousness,5,3,NA,NA,NA,NA,NA,NA,NA,NA,NA,NA,NA
owner_personality_conscientiousness,4,7,NA,NA,NA,NA,NA,NA,NA,NA,NA,NA,NA
owner_personality_conscientiousness,5,7,NA,NA,NA,NA,NA,NA,NA,NA,NA,NA,NA
owner_personality_conscientiousness,4,5,NA,NA,NA,NA,NA,NA,NA,NA,NA,NA,NA
owner_personality_conscientiousness,3,6,NA,NA,NA,NA,NA,NA,NA,NA,NA,NA,NA
owner_personality_conscientiousness,4,7,NA,NA,NA,NA,NA,NA,NA,NA,NA,NA,NA
owner_personality_conscientiousness,5,7,NA,NA,NA,NA,NA,NA,NA,NA,NA,NA,NA
owner_personality_openness,4,5,NA,NA,NA,NA,NA,NA,NA,NA,NA,NA,NA
owner_personality_openness,5,7,NA,NA,NA,NA,NA,NA,NA,NA,NA,NA,NA
owner_personality_openness,5,7,NA,NA,NA,NA,NA,NA,NA,NA,NA,NA,NA
owner_personality_openness,1,4,NA,NA,NA,NA,NA,NA,NA,NA,NA,NA,NA
owner_personality_openness,5,7,NA,NA,NA,NA,NA,NA,NA,NA,NA,NA,NA
owner_personality_openness,4,6,NA,NA,NA,NA,NA,NA,NA,NA,NA,NA,NA
owner_personality_openness,4,6,NA,NA,NA,NA,NA,NA,NA,NA,NA,NA,NA
owner_personality_openness,4,6,NA,NA,NA,NA,NA,NA,NA,NA,NA,NA,NA
owner_personality_openness,5,7,NA,NA,NA,NA,NA,NA,NA,NA,NA,NA,NA
owner_personality_openness,4,6,NA,NA,NA,NA,NA,NA,NA,NA,NA,NA,NA
owner_personality_openness,4,5,NA,NA,NA,NA,NA,NA,NA,NA,NA,NA,NA
owner_personality_openness,4,6,NA,NA,NA,NA,NA,NA,NA,NA,NA,NA,NA
owner_personality_openness,5,7,NA,NA,NA,NA,NA,NA,NA,NA,NA,NA,NA
owner_personality_openness,4,5,NA,NA,NA,NA,NA,NA,NA,NA,NA,NA,NA
owner_personality_openness,2,4,NA,NA,NA,NA,NA,NA,NA,NA,NA,NA,NA
owner_personality_openness,4,6,NA,NA,NA,NA,NA,NA,NA,NA,NA,NA,NA
owner_personality_openness,5,7,NA,NA,NA,NA,NA,NA,NA,NA,NA,NA,NA
owner_personality_openness,5,7,NA,NA,NA,NA,NA,NA,NA,NA,NA,NA,NA
owner_personality_openness,3,3,NA,NA,NA,NA,NA,NA,NA,NA,NA,NA,NA
owner_personality_openness,5,6,NA,NA,NA,NA,NA,NA,NA,NA,NA,NA,NA
owner_personality_openness,5,7,NA,NA,NA,NA,NA,NA,NA,NA,NA,NA,NA
owner_personality_openness,5,6,NA,NA,NA,NA,NA,NA,NA,NA,NA,NA,NA
owner_personality_openness,4,6,NA,NA,NA,NA,NA,NA,NA,NA,NA,NA,NA
owner_personality_openness,4,6,NA,NA,NA,NA,NA,NA,NA,NA,NA,NA,NA
owner_personality_openness,2,6,NA,NA,NA,NA,NA,NA,NA,NA,NA,NA,NA
owner_personality_openness,4,5,NA,NA,NA,NA,NA,NA,NA,NA,NA,NA,NA
owner_personality_openness,2,6,NA,NA,NA,NA,NA,NA,NA,NA,NA,NA,NA
owner_personality_openness,4,4,NA,NA,NA,NA,NA,NA,NA,NA,NA,NA,NA
owner_personality_openness,5,6,NA,NA,NA,NA,NA,NA,NA,NA,NA,NA,NA
owner_personality_openness,5,5,NA,NA,NA,NA,NA,NA,NA,NA,NA,NA,NA
owner_personality_openness,4,6,NA,NA,NA,NA,NA,NA,NA,NA,NA,NA,NA
owner_personality_openness,5,7,NA,NA,NA,NA,NA,NA,NA,NA,NA,NA,NA
owner_personality_openness,5,7,NA,NA,NA,NA,NA,NA,NA,NA,NA,NA,NA
owner_personality_openness,5,5,NA,NA,NA,NA,NA,NA,NA,NA,NA,NA,NA
owner_personality_openness,5,5,NA,NA,NA,NA,NA,NA,NA,NA,NA,NA,NA
owner_personality_openness,4,5,NA,NA,NA,NA,NA,NA,NA,NA,NA,NA,NA
owner_personality_openness,4,6,NA,NA,NA,NA,NA,NA,NA,NA,NA,NA,NA
owner_personality_openness,3,NA,NA,NA,NA,NA,NA,NA,NA,NA,NA,NA,NA
owner_personality_openness,2,4,NA,NA,NA,NA,NA,NA,NA,NA,NA,NA,NA
owner_personality_openness,4,7,NA,NA,NA,NA,NA,NA,NA,NA,NA,NA,NA
owner_personality_openness,5,5,NA,NA,NA,NA,NA,NA,NA,NA,NA,NA,NA
owner_personality_openness,3,6,NA,NA,NA,NA,NA,NA,NA,NA,NA,NA,NA
owner_personality_openness,4,6,NA,NA,NA,NA,NA,NA,NA,NA,NA,NA,NA
owner_personality_openness,4,5,NA,NA,NA,NA,NA,NA,NA,NA,NA,NA,NA
owner_personality_openness,4,5,NA,NA,NA,NA,NA,NA,NA,NA,NA,NA,NA
owner_personality_openness,5,6,NA,NA,NA,NA,NA,NA,NA,NA,NA,NA,NA
owner_personality_openness,5,6,NA,NA,NA,NA,NA,NA,NA,NA,NA,NA,NA
owner_personality_openness,4,6,NA,NA,NA,NA,NA,NA,NA,NA,NA,NA,NA
owner_personality_openness,3,5,NA,NA,NA,NA,NA,NA,NA,NA,NA,NA,NA
owner_personality_openness,4,5,NA,NA,NA,NA,NA,NA,NA,NA,NA,NA,NA
owner_personality_openness,5,7,NA,NA,NA,NA,NA,NA,NA,NA,NA,NA,NA
owner_personality_openness,3,5,NA,NA,NA,NA,NA,NA,NA,NA,NA,NA,NA
owner_personality_openness,3,6,NA,NA,NA,NA,NA,NA,NA,NA,NA,NA,NA
owner_personality_openness,5,6,NA,NA,NA,NA,NA,NA,NA,NA,NA,NA,NA
owner_personality_openness,3,6,NA,NA,NA,NA,NA,NA,NA,NA,NA,NA,NA
owner_personality_openness,4,4,NA,NA,NA,NA,NA,NA,NA,NA,NA,NA,NA
owner_personality_openness,4,7,NA,NA,NA,NA,NA,NA,NA,NA,NA,NA,NA
owner_personality_openness,5,5,NA,NA,NA,NA,NA,NA,NA,NA,NA,NA,NA
owner_personality_openness,4,6,NA,NA,NA,NA,NA,NA,NA,NA,NA,NA,NA
owner_personality_openness,5,6,NA,NA,NA,NA,NA,NA,NA,NA,NA,NA,NA
owner_personality_openness,3,5,NA,NA,NA,NA,NA,NA,NA,NA,NA,NA,NA
owner_personality_openness,4,7,NA,NA,NA,NA,NA,NA,NA,NA,NA,NA,NA
owner_personality_openness,4,6,NA,NA,NA,NA,NA,NA,NA,NA,NA,NA,NA
owner_personality_stability,4,4,NA,NA,NA,NA,NA,NA,NA,NA,NA,NA,NA
owner_personality_stability,7,4,NA,NA,NA,NA,NA,NA,NA,NA,NA,NA,NA
owner_personality_stability,4,3,NA,NA,NA,NA,NA,NA,NA,NA,NA,NA,NA
owner_personality_stability,3,1,NA,NA,NA,NA,NA,NA,NA,NA,NA,NA,NA
owner_personality_stability,7,4,NA,NA,NA,NA,NA,NA,NA,NA,NA,NA,NA
owner_personality_stability,7,4,NA,NA,NA,NA,NA,NA,NA,NA,NA,NA,NA
owner_personality_stability,7,4,NA,NA,NA,NA,NA,NA,NA,NA,NA,NA,NA
owner_personality_stability,5,4,NA,NA,NA,NA,NA,NA,NA,NA,NA,NA,NA
owner_personality_stability,6,4,NA,NA,NA,NA,NA,NA,NA,NA,NA,NA,NA
owner_personality_stability,6,4,NA,NA,NA,NA,NA,NA,NA,NA,NA,NA,NA
owner_personality_stability,5,2,NA,NA,NA,NA,NA,NA,NA,NA,NA,NA,NA
owner_personality_stability,5,4,NA,NA,NA,NA,NA,NA,NA,NA,NA,NA,NA
owner_personality_stability,7,5,NA,NA,NA,NA,NA,NA,NA,NA,NA,NA,NA
owner_personality_stability,6,4,NA,NA,NA,NA,NA,NA,NA,NA,NA,NA,NA
owner_personality_stability,6,4,NA,NA,NA,NA,NA,NA,NA,NA,NA,NA,NA
owner_personality_stability,6,4,NA,NA,NA,NA,NA,NA,NA,NA,NA,NA,NA
owner_personality_stability,5,5,NA,NA,NA,NA,NA,NA,NA,NA,NA,NA,NA
owner_personality_stability,7,5,NA,NA,NA,NA,NA,NA,NA,NA,NA,NA,NA
owner_personality_stability,4,3,NA,NA,NA,NA,NA,NA,NA,NA,NA,NA,NA
owner_personality_stability,6,4,NA,NA,NA,NA,NA,NA,NA,NA,NA,NA,NA
owner_personality_stability,6,5,NA,NA,NA,NA,NA,NA,NA,NA,NA,NA,NA
owner_personality_stability,4,3,NA,NA,NA,NA,NA,NA,NA,NA,NA,NA,NA
owner_personality_stability,5,4,NA,NA,NA,NA,NA,NA,NA,NA,NA,NA,NA
owner_personality_stability,4,4,NA,NA,NA,NA,NA,NA,NA,NA,NA,NA,NA
owner_personality_stability,6,3,NA,NA,NA,NA,NA,NA,NA,NA,NA,NA,NA
owner_personality_stability,7,4,NA,NA,NA,NA,NA,NA,NA,NA,NA,NA,NA
owner_personality_stability,6,5,NA,NA,NA,NA,NA,NA,NA,NA,NA,NA,NA
owner_personality_stability,5,4,NA,NA,NA,NA,NA,NA,NA,NA,NA,NA,NA
owner_personality_stability,5,4,NA,NA,NA,NA,NA,NA,NA,NA,NA,NA,NA
owner_personality_stability,5,4,NA,NA,NA,NA,NA,NA,NA,NA,NA,NA,NA
owner_personality_stability,6,4,NA,NA,NA,NA,NA,NA,NA,NA,NA,NA,NA
owner_personality_stability,6,4,NA,NA,NA,NA,NA,NA,NA,NA,NA,NA,NA
owner_personality_stability,6,4,NA,NA,NA,NA,NA,NA,NA,NA,NA,NA,NA
owner_personality_stability,6,4,NA,NA,NA,NA,NA,NA,NA,NA,NA,NA,NA
owner_personality_stability,7,5,NA,NA,NA,NA,NA,NA,NA,NA,NA,NA,NA
owner_personality_stability,6,4,NA,NA,NA,NA,NA,NA,NA,NA,NA,NA,NA
owner_personality_stability,7,5,NA,NA,NA,NA,NA,NA,NA,NA,NA,NA,NA
owner_personality_stability,4,4,NA,NA,NA,NA,NA,NA,NA,NA,NA,NA,NA
owner_personality_stability,4,3,NA,NA,NA,NA,NA,NA,NA,NA,NA,NA,NA
owner_personality_stability,6,5,NA,NA,NA,NA,NA,NA,NA,NA,NA,NA,NA
owner_personality_stability,4,3,NA,NA,NA,NA,NA,NA,NA,NA,NA,NA,NA
owner_personality_stability,5,4,NA,NA,NA,NA,NA,NA,NA,NA,NA,NA,NA
owner_personality_stability,4,3,NA,NA,NA,NA,NA,NA,NA,NA,NA,NA,NA
owner_personality_stability,6,4,NA,NA,NA,NA,NA,NA,NA,NA,NA,NA,NA
owner_personality_stability,5,4,NA,NA,NA,NA,NA,NA,NA,NA,NA,NA,NA
owner_personality_stability,6,4,NA,NA,NA,NA,NA,NA,NA,NA,NA,NA,NA
owner_personality_stability,7,5,NA,NA,NA,NA,NA,NA,NA,NA,NA,NA,NA
owner_personality_stability,4,4,NA,NA,NA,NA,NA,NA,NA,NA,NA,NA,NA
owner_personality_stability,6,4,NA,NA,NA,NA,NA,NA,NA,NA,NA,NA,NA
owner_personality_stability,6,5,NA,NA,NA,NA,NA,NA,NA,NA,NA,NA,NA
owner_personality_stability,6,4,NA,NA,NA,NA,NA,NA,NA,NA,NA,NA,NA
owner_personality_stability,6,2,NA,NA,NA,NA,NA,NA,NA,NA,NA,NA,NA
owner_personality_stability,4,4,NA,NA,NA,NA,NA,NA,NA,NA,NA,NA,NA
owner_personality_stability,6,5,NA,NA,NA,NA,NA,NA,NA,NA,NA,NA,NA
owner_personality_stability,4,3,NA,NA,NA,NA,NA,NA,NA,NA,NA,NA,NA
owner_personality_stability,7,5,NA,NA,NA,NA,NA,NA,NA,NA,NA,NA,NA
owner_personality_stability,6,5,NA,NA,NA,NA,NA,NA,NA,NA,NA,NA,NA
owner_personality_stability,6,4,NA,NA,NA,NA,NA,NA,NA,NA,NA,NA,NA
owner_personality_stability,4,3,NA,NA,NA,NA,NA,NA,NA,NA,NA,NA,NA
owner_personality_stability,6,5,NA,NA,NA,NA,NA,NA,NA,NA,NA,NA,NA
owner_personality_stability,7,5,NA,NA,NA,NA,NA,NA,NA,NA,NA,NA,NA
owner_personality_stability,7,4,NA,NA,NA,NA,NA,NA,NA,NA,NA,NA,NA
owner_personality_stability,6,5,NA,NA,NA,NA,NA,NA,NA,NA,NA,NA,NA
lotr,5,1,5,5,5,5,NA,NA,NA,NA,NA,NA,NA
lotr,1,5,4,5,5,4,NA,NA,NA,NA,NA,NA,NA
lotr,2,2,2,5,5,5,NA,NA,NA,NA,NA,NA,NA
lotr,1,1,2,1,1,1,NA,NA,NA,NA,NA,NA,NA
lotr,3,4,4,4,4,4,NA,NA,NA,NA,NA,NA,NA
lotr,4,3,3,4,4,4,NA,NA,NA,NA,NA,NA,NA
lotr,4,4,3,4,4,4,NA,NA,NA,NA,NA,NA,NA
lotr,1,2,2,3,4,2,NA,NA,NA,NA,NA,NA,NA
lotr,4,4,4,5,5,4,NA,NA,NA,NA,NA,NA,NA
lotr,3,3,3,4,3,3,NA,NA,NA,NA,NA,NA,NA
lotr,2,3,2,2,2,2,NA,NA,NA,NA,NA,NA,NA
lotr,4,5,5,5,5,5,NA,NA,NA,NA,NA,NA,NA
lotr,4,4,4,5,5,5,NA,NA,NA,NA,NA,NA,NA
lotr,4,4,4,4,4,4,NA,NA,NA,NA,NA,NA,NA
lotr,NA,NA,NA,NA,NA,NA,NA,NA,NA,NA,NA,NA,NA
lotr,5,4,4,5,5,5,NA,NA,NA,NA,NA,NA,NA
lotr,3,3,5,4,4,4,NA,NA,NA,NA,NA,NA,NA
lotr,4,5,5,5,5,5,NA,NA,NA,NA,NA,NA,NA
lotr,2,4,3,4,3,4,NA,NA,NA,NA,NA,NA,NA
lotr,5,5,5,5,5,5,NA,NA,NA,NA,NA,NA,NA
lotr,4,5,5,5,5,5,NA,NA,NA,NA,NA,NA,NA
lotr,2,2,4,2,2,3,NA,NA,NA,NA,NA,NA,NA
lotr,NA,4,4,5,5,4,NA,NA,NA,NA,NA,NA,NA
lotr,4,4,4,4,5,5,NA,NA,NA,NA,NA,NA,NA
lotr,2,2,4,2,2,3,NA,NA,NA,NA,NA,NA,NA
lotr,4,5,5,5,5,5,NA,NA,NA,NA,NA,NA,NA
lotr,5,4,5,5,5,5,NA,NA,NA,NA,NA,NA,NA
lotr,3,4,4,4,5,5,NA,NA,NA,NA,NA,NA,NA
lotr,4,2,4,5,5,5,NA,NA,NA,NA,NA,NA,NA
lotr,4,4,1,2,4,2,NA,NA,NA,NA,NA,NA,NA
lotr,4,4,5,5,5,5,NA,NA,NA,NA,NA,NA,NA
lotr,3,4,4,4,4,4,NA,NA,NA,NA,NA,NA,NA
lotr,4,4,4,5,4,5,NA,NA,NA,NA,NA,NA,NA
lotr,4,5,4,5,5,5,NA,NA,NA,NA,NA,NA,NA
lotr,5,3,4,5,1,5,NA,NA,NA,NA,NA,NA,NA
lotr,4,4,4,4,2,4,NA,NA,NA,NA,NA,NA,NA
lotr,3,5,4,5,5,5,NA,NA,NA,NA,NA,NA,NA
lotr,4,4,4,4,2,4,NA,NA,NA,NA,NA,NA,NA
lotr,5,4,4,4,4,4,NA,NA,NA,NA,NA,NA,NA
lotr,3,3,4,4,3,4,NA,NA,NA,NA,NA,NA,NA
lotr,3,4,3,4,4,3,NA,NA,NA,NA,NA,NA,NA
lotr,3,4,4,4,4,4,NA,NA,NA,NA,NA,NA,NA
lotr,2,4,4,4,5,5,NA,NA,NA,NA,NA,NA,NA
lotr,2,4,5,5,3,5,NA,NA,NA,NA,NA,NA,NA
lotr,4,4,3,4,3,3,NA,NA,NA,NA,NA,NA,NA
lotr,5,5,5,4,4,5,NA,NA,NA,NA,NA,NA,NA
lotr,4,4,5,5,5,5,NA,NA,NA,NA,NA,NA,NA
lotr,2,4,3,4,4,4,NA,NA,NA,NA,NA,NA,NA
lotr,4,4,3,4,4,4,NA,NA,NA,NA,NA,NA,NA
lotr,3,3,4,3,4,4,NA,NA,NA,NA,NA,NA,NA
lotr,5,5,4,5,5,5,NA,NA,NA,NA,NA,NA,NA
lotr,4,4,4,5,1,5,NA,NA,NA,NA,NA,NA,NA
lotr,2,1,1,2,2,2,NA,NA,NA,NA,NA,NA,NA
lotr,5,3,4,3,4,4,NA,NA,NA,NA,NA,NA,NA
lotr,4,2,3,3,3,3,NA,NA,NA,NA,NA,NA,NA
lotr,5,3,5,5,5,5,NA,NA,NA,NA,NA,NA,NA
lotr,4,4,3,3,3,2,NA,NA,NA,NA,NA,NA,NA
lotr,3,3,3,4,4,4,NA,NA,NA,NA,NA,NA,NA
lotr,3,3,4,4,4,4,NA,NA,NA,NA,NA,NA,NA
lotr,5,5,5,5,5,5,NA,NA,NA,NA,NA,NA,NA
lotr,2,5,4,5,5,5,NA,NA,NA,NA,NA,NA,NA
lotr,4,3,3,3,4,4,NA,NA,NA,NA,NA,NA,NA
lotr,3,5,4,5,5,4,NA,NA,NA,NA,NA,NA,NA
perceived_stress,2,2,2,2,2,1,1,1,0,0,NA,NA,NA
perceived_stress,2,1,2,1,2,1,1,0,1,1,NA,NA,NA
perceived_stress,2,2,3,0,0,2,1,1,2,1,NA,NA,NA
perceived_stress,1,1,1,0,0,0,0,0,1,1,NA,NA,NA
perceived_stress,2,2,2,1,1,1,1,1,1,2,NA,NA,NA
perceived_stress,1,1,1,1,1,1,1,1,2,1,NA,NA,NA
perceived_stress,1,1,1,1,2,0,2,2,0,1,NA,NA,NA
perceived_stress,2,2,2,2,2,2,2,2,2,2,NA,NA,NA
perceived_stress,2,2,2,0,0,0,0,0,1,1,NA,NA,NA
perceived_stress,1,1,1,1,1,0,1,1,0,1,NA,NA,NA
perceived_stress,2,3,3,3,2,2,3,3,3,3,NA,NA,NA
perceived_stress,1,1,2,0,0,0,0,0,2,0,NA,NA,NA
perceived_stress,2,1,2,0,1,1,0,0,2,1,NA,NA,NA
perceived_stress,1,2,2,1,1,1,1,1,2,1,NA,NA,NA
perceived_stress,NA,NA,NA,NA,NA,NA,NA,NA,NA,NA,NA,NA,NA
perceived_stress,1,1,1,0,0,1,0,0,1,1,NA,NA,NA
perceived_stress,2,1,2,0,1,1,2,1,2,1,NA,NA,NA
perceived_stress,1,0,1,0,1,0,1,1,0,0,NA,NA,NA
perceived_stress,3,2,3,2,2,1,1,1,3,1,NA,NA,NA
perceived_stress,2,2,2,1,1,1,1,1,2,1,NA,NA,NA
perceived_stress,0,0,1,0,0,0,0,0,1,0,NA,NA,NA
perceived_stress,2,3,3,0,1,0,1,0,3,0,NA,NA,NA
perceived_stress,2,0,2,1,1,1,1,1,0,1,NA,NA,NA
perceived_stress,2,1,3,1,2,3,1,3,1,2,NA,NA,NA
perceived_stress,3,3,3,2,1,1,2,2,2,0,NA,NA,NA
perceived_stress,1,0,0,1,1,0,4,1,0,0,NA,NA,NA
perceived_stress,1,0,2,0,0,1,1,0,1,1,NA,NA,NA
perceived_stress,1,0,1,0,1,0,0,0,2,0,NA,NA,NA
perceived_stress,2,1,2,0,0,2,1,1,2,1,NA,NA,NA
perceived_stress,2,2,3,1,1,2,2,1,1,2,NA,NA,NA
perceived_stress,2,1,2,1,1,1,1,1,1,0,NA,NA,NA
perceived_stress,1,1,2,1,1,1,1,1,1,1,NA,NA,NA
perceived_stress,0,1,2,1,1,2,2,1,1,1,NA,NA,NA
perceived_stress,1,1,2,0,0,1,0,0,1,1,NA,NA,NA
perceived_stress,2,2,1,1,1,1,1,2,1,1,NA,NA,NA
perceived_stress,1,1,1,1,1,1,1,1,1,1,NA,NA,NA
perceived_stress,1,4,2,0,1,1,1,0,2,0,NA,NA,NA
perceived_stress,1,1,2,1,1,1,1,1,1,1,NA,NA,NA
perceived_stress,2,2,3,2,2,3,2,2,2,3,NA,NA,NA
perceived_stress,1,0,2,0,1,4,0,3,2,2,NA,NA,NA
perceived_stress,2,2,2,1,1,2,2,2,2,1,NA,NA,NA
perceived_stress,2,2,2,2,1,1,1,1,1,1,NA,NA,NA
perceived_stress,2,1,3,1,1,2,0,2,0,0,NA,NA,NA
perceived_stress,2,1,2,0,0,2,2,1,0,0,NA,NA,NA
perceived_stress,2,2,2,2,2,1,2,2,2,1,NA,NA,NA
perceived_stress,1,1,1,0,0,1,3,1,1,1,NA,NA,NA
perceived_stress,0,0,0,4,1,0,1,1,1,0,NA,NA,NA
perceived_stress,3,2,3,2,2,1,1,2,2,1,NA,NA,NA
perceived_stress,1,1,2,1,1,1,1,1,1,1,NA,NA,NA
perceived_stress,1,1,2,0,1,0,1,1,2,0,NA,NA,NA
perceived_stress,1,1,1,0,0,0,1,1,1,0,NA,NA,NA
perceived_stress,2,2,2,0,0,0,0,0,1,0,NA,NA,NA
perceived_stress,3,3,2,1,3,2,1,2,2,3,NA,NA,NA
perceived_stress,2,2,2,0,2,2,2,1,2,1,NA,NA,NA
perceived_stress,3,2,3,2,2,3,1,2,2,2,NA,NA,NA
perceived_stress,1,1,2,0,0,0,3,1,1,0,NA,NA,NA
perceived_stress,2,2,2,1,2,0,1,1,1,0,NA,NA,NA
perceived_stress,2,2,1,1,2,0,2,1,2,0,NA,NA,NA
perceived_stress,3,1,3,2,1,1,2,1,2,1,NA,NA,NA
perceived_stress,1,1,2,0,0,0,1,0,0,1,NA,NA,NA
perceived_stress,1,1,2,0,1,1,1,1,1,0,NA,NA,NA
perceived_stress,1,2,1,3,3,0,1,1,2,0,NA,NA,NA
perceived_stress,1,0,1,0,0,1,0,0,0,0,NA,NA,NA
crt,1,0,1,NA,NA,NA,NA,NA,NA,NA,NA,NA,NA
crt,1,1,1,NA,NA,NA,NA,NA,NA,NA,NA,NA,NA
crt,0,1,1,NA,NA,NA,NA,NA,NA,NA,NA,NA,NA
crt,0,0,0,NA,NA,NA,NA,NA,NA,NA,NA,NA,NA
crt,NA,NA,NA,NA,NA,NA,NA,NA,NA,NA,NA,NA,NA
crt,0,1,1,NA,NA,NA,NA,NA,NA,NA,NA,NA,NA
crt,1,1,1,NA,NA,NA,NA,NA,NA,NA,NA,NA,NA
crt,NA,NA,NA,NA,NA,NA,NA,NA,NA,NA,NA,NA,NA
crt,0,NA,1,NA,NA,NA,NA,NA,NA,NA,NA,NA,NA
crt,1,1,1,NA,NA,NA,NA,NA,NA,NA,NA,NA,NA
crt,0,1,1,NA,NA,NA,NA,NA,NA,NA,NA,NA,NA
crt,0,0,0,NA,NA,NA,NA,NA,NA,NA,NA,NA,NA
crt,1,1,1,NA,NA,NA,NA,NA,NA,NA,NA,NA,NA
crt,1,0,1,NA,NA,NA,NA,NA,NA,NA,NA,NA,NA
crt,0,0,1,NA,NA,NA,NA,NA,NA,NA,NA,NA,NA
crt,0,1,0,NA,NA,NA,NA,NA,NA,NA,NA,NA,NA
crt,0,0,0,NA,NA,NA,NA,NA,NA,NA,NA,NA,NA
crt,0,1,0,NA,NA,NA,NA,NA,NA,NA,NA,NA,NA
crt,1,1,1,NA,NA,NA,NA,NA,NA,NA,NA,NA,NA
crt,0,0,1,NA,NA,NA,NA,NA,NA,NA,NA,NA,NA
crt,0,1,1,NA,NA,NA,NA,NA,NA,NA,NA,NA,NA
crt,0,0,0,NA,NA,NA,NA,NA,NA,NA,NA,NA,NA
crt,0,1,1,NA,NA,NA,NA,NA,NA,NA,NA,NA,NA
crt,0,1,1,NA,NA,NA,NA,NA,NA,NA,NA,NA,NA
crt,0,0,0,NA,NA,NA,NA,NA,NA,NA,NA,NA,NA
crt,1,0,0,NA,NA,NA,NA,NA,NA,NA,NA,NA,NA
crt,0,0,0,NA,NA,NA,NA,NA,NA,NA,NA,NA,NA
crt,0,0,1,NA,NA,NA,NA,NA,NA,NA,NA,NA,NA
crt,0,1,1,NA,NA,NA,NA,NA,NA,NA,NA,NA,NA
crt,1,0,1,NA,NA,NA,NA,NA,NA,NA,NA,NA,NA
crt,0,0,0,NA,NA,NA,NA,NA,NA,NA,NA,NA,NA
crt,NA,NA,NA,NA,NA,NA,NA,NA,NA,NA,NA,NA,NA
crt,0,0,0,NA,NA,NA,NA,NA,NA,NA,NA,NA,NA
crt,0,1,1,NA,NA,NA,NA,NA,NA,NA,NA,NA,NA
crt,0,1,0,NA,NA,NA,NA,NA,NA,NA,NA,NA,NA
crt,0,0,0,NA,NA,NA,NA,NA,NA,NA,NA,NA,NA
crt,1,1,1,NA,NA,NA,NA,NA,NA,NA,NA,NA,NA
crt,0,0,1,NA,NA,NA,NA,NA,NA,NA,NA,NA,NA
crt,0,1,1,NA,NA,NA,NA,NA,NA,NA,NA,NA,NA
crt,1,0,0,NA,NA,NA,NA,NA,NA,NA,NA,NA,NA
crt,1,1,1,NA,NA,NA,NA,NA,NA,NA,NA,NA,NA
crt,0,0,0,NA,NA,NA,NA,NA,NA,NA,NA,NA,NA
crt,1,1,1,NA,NA,NA,NA,NA,NA,NA,NA,NA,NA
crt,0,0,0,NA,NA,NA,NA,NA,NA,NA,NA,NA,NA
crt,0,0,0,NA,NA,NA,NA,NA,NA,NA,NA,NA,NA
crt,0,0,0,NA,NA,NA,NA,NA,NA,NA,NA,NA,NA
crt,1,0,1,NA,NA,NA,NA,NA,NA,NA,NA,NA,NA
crt,0,0,0,NA,NA,NA,NA,NA,NA,NA,NA,NA,NA
crt,0,0,1,NA,NA,NA,NA,NA,NA,NA,NA,NA,NA
crt,1,0,1,NA,NA,NA,NA,NA,NA,NA,NA,NA,NA
crt,0,0,1,NA,NA,NA,NA,NA,NA,NA,NA,NA,NA
crt,0,1,1,NA,NA,NA,NA,NA,NA,NA,NA,NA,NA
crt,0,1,0,NA,NA,NA,NA,NA,NA,NA,NA,NA,NA
crt,0,0,0,NA,NA,NA,NA,NA,NA,NA,NA,NA,NA
crt,0,0,1,NA,NA,NA,NA,NA,NA,NA,NA,NA,NA
crt,0,1,0,NA,NA,NA,NA,NA,NA,NA,NA,NA,NA
crt,0,0,0,NA,NA,NA,NA,NA,NA,NA,NA,NA,NA
crt,0,1,0,NA,NA,NA,NA,NA,NA,NA,NA,NA,NA
crt,0,1,1,NA,NA,NA,NA,NA,NA,NA,NA,NA,NA
crt,0,0,1,NA,NA,NA,NA,NA,NA,NA,NA,NA,NA
crt,0,0,0,NA,NA,NA,NA,NA,NA,NA,NA,NA,NA
crt,1,1,1,NA,NA,NA,NA,NA,NA,NA,NA,NA,NA
crt,0,0,1,NA,NA,NA,NA,NA,NA,NA,NA,NA,NA
numeracy,1,0,0,1,NA,NA,NA,NA,NA,NA,NA,NA,NA
numeracy,1,1,0,0,NA,NA,NA,NA,NA,NA,NA,NA,NA
numeracy,1,NA,0,NA,NA,NA,NA,NA,NA,NA,NA,NA,NA
numeracy,1,0,1,0,NA,NA,NA,NA,NA,NA,NA,NA,NA
numeracy,NA,NA,NA,NA,NA,NA,NA,NA,NA,NA,NA,NA,NA
numeracy,1,1,0,0,NA,NA,NA,NA,NA,NA,NA,NA,NA
numeracy,1,1,1,0,NA,NA,NA,NA,NA,NA,NA,NA,NA
numeracy,NA,NA,NA,NA,NA,NA,NA,NA,NA,NA,NA,NA,NA
numeracy,1,1,0,NA,NA,NA,NA,NA,NA,NA,NA,NA,NA
numeracy,1,1,1,1,NA,NA,NA,NA,NA,NA,NA,NA,NA
numeracy,1,1,0,0,NA,NA,NA,NA,NA,NA,NA,NA,NA
numeracy,0,NA,0,NA,NA,NA,NA,NA,NA,NA,NA,NA,NA
numeracy,1,1,1,1,NA,NA,NA,NA,NA,NA,NA,NA,NA
numeracy,1,1,0,NA,NA,NA,NA,NA,NA,NA,NA,NA,NA
numeracy,NA,NA,NA,NA,NA,NA,NA,NA,NA,NA,NA,NA,NA
numeracy,1,0,0,0,NA,NA,NA,NA,NA,NA,NA,NA,NA
numeracy,NA,1,0,0,NA,NA,NA,NA,NA,NA,NA,NA,NA
numeracy,NA,NA,NA,NA,NA,NA,NA,NA,NA,NA,NA,NA,NA
numeracy,1,0,1,0,NA,NA,NA,NA,NA,NA,NA,NA,NA
numeracy,1,0,0,1,NA,NA,NA,NA,NA,NA,NA,NA,NA
numeracy,1,0,0,1,NA,NA,NA,NA,NA,NA,NA,NA,NA
numeracy,NA,NA,NA,NA,NA,NA,NA,NA,NA,NA,NA,NA,NA
numeracy,NA,NA,NA,NA,NA,NA,NA,NA,NA,NA,NA,NA,NA
numeracy,NA,NA,NA,NA,NA,NA,NA,NA,NA,NA,NA,NA,NA
numeracy,0,0,0,1,NA,NA,NA,NA,NA,NA,NA,NA,NA
numeracy,NA,NA,NA,NA,NA,NA,NA,NA,NA,NA,NA,NA,NA
numeracy,0,1,1,0,NA,NA,NA,NA,NA,NA,NA,NA,NA
numeracy,1,0,0,0,NA,NA,NA,NA,NA,NA,NA,NA,NA
numeracy,1,0,0,1,NA,NA,NA,NA,NA,NA,NA,NA,NA
numeracy,1,0,0,0,NA,NA,NA,NA,NA,NA,NA,NA,NA
numeracy,1,1,0,1,NA,NA,NA,NA,NA,NA,NA,NA,NA
numeracy,NA,NA,NA,NA,NA,NA,NA,NA,NA,NA,NA,NA,NA
numeracy,1,0,NA,0,NA,NA,NA,NA,NA,NA,NA,NA,NA
numeracy,1,1,0,1,NA,NA,NA,NA,NA,NA,NA,NA,NA
numeracy,1,0,0,0,NA,NA,NA,NA,NA,NA,NA,NA,NA
numeracy,NA,NA,NA,NA,NA,NA,NA,NA,NA,NA,NA,NA,NA
numeracy,1,1,NA,NA,NA,NA,NA,NA,NA,NA,NA,NA,NA
numeracy,0,1,1,0,NA,NA,NA,NA,NA,NA,NA,NA,NA
numeracy,1,1,0,1,NA,NA,NA,NA,NA,NA,NA,NA,NA
numeracy,1,1,0,1,NA,NA,NA,NA,NA,NA,NA,NA,NA
numeracy,1,1,1,1,NA,NA,NA,NA,NA,NA,NA,NA,NA
numeracy,NA,0,NA,0,NA,NA,NA,NA,NA,NA,NA,NA,NA
numeracy,1,1,1,NA,NA,NA,NA,NA,NA,NA,NA,NA,NA
numeracy,1,1,1,1,NA,NA,NA,NA,NA,NA,NA,NA,NA
numeracy,NA,NA,NA,NA,NA,NA,NA,NA,NA,NA,NA,NA,NA
numeracy,1,0,1,0,NA,NA,NA,NA,NA,NA,NA,NA,NA
numeracy,1,0,0,1,NA,NA,NA,NA,NA,NA,NA,NA,NA
numeracy,NA,0,0,NA,NA,NA,NA,NA,NA,NA,NA,NA,NA
numeracy,NA,NA,NA,NA,NA,NA,NA,NA,NA,NA,NA,NA,NA
numeracy,1,0,0,1,NA,NA,NA,NA,NA,NA,NA,NA,NA
numeracy,1,0,0,0,NA,NA,NA,NA,NA,NA,NA,NA,NA
numeracy,1,1,NA,1,NA,NA,NA,NA,NA,NA,NA,NA,NA
numeracy,1,0,0,0,NA,NA,NA,NA,NA,NA,NA,NA,NA
numeracy,0,1,1,NA,NA,NA,NA,NA,NA,NA,NA,NA,NA
numeracy,0,NA,0,1,NA,NA,NA,NA,NA,NA,NA,NA,NA
numeracy,1,NA,NA,NA,NA,NA,NA,NA,NA,NA,NA,NA,NA
numeracy,NA,NA,NA,0,NA,NA,NA,NA,NA,NA,NA,NA,NA
numeracy,1,1,0,0,NA,NA,NA,NA,NA,NA,NA,NA,NA
numeracy,1,1,1,0,NA,NA,NA,NA,NA,NA,NA,NA,NA
numeracy,1,1,0,0,NA,NA,NA,NA,NA,NA,NA,NA,NA
numeracy,1,0,1,0,NA,NA,NA,NA,NA,NA,NA,NA,NA
numeracy,1,0,NA,0,NA,NA,NA,NA,NA,NA,NA,NA,NA
numeracy,1,1,1,NA,NA,NA,NA,NA,NA,NA,NA,NA,NA
