"subject","species","type","latin_name","exp_cond","indiff","body_wt","indiff_ref","body_wt_ref"
"AG","Tamarin","Cotton-top","Saguinus oedipus","2v6",7.6,431,"Stevens_etal_2005","Isler_etal_2008"
"DW","Tamarin","Cotton-top","Saguinus oedipus","2v6",8.4,431,"Stevens_etal_2005","Isler_etal_2008"
"JG","Tamarin","Cotton-top","Saguinus oedipus","2v6",9.2,431,"Stevens_etal_2005","Isler_etal_2008"
"JK","Tamarin","Cotton-top","Saguinus oedipus","2v6",5.6,431,"Stevens_etal_2005","Isler_etal_2008"
"SP","Tamarin","Cotton-top","Saguinus oedipus","2v6",6.7,431,"Stevens_etal_2005","Isler_etal_2008"
"UB","Tamarin","Cotton-top","Saguinus oedipus","2v6",9.8,431,"Stevens_etal_2005","Isler_etal_2008"
"Ant","Marmoset","Common","Callithrix jacchus","2v6",10,320,"Stevens_etal_2005","Isler_etal_2008"
"Des","Marmoset","Common","Callithrix jacchus","2v6",16.2,320,"Stevens_etal_2005","Isler_etal_2008"
"Jul","Marmoset","Common","Callithrix jacchus","2v6",12.8,320,"Stevens_etal_2005","Isler_etal_2008"
"Oth","Marmoset","Common","Callithrix jacchus","2v6",13.8,320,"Stevens_etal_2005","Isler_etal_2008"
"Rom","Marmoset","Common","Callithrix jacchus","2v6",19,320,"Stevens_etal_2005","Isler_etal_2008"
"Joey","Bonobo","Bonobo","Pan paniscus","2v6",92,39100,"Rosati_etal_2007","Isler_etal_2008"
"Kuno","Bonobo","Bonobo","Pan paniscus","2v6",80,39100,"Rosati_etal_2007","Isler_etal_2008"
"Limbuko","Bonobo","Bonobo","Pan paniscus","2v6",59,39100,"Rosati_etal_2007","Isler_etal_2008"
"Ulindi","Bonobo","Bonobo","Pan paniscus","2v6",91,39100,"Rosati_etal_2007","Isler_etal_2008"
"Yasa","Bonobo","Bonobo","Pan paniscus","2v6",50,39100,"Rosati_etal_2007","Isler_etal_2008"
"Dorien","Chimpanzee","Chimpanzee","Pan troglodytes","2v6",162,44967,"Rosati_etal_2007","Isler_etal_2008"
"Fraukje","Chimpanzee","Chimpanzee","Pan troglodytes","2v6",106,44967,"Rosati_etal_2007","Isler_etal_2008"
"Patrick","Chimpanzee","Chimpanzee","Pan troglodytes","2v6",108,44967,"Rosati_etal_2007","Isler_etal_2008"
"Robert","Chimpanzee","Chimpanzee","Pan troglodytes","2v6",157,44967,"Rosati_etal_2007","Isler_etal_2008"
"Sandra","Chimpanzee","Chimpanzee","Pan troglodytes","2v6",80,44967,"Rosati_etal_2007","Isler_etal_2008"
"Female","Macaque","Long-tailed","Macaca fascicularis","2v6",46,4251,"Tobin_Logue_1994","Isler_etal_2008"
"Male","Macaque","Long-tailed","Macaca fascicularis","2v6",31.6,4251,"Tobin_Logue_1994","Isler_etal_2008"
"Blumchen","Lemur","Red-ruffed","Varecia rubra","2v6",16.6,3470,"present_study","Isler_etal_2008"
"Gustav","Lemur","Black-and-white-ruffed","Varecia variegata","2v6",9.2,3575,"present_study","Isler_etal_2008"
"Ole","Lemur","Black-and-white-ruffed","Varecia variegata","2v6",19.8,3575,"present_study","Isler_etal_2008"
"Puppi","Lemur","Black-and-white-ruffed","Varecia variegata","2v6",24.6,3575,"present_study","Isler_etal_2008"
"Uta","Lemur","Black","Eulemur macaco","2v6",14.8,2390,"present_study","Isler_etal_2008"
"Cammello","Capuchin","Brown","Cebus apella","2v6",78,2936,"Addessi_etal_2011","Isler_etal_2008"
"Carlotta","Capuchin","Brown","Cebus apella","2v6",111,2936,"Addessi_etal_2011","Isler_etal_2008"
"Gal","Capuchin","Brown","Cebus apella","2v6",73,2936,"Addessi_etal_2011","Isler_etal_2008"
"Paprica","Capuchin","Brown","Cebus apella","2v6",138,2936,"Addessi_etal_2011","Isler_etal_2008"
"Pedro","Capuchin","Brown","Cebus apella","2v6",39,2936,"Addessi_etal_2011","Isler_etal_2008"
"Penelope","Capuchin","Brown","Cebus apella","2v6",57,2936,"Addessi_etal_2011","Isler_etal_2008"
"Pippi","Capuchin","Brown","Cebus apella","2v6",131,2936,"Addessi_etal_2011","Isler_etal_2008"
"Roberta","Capuchin","Brown","Cebus apella","2v6",116,2936,"Addessi_etal_2011","Isler_etal_2008"
"Robin Hood","Capuchin","Brown","Cebus apella","2v6",38,2936,"Addessi_etal_2011","Isler_etal_2008"
"Robinia","Capuchin","Brown","Cebus apella","2v6",83,2936,"Addessi_etal_2011","Isler_etal_2008"
"Robot","Capuchin","Brown","Cebus apella","2v6",59,2936,"Addessi_etal_2011","Isler_etal_2008"
"Rubens","Capuchin","Brown","Cebus apella","2v6",82,2936,"Addessi_etal_2011","Isler_etal_2008"
"Rucola","Capuchin","Brown","Cebus apella","2v6",80,2936,"Addessi_etal_2011","Isler_etal_2008"
"Sandokan","Capuchin","Brown","Cebus apella","2v6",58,2936,"Addessi_etal_2011","Isler_etal_2008"
"Saroma","Capuchin","Brown","Cebus apella","2v6",99,2936,"Addessi_etal_2011","Isler_etal_2008"
"Vispo","Capuchin","Brown","Cebus apella","2v6",56,2936,"Addessi_etal_2011","Isler_etal_2008"
4038,"Rat","Wistar","Rattus norvegicus","1v3",30.89,390,"Perry_etal_2005","Perry_etal_2005"
4045,"Rat","Wistar","Rattus norvegicus","1v3",25.49,390,"Perry_etal_2005","Perry_etal_2005"
4054,"Rat","Wistar","Rattus norvegicus","1v3",14.71,390,"Perry_etal_2005","Perry_etal_2005"
4056,"Rat","Wistar","Rattus norvegicus","1v3",20.83,390,"Perry_etal_2005","Perry_etal_2005"
4059,"Rat","Wistar","Rattus norvegicus","1v3",15.19,390,"Perry_etal_2005","Perry_etal_2005"
4085,"Rat","Wistar","Rattus norvegicus","1v3",17.67,390,"Perry_etal_2005","Perry_etal_2005"
5027,"Rat","Wistar","Rattus norvegicus","1v3",14,390,"Perry_etal_2005","Perry_etal_2005"
6220,"Rat","Wistar","Rattus norvegicus","1v3",13.05,390,"Perry_etal_2005","Perry_etal_2005"
4015,"Rat","Wistar","Rattus norvegicus","1v3",6.48,390,"Perry_etal_2005","Perry_etal_2005"
4040,"Rat","Wistar","Rattus norvegicus","1v3",7.17,390,"Perry_etal_2005","Perry_etal_2005"
4053,"Rat","Wistar","Rattus norvegicus","1v3",9.16,390,"Perry_etal_2005","Perry_etal_2005"
5022,"Rat","Wistar","Rattus norvegicus","1v3",3.75,390,"Perry_etal_2005","Perry_etal_2005"
5023,"Rat","Wistar","Rattus norvegicus","1v3",3.05,390,"Perry_etal_2005","Perry_etal_2005"
5024,"Rat","Wistar","Rattus norvegicus","1v3",2.87,390,"Perry_etal_2005","Perry_etal_2005"
6002,"Rat","Wistar","Rattus norvegicus","1v3",3.68,390,"Perry_etal_2005","Perry_etal_2005"
6009,"Rat","Wistar","Rattus norvegicus","1v3",6.49,390,"Perry_etal_2005","Perry_etal_2005"
6056,"Rat","Wistar","Rattus norvegicus","1v3",4.49,390,"Perry_etal_2005","Perry_etal_2005"
6214,"Rat","Wistar","Rattus norvegicus","1v3",4.33,390,"Perry_etal_2005","Perry_etal_2005"
6216,"Rat","Wistar","Rattus norvegicus","1v3",3.97,390,"Perry_etal_2005","Perry_etal_2005"
6217,"Rat","Wistar","Rattus norvegicus","1v3",3.95,390,"Perry_etal_2005","Perry_etal_2005"
6221,"Rat","Wistar","Rattus norvegicus","1v3",4.27,390,"Perry_etal_2005","Perry_etal_2005"
"P81","Pigeon","White Carneau","Columba livia","other",3.02,273,"Green_etal_2007","Kangas_Branch_2006"
"P82","Pigeon","White Carneau","Columba livia","other",8.11,273,"Green_etal_2007","Kangas_Branch_2006"
"P83","Pigeon","White Carneau","Columba livia","other",3.23,273,"Green_etal_2007","Kangas_Branch_2006"
"P84","Pigeon","White Carneau","Columba livia","other",4.95,273,"Green_etal_2007","Kangas_Branch_2006"
"P91","Pigeon","White Carneau","Columba livia","other",5.66,273,"Green_etal_2007","Kangas_Branch_2006"
"P92","Pigeon","White Carneau","Columba livia","other",4.28,273,"Green_etal_2007","Kangas_Branch_2006"
"P93","Pigeon","White Carneau","Columba livia","other",5.29,273,"Green_etal_2007","Kangas_Branch_2006"
"Bebe","Gorilla","Lowland","Gorilla gorilla","1v3",25,120950,"Amici_etal_2008","Isler_etal_2008"
"Gorgo","Gorilla","Lowland","Gorilla gorilla","1v3",30,120950,"Amici_etal_2008","Isler_etal_2008"
"Kibara","Gorilla","Lowland","Gorilla gorilla","1v3",48,120950,"Amici_etal_2008","Isler_etal_2008"
"Viringik","Gorilla","Lowland","Gorilla gorilla","1v3",73,120950,"Amici_etal_2008","Isler_etal_2008"
"Bimbo","Orangutan","Orangutan","Pongo pygmaeus","1v3",30,58542,"Amici_etal_2008","Isler_etal_2008"
"Dokana","Orangutan","Orangutan","Pongo pygmaeus","1v3",76,58542,"Amici_etal_2008","Isler_etal_2008"
"Dunja","Orangutan","Orangutan","Pongo pygmaeus","1v3",85,58542,"Amici_etal_2008","Isler_etal_2008"
"Kila","Orangutan","Orangutan","Pongo pygmaeus","1v3",27,58542,"Amici_etal_2008","Isler_etal_2008"
"Padana","Orangutan","Orangutan","Pongo pygmaeus","1v3",44,58542,"Amici_etal_2008","Isler_etal_2008"
"Pagai","Orangutan","Orangutan","Pongo pygmaeus","1v3",21,58542,"Amici_etal_2008","Isler_etal_2008"
"Pini","Orangutan","Orangutan","Pongo pygmaeus","1v3",74,58542,"Amici_etal_2008","Isler_etal_2008"
"Raja","Orangutan","Orangutan","Pongo pygmaeus","1v3",40,58542,"Amici_etal_2008","Isler_etal_2008"
"5_1 ","Spider monkey","Black-handed","Ateles geoffroyi","1v3",89,7535,"Amici_etal_2008","Isler_etal_2008"
"5_11","Spider monkey","Black-handed","Ateles geoffroyi","1v3",60,7535,"Amici_etal_2008","Isler_etal_2008"
"5_2 ","Spider monkey","Black-handed","Ateles geoffroyi","1v3",123,7535,"Amici_etal_2008","Isler_etal_2008"
"5_21","Spider monkey","Black-handed","Ateles geoffroyi","1v3",87,7535,"Amici_etal_2008","Isler_etal_2008"
"5_23","Spider monkey","Black-handed","Ateles geoffroyi","1v3",121,7535,"Amici_etal_2008","Isler_etal_2008"
"5_24","Spider monkey","Black-handed","Ateles geoffroyi","1v3",60,7535,"Amici_etal_2008","Isler_etal_2008"
"5_3 ","Spider monkey","Black-handed","Ateles geoffroyi","1v3",96,7535,"Amici_etal_2008","Isler_etal_2008"
"5_31","Spider monkey","Black-handed","Ateles geoffroyi","1v3",73,7535,"Amici_etal_2008","Isler_etal_2008"
"5_32","Spider monkey","Black-handed","Ateles geoffroyi","1v3",40,7535,"Amici_etal_2008","Isler_etal_2008"
"5_4 ","Spider monkey","Black-handed","Ateles geoffroyi","1v3",70,7535,"Amici_etal_2008","Isler_etal_2008"
"5_8 ","Spider monkey","Black-handed","Ateles geoffroyi","1v3",42,7535,"Amici_etal_2008","Isler_etal_2008"
"5_9 ","Spider monkey","Black-handed","Ateles geoffroyi","1v3",51,7535,"Amici_etal_2008","Isler_etal_2008"
"Cognac","Capuchin","Brown","Cebus apella","1v3",24,2936,"Amici_etal_2008","Isler_etal_2008"
"Paquita","Capuchin","Brown","Cebus apella","1v3",7,2936,"Amici_etal_2008","Isler_etal_2008"
"Pedro","Capuchin","Brown","Cebus apella","1v3",25,2936,"Amici_etal_2008","Isler_etal_2008"
"Penelope","Capuchin","Brown","Cebus apella","1v3",36,2936,"Amici_etal_2008","Isler_etal_2008"
"Pepe","Capuchin","Brown","Cebus apella","1v3",30,2936,"Amici_etal_2008","Isler_etal_2008"
"Pippi","Capuchin","Brown","Cebus apella","1v3",18,2936,"Amici_etal_2008","Isler_etal_2008"
"Quincey","Capuchin","Brown","Cebus apella","1v3",27,2936,"Amici_etal_2008","Isler_etal_2008"
"Roberta","Capuchin","Brown","Cebus apella","1v3",16,2936,"Amici_etal_2008","Isler_etal_2008"
"Robinia","Capuchin","Brown","Cebus apella","1v3",32,2936,"Amici_etal_2008","Isler_etal_2008"
"Rubens","Capuchin","Brown","Cebus apella","1v3",20,2936,"Amici_etal_2008","Isler_etal_2008"
"Sandokan","Capuchin","Brown","Cebus apella","1v3",16,2936,"Amici_etal_2008","Isler_etal_2008"
"Vispo","Capuchin","Brown","Cebus apella","1v3",9,2936,"Amici_etal_2008","Isler_etal_2008"
"Anastasi","Macaque","Long-tailed","Macaca fascicularis","1v3",33,4251,"Amici_etal_2008","Isler_etal_2008"
"Cleo","Macaque","Long-tailed","Macaca fascicularis","1v3",46,4251,"Amici_etal_2008","Isler_etal_2008"
"Cornea","Macaque","Long-tailed","Macaca fascicularis","1v3",6,4251,"Amici_etal_2008","Isler_etal_2008"
"Era ","Macaque","Long-tailed","Macaca fascicularis","1v3",19,4251,"Amici_etal_2008","Isler_etal_2008"
"Icetea","Macaque","Long-tailed","Macaca fascicularis","1v3",32,4251,"Amici_etal_2008","Isler_etal_2008"
"Linea","Macaque","Long-tailed","Macaca fascicularis","1v3",33,4251,"Amici_etal_2008","Isler_etal_2008"
"Logica","Macaque","Long-tailed","Macaca fascicularis","1v3",24,4251,"Amici_etal_2008","Isler_etal_2008"
"Ofelia","Macaque","Long-tailed","Macaca fascicularis","1v3",23,4251,"Amici_etal_2008","Isler_etal_2008"
"Salvador","Macaque","Long-tailed","Macaca fascicularis","1v3",9,4251,"Amici_etal_2008","Isler_etal_2008"
"Sea ","Macaque","Long-tailed","Macaca fascicularis","1v3",7,4251,"Amici_etal_2008","Isler_etal_2008"
"Video","Macaque","Long-tailed","Macaca fascicularis","1v3",39,4251,"Amici_etal_2008","Isler_etal_2008"
"Zargasso","Macaque","Long-tailed","Macaca fascicularis","1v3",21,4251,"Amici_etal_2008","Isler_etal_2008"
